dataset,missingness_type,missing_rate,imputation_method,n_seeds,root_mean_square_error,root_mean_square_error_std,root_mean_square_error_median,root_mean_square_error_q1,root_mean_square_error_q3,root_mean_square_error_ci_lower,root_mean_square_error_ci_upper,mean_absolute_error,mean_absolute_error_std,mean_absolute_error_median,mean_absolute_error_q1,mean_absolute_error_q3,mean_absolute_error_ci_lower,mean_absolute_error_ci_upper
air_quality_and_pollution,missing_completely_at_random,1,k_nearest_neighbors_imputation,1,0.06519117366482981,0.0,0.06519117366482981,0.06519117366482981,0.06519117366482981,0.06519117366482981,0.06519117366482981,0.00496564923141637,0.0,0.00496564923141637,0.00496564923141637,0.00496564923141637,0.00496564923141637,0.00496564923141637
air_quality_and_pollution,missing_completely_at_random,3,k_nearest_neighbors_imputation,1,0.11816568041422001,0.0,0.11816568041422001,0.11816568041422001,0.11816568041422001,0.11816568041422001,0.11816568041422001,0.01591158461275781,0.0,0.01591158461275781,0.01591158461275781,0.01591158461275781,0.01591158461275781,0.01591158461275781
air_quality_and_pollution,missing_completely_at_random,6,k_nearest_neighbors_imputation,1,0.1654091001527642,0.0,0.1654091001527642,0.1654091001527642,0.1654091001527642,0.1654091001527642,0.1654091001527642,0.03144544992661361,0.0,0.03144544992661361,0.03144544992661361,0.03144544992661361,0.03144544992661361,0.03144544992661361
air_quality_and_pollution,missing_completely_at_random,2,k_nearest_neighbors_imputation,1,0.09280280312079624,0.0,0.09280280312079624,0.09280280312079624,0.09280280312079624,0.09280280312079624,0.09280280312079624,0.010149303665021729,0.0,0.010149303665021729,0.010149303665021729,0.010149303665021729,0.010149303665021729,0.010149303665021729
air_quality_and_pollution,missing_completely_at_random,5,constant_imputation,1,0.21823029518488601,0.0,0.21823029518488601,0.21823029518488601,0.21823029518488601,0.21823029518488601,0.21823029518488601,0.038091580653852875,0.0,0.038091580653852875,0.038091580653852875,0.038091580653852875,0.038091580653852875,0.038091580653852875
air_quality_and_pollution,missing_completely_at_random,5,mean_imputation,1,0.21828505237589285,0.0,0.21828505237589285,0.21828505237589285,0.21828505237589285,0.21828505237589285,0.21828505237589285,0.03810777478571562,0.0,0.03810777478571562,0.03810777478571562,0.03810777478571562,0.03810777478571562,0.03810777478571562
air_quality_and_pollution,missing_completely_at_random,5,median_imputation,1,0.22200654235039974,0.0,0.22200654235039974,0.22200654235039974,0.22200654235039974,0.22200654235039974,0.22200654235039974,0.037145859605054184,0.0,0.037145859605054184,0.037145859605054184,0.037145859605054184,0.037145859605054184,0.037145859605054184
air_quality_and_pollution,missing_completely_at_random,5,k_nearest_neighbors_imputation,1,0.15042535893319106,0.0,0.15042535893319106,0.15042535893319106,0.15042535893319106,0.15042535893319106,0.15042535893319106,0.026141628642827593,0.0,0.026141628642827593,0.026141628642827593,0.026141628642827593,0.026141628642827593,0.026141628642827593
air_quality_and_pollution,missing_completely_at_random,5,mice_imputation,9,0.18944586136234065,0.018203089752941295,0.18976067571653535,0.18336003994951997,0.20552535848511944,0.1754537279477489,0.2034379947769324,0.029684674694345867,0.00399581155210651,0.029562787730299744,0.026267123159783766,0.03363223595568209,0.026613222040127803,0.03275612734856393
air_quality_and_pollution,missing_completely_at_random,5,random_forest_imputation,9,0.13784046630295388,0.012868892356544698,0.1374015908875375,0.1308392110967019,0.14773570488922325,0.12794855997305743,0.14773237263285033,0.021978592070829868,0.003083958401373252,0.02158064620598497,0.019668539209147917,0.0247362212544392,0.019608051795375087,0.02434913234628465
air_quality_and_pollution,missing_completely_at_random,5,gain_imputation,9,0.3166919723215569,0.034600752912776894,0.3125525168516531,0.28514249404516073,0.3425979015969606,0.29009547922220985,0.3432884654209039,0.05222845972174069,0.006951385661561611,0.05158673460574587,0.045523316132386055,0.05781793631872506,0.04688515169475402,0.05757176774872737
air_quality_and_pollution,missing_completely_at_random,5,tabcsdi_imputation,9,0.19250385846660995,0.012490933043291881,0.19141477488308278,0.1842713014556616,0.20280860110197654,0.1829024773831468,0.2021052395500731,0.03021460751066937,0.0036647273984098854,0.030529045514387645,0.027535279402014178,0.033429148005678075,0.0273976486656263,0.03303156635571244
air_quality_and_pollution,missing_completely_at_random,5,otimpute_imputation,9,0.17063172554934886,0.008663045421388274,0.17097059314318985,0.16147041748868357,0.17864627547932882,0.16397271936095456,0.17729073173774315,0.026897159870831647,0.002523254271393104,0.026005031748077695,0.025488570889919456,0.02993356638165465,0.02495761494283029,0.028836704798833004
air_quality_and_pollution,missing_completely_at_random,4,k_nearest_neighbors_imputation,1,0.13479882839271967,0.0,0.13479882839271967,0.13479882839271967,0.13479882839271967,0.13479882839271967,0.13479882839271967,0.02099899421199192,0.0,0.02099899421199192,0.02099899421199192,0.02099899421199192,0.02099899421199192,0.02099899421199192
air_quality_and_pollution,missing_completely_at_random,15,k_nearest_neighbors_imputation,1,0.26371622884931406,0.0,0.26371622884931406,0.26371622884931406,0.26371622884931406,0.26371622884931406,0.26371622884931406,0.07950873913312034,0.0,0.07950873913312034,0.07950873913312034,0.07950873913312034,0.07950873913312034,0.07950873913312034
air_quality_and_pollution,missing_completely_at_random,10,mean_imputation,1,0.3063803324892374,0.0,0.3063803324892374,0.3063803324892374,0.3063803324892374,0.3063803324892374,0.3063803324892374,0.07654647444303414,0.0,0.07654647444303414,0.07654647444303414,0.07654647444303414,0.07654647444303414,0.07654647444303414
air_quality_and_pollution,missing_completely_at_random,10,median_imputation,1,0.3110218948838149,0.0,0.3110218948838149,0.3110218948838149,0.3110218948838149,0.3110218948838149,0.3110218948838149,0.07455326656845394,0.0,0.07455326656845394,0.07455326656845394,0.07455326656845394,0.07455326656845394,0.07455326656845394
air_quality_and_pollution,missing_completely_at_random,10,constant_imputation,1,0.3063155343041641,0.0,0.3063155343041641,0.3063155343041641,0.3063155343041641,0.3063155343041641,0.3063155343041641,0.07645108193175862,0.0,0.07645108193175862,0.07645108193175862,0.07645108193175862,0.07645108193175862,0.07645108193175862
air_quality_and_pollution,missing_completely_at_random,10,k_nearest_neighbors_imputation,1,0.2129700887642967,0.0,0.2129700887642967,0.2129700887642967,0.2129700887642967,0.2129700887642967,0.2129700887642967,0.0525470599196216,0.0,0.0525470599196216,0.0525470599196216,0.0525470599196216,0.0525470599196216,0.0525470599196216
air_quality_and_pollution,missing_completely_at_random,10,mice_imputation,9,0.27243761155835566,0.019217017254378268,0.27267589184370816,0.26872015333946037,0.29082451057130837,0.2576661044733936,0.2872091186433177,0.06023502984048845,0.0067232727819228795,0.059642247232416574,0.05608934909578228,0.06696923396755437,0.055067064894748524,0.06540299478622838
air_quality_and_pollution,missing_completely_at_random,10,random_forest_imputation,9,0.1992287890250205,0.014192397248690536,0.19538451540197482,0.19111142521311453,0.21256725286919068,0.1883195467770403,0.2101380312730007,0.0447062548282959,0.005408660502644259,0.04373178569091314,0.04090062626289231,0.05016448041877194,0.04054879033329153,0.04886371932330027
air_quality_and_pollution,missing_completely_at_random,10,gain_imputation,9,0.44907130310496346,0.04625242280805763,0.44596252775088263,0.40222532335803235,0.4792062633307511,0.41351854368543267,0.48462406252449425,0.10540500965305978,0.01364125538226327,0.1051383440661644,0.09033161084504444,0.11401514711747533,0.0949194125461014,0.11589060676001817
air_quality_and_pollution,missing_completely_at_random,10,tabcsdi_imputation,9,0.2751409528317963,0.012711083160694329,0.27797237022427335,0.2730754782284445,0.28117792456073165,0.2653703493879679,0.2849115562756247,0.0616937712732325,0.005214768054684937,0.062424954685504325,0.05791690133775952,0.06542090800187145,0.05768534570715449,0.06570219683931051
air_quality_and_pollution,missing_completely_at_random,10,otimpute_imputation,9,0.24319407209397076,0.01180662211393398,0.24543150451595414,0.23866597381247184,0.2505790515562391,0.23411869895479587,0.25226944523314565,0.05449054530662134,0.004547034892196933,0.05283643448280524,0.052591252477068653,0.059390556465347494,0.05099538488518009,0.057985705728062595
air_quality_and_pollution,missing_completely_at_random,8,k_nearest_neighbors_imputation,1,0.1905190627422562,0.0,0.1905190627422562,0.1905190627422562,0.1905190627422562,0.1905190627422562,0.1905190627422562,0.04203327089838577,0.0,0.04203327089838577,0.04203327089838577,0.04203327089838577,0.04203327089838577,0.04203327089838577
air_quality_and_pollution,missing_completely_at_random,20,k_nearest_neighbors_imputation,1,0.3069146127455736,0.0,0.3069146127455736,0.3069146127455736,0.3069146127455736,0.3069146127455736,0.3069146127455736,0.10635578756115181,0.0,0.10635578756115181,0.10635578756115181,0.10635578756115181,0.10635578756115181,0.10635578756115181
air_quality_and_pollution,missing_completely_at_random,25,constant_imputation,1,0.4960390274438932,0.0,0.4960390274438932,0.4960390274438932,0.4960390274438932,0.4960390274438932,0.4960390274438932,0.19315517613705618,0.0,0.19315517613705618,0.19315517613705618,0.19315517613705618,0.19315517613705618,0.19315517613705618
air_quality_and_pollution,missing_completely_at_random,25,mean_imputation,1,0.496301882079124,0.0,0.496301882079124,0.496301882079124,0.496301882079124,0.496301882079124,0.496301882079124,0.19369866439658776,0.0,0.19369866439658776,0.19369866439658776,0.19369866439658776,0.19369866439658776,0.19369866439658776
air_quality_and_pollution,missing_completely_at_random,25,median_imputation,1,0.5031896918860428,0.0,0.5031896918860428,0.5031896918860428,0.5031896918860428,0.5031896918860428,0.5031896918860428,0.18848254884743454,0.0,0.18848254884743454,0.18848254884743454,0.18848254884743454,0.18848254884743454,0.18848254884743454
air_quality_and_pollution,missing_completely_at_random,25,k_nearest_neighbors_imputation,1,0.3435142862696091,0.0,0.3435142862696091,0.3435142862696091,0.3435142862696091,0.3435142862696091,0.3435142862696091,0.13223879667759045,0.0,0.13223879667759045,0.13223879667759045,0.13223879667759045,0.13223879667759045,0.13223879667759045
air_quality_and_pollution,missing_completely_at_random,25,mice_imputation,9,0.44945000785158107,0.025435823838636285,0.4555038449350491,0.431851325549388,0.46854861841010714,0.42989830286684105,0.4690017128363211,0.15825039315139394,0.011775858519656986,0.16269855844033224,0.14903989569066922,0.16749346463850123,0.1491986670040912,0.16730211929869668
air_quality_and_pollution,missing_completely_at_random,25,random_forest_imputation,9,0.36695656789054115,0.0165235432262212,0.37010319661425134,0.3648215609349491,0.3762099326316234,0.3542554482212442,0.3796576875598381,0.12927677487585096,0.009077969240228289,0.12730116692129853,0.11981353868333541,0.1375618742637854,0.12229883000677674,0.13625471974492517
air_quality_and_pollution,missing_completely_at_random,25,gain_imputation,9,0.6608635813642785,0.07310409255328898,0.6873679353640415,0.6196484059237262,0.7090928674164096,0.6046708014548676,0.7170563612736893,0.2386112906667848,0.03324239648835196,0.24682946485889135,0.2241380178850509,0.25687470050309824,0.21305892274470611,0.2641636585888635
air_quality_and_pollution,missing_completely_at_random,25,tabcsdi_imputation,9,0.4736328339157244,0.025289427316945712,0.46473883507498104,0.4568772612232135,0.494647400127697,0.4541936592591171,0.49307200857233174,0.16950650908599885,0.00923035882566623,0.1690190306357676,0.16433437210021476,0.17373357123995867,0.1624114272121973,0.17660159095980038
air_quality_and_pollution,missing_completely_at_random,25,otimpute_imputation,9,0.40566868498316844,0.01673362104602735,0.40835498696501776,0.39263413475829134,0.4152999881397582,0.39280608520680893,0.41853128475952794,0.1457180374230501,0.007518417756790564,0.1439597015345188,0.14046623117936535,0.1518422406531256,0.13993886994393293,0.15149720490216725
air_quality_and_pollution,missing_completely_at_random,30,k_nearest_neighbors_imputation,1,0.37884522944757754,0.0,0.37884522944757754,0.37884522944757754,0.37884522944757754,0.37884522944757754,0.37884522944757754,0.15956828805396747,0.0,0.15956828805396747,0.15956828805396747,0.15956828805396747,0.15956828805396747,0.15956828805396747
air_quality_and_pollution,missing_completely_at_random,40,k_nearest_neighbors_imputation,1,0.46572820598191633,0.0,0.46572820598191633,0.46572820598191633,0.46572820598191633,0.46572820598191633,0.46572820598191633,0.2261571755926503,0.0,0.2261571755926503,0.2261571755926503,0.2261571755926503,0.2261571755926503,0.2261571755926503
air_quality_and_pollution,missing_at_random,6,k_nearest_neighbors_imputation,1,0.11900645818806929,0.0,0.11900645818806929,0.11900645818806929,0.11900645818806929,0.11900645818806929,0.11900645818806929,0.020563102386624336,0.0,0.020563102386624336,0.020563102386624336,0.020563102386624336,0.020563102386624336,0.020563102386624336
air_quality_and_pollution,missing_at_random,8,k_nearest_neighbors_imputation,1,0.13852202561562738,0.0,0.13852202561562738,0.13852202561562738,0.13852202561562738,0.13852202561562738,0.13852202561562738,0.027902631930837682,0.0,0.027902631930837682,0.027902631930837682,0.027902631930837682,0.027902631930837682,0.027902631930837682
air_quality_and_pollution,missing_at_random,5,constant_imputation,1,0.21001184067495213,0.0,0.21001184067495213,0.21001184067495213,0.21001184067495213,0.21001184067495213,0.21001184067495213,0.042056266206934326,0.0,0.042056266206934326,0.042056266206934326,0.042056266206934326,0.042056266206934326,0.042056266206934326
air_quality_and_pollution,missing_at_random,5,mean_imputation,1,0.22399090123194593,0.0,0.22399090123194593,0.22399090123194593,0.22399090123194593,0.22399090123194593,0.22399090123194593,0.04530664076676407,0.0,0.04530664076676407,0.04530664076676407,0.04530664076676407,0.04530664076676407,0.04530664076676407
air_quality_and_pollution,missing_at_random,5,median_imputation,1,0.21474687334952583,0.0,0.21474687334952583,0.21474687334952583,0.21474687334952583,0.21474687334952583,0.21474687334952583,0.041225221663374535,0.0,0.041225221663374535,0.041225221663374535,0.041225221663374535,0.041225221663374535,0.041225221663374535
air_quality_and_pollution,missing_at_random,5,k_nearest_neighbors_imputation,1,0.10795309056507124,0.0,0.10795309056507124,0.10795309056507124,0.10795309056507124,0.10795309056507124,0.10795309056507124,0.01701899701082188,0.0,0.01701899701082188,0.01701899701082188,0.01701899701082188,0.01701899701082188,0.01701899701082188
air_quality_and_pollution,missing_at_random,5,mice_imputation,1,0.14495208776042628,0.0,0.14495208776042628,0.14495208776042628,0.14495208776042628,0.14495208776042628,0.14495208776042628,0.0215263287948598,0.0,0.0215263287948598,0.0215263287948598,0.0215263287948598,0.0215263287948598,0.0215263287948598
air_quality_and_pollution,missing_at_random,5,random_forest_imputation,1,0.11416018956953977,0.0,0.11416018956953977,0.11416018956953977,0.11416018956953977,0.11416018956953977,0.11416018956953977,0.017515381695816064,0.0,0.017515381695816064,0.017515381695816064,0.017515381695816064,0.017515381695816064,0.017515381695816064
air_quality_and_pollution,missing_at_random,5,gain_imputation,1,0.2754267411781862,0.0,0.2754267411781862,0.2754267411781862,0.2754267411781862,0.2754267411781862,0.2754267411781862,0.046499068000506766,0.0,0.046499068000506766,0.046499068000506766,0.046499068000506766,0.046499068000506766,0.046499068000506766
air_quality_and_pollution,missing_at_random,5,tabcsdi_imputation,1,0.1523905255661457,0.0,0.1523905255661457,0.1523905255661457,0.1523905255661457,0.1523905255661457,0.1523905255661457,0.022577248827369435,0.0,0.022577248827369435,0.022577248827369435,0.022577248827369435,0.022577248827369435,0.022577248827369435
air_quality_and_pollution,missing_at_random,5,otimpute_imputation,1,0.136754181876866,0.0,0.136754181876866,0.136754181876866,0.136754181876866,0.136754181876866,0.136754181876866,0.02273365402204459,0.0,0.02273365402204459,0.02273365402204459,0.02273365402204459,0.02273365402204459,0.02273365402204459
air_quality_and_pollution,missing_at_random,4,k_nearest_neighbors_imputation,1,0.09673521126758997,0.0,0.09673521126758997,0.09673521126758997,0.09673521126758997,0.09673521126758997,0.09673521126758997,0.013669945208412183,0.0,0.013669945208412183,0.013669945208412183,0.013669945208412183,0.013669945208412183,0.013669945208412183
air_quality_and_pollution,missing_at_random,15,k_nearest_neighbors_imputation,1,0.20182067506919174,0.0,0.20182067506919174,0.20182067506919174,0.20182067506919174,0.20182067506919174,0.20182067506919174,0.056630935517054136,0.0,0.056630935517054136,0.056630935517054136,0.056630935517054136,0.056630935517054136,0.056630935517054136
air_quality_and_pollution,missing_at_random,1,k_nearest_neighbors_imputation,1,0.04548514120565308,0.0,0.04548514120565308,0.04548514120565308,0.04548514120565308,0.04548514120565308,0.04548514120565308,0.0032893761445553474,0.0,0.0032893761445553474,0.0032893761445553474,0.0032893761445553474,0.0032893761445553474,0.0032893761445553474
air_quality_and_pollution,missing_at_random,10,constant_imputation,1,0.2882482581696569,0.0,0.2882482581696569,0.2882482581696569,0.2882482581696569,0.2882482581696569,0.2882482581696569,0.08089477475548335,0.0,0.08089477475548335,0.08089477475548335,0.08089477475548335,0.08089477475548335,0.08089477475548335
air_quality_and_pollution,missing_at_random,10,mean_imputation,1,0.326172756901737,0.0,0.326172756901737,0.326172756901737,0.326172756901737,0.326172756901737,0.326172756901737,0.09306191463208217,0.0,0.09306191463208217,0.09306191463208217,0.09306191463208217,0.09306191463208217,0.09306191463208217
air_quality_and_pollution,missing_at_random,10,median_imputation,1,0.3188297137074588,0.0,0.3188297137074588,0.3188297137074588,0.3188297137074588,0.3188297137074588,0.3188297137074588,0.08657117238268242,0.0,0.08657117238268242,0.08657117238268242,0.08657117238268242,0.08657117238268242,0.08657117238268242
air_quality_and_pollution,missing_at_random,10,k_nearest_neighbors_imputation,1,0.15714778149406253,0.0,0.15714778149406253,0.15714778149406253,0.15714778149406253,0.15714778149406253,0.15714778149406253,0.0356744588092298,0.0,0.0356744588092298,0.0356744588092298,0.0356744588092298,0.0356744588092298,0.0356744588092298
air_quality_and_pollution,missing_at_random,10,mice_imputation,1,0.210969816663277,0.0,0.210969816663277,0.210969816663277,0.210969816663277,0.210969816663277,0.210969816663277,0.044777444043425506,0.0,0.044777444043425506,0.044777444043425506,0.044777444043425506,0.044777444043425506,0.044777444043425506
air_quality_and_pollution,missing_at_random,10,random_forest_imputation,1,0.16475908325128125,0.0,0.16475908325128125,0.16475908325128125,0.16475908325128125,0.16475908325128125,0.16475908325128125,0.035704779285905375,0.0,0.035704779285905375,0.035704779285905375,0.035704779285905375,0.035704779285905375,0.035704779285905375
air_quality_and_pollution,missing_at_random,10,gain_imputation,1,0.36102409881699477,0.0,0.36102409881699477,0.36102409881699477,0.36102409881699477,0.36102409881699477,0.36102409881699477,0.08299745456103864,0.0,0.08299745456103864,0.08299745456103864,0.08299745456103864,0.08299745456103864,0.08299745456103864
air_quality_and_pollution,missing_at_random,10,tabcsdi_imputation,1,0.24793905414310508,0.0,0.24793905414310508,0.24793905414310508,0.24793905414310508,0.24793905414310508,0.24793905414310508,0.05121000201574349,0.0,0.05121000201574349,0.05121000201574349,0.05121000201574349,0.05121000201574349,0.05121000201574349
air_quality_and_pollution,missing_at_random,10,otimpute_imputation,1,0.22025435027411325,0.0,0.22025435027411325,0.22025435027411325,0.22025435027411325,0.22025435027411325,0.22025435027411325,0.05624625711867302,0.0,0.05624625711867302,0.05624625711867302,0.05624625711867302,0.05624625711867302,0.05624625711867302
air_quality_and_pollution,missing_at_random,30,k_nearest_neighbors_imputation,1,0.3995705375997205,0.0,0.3995705375997205,0.3995705375997205,0.3995705375997205,0.3995705375997205,0.3995705375997205,0.1749769852667845,0.0,0.1749769852667845,0.1749769852667845,0.1749769852667845,0.1749769852667845,0.1749769852667845
air_quality_and_pollution,missing_at_random,25,constant_imputation,1,0.44468599759182786,0.0,0.44468599759182786,0.44468599759182786,0.44468599759182786,0.44468599759182786,0.44468599759182786,0.19234907231154502,0.0,0.19234907231154502,0.19234907231154502,0.19234907231154502,0.19234907231154502,0.19234907231154502
air_quality_and_pollution,missing_at_random,25,mean_imputation,1,0.6011007460701314,0.0,0.6011007460701314,0.6011007460701314,0.6011007460701314,0.6011007460701314,0.6011007460701314,0.2664110619726794,0.0,0.2664110619726794,0.2664110619726794,0.2664110619726794,0.2664110619726794,0.2664110619726794
air_quality_and_pollution,missing_at_random,25,median_imputation,1,0.5810851104149023,0.0,0.5810851104149023,0.5810851104149023,0.5810851104149023,0.5810851104149023,0.5810851104149023,0.24887897525721495,0.0,0.24887897525721495,0.24887897525721495,0.24887897525721495,0.24887897525721495,0.24887897525721495
air_quality_and_pollution,missing_at_random,25,k_nearest_neighbors_imputation,1,0.3059770117530973,0.0,0.3059770117530973,0.3059770117530973,0.3059770117530973,0.3059770117530973,0.3059770117530973,0.11580787742214078,0.0,0.11580787742214078,0.11580787742214078,0.11580787742214078,0.11580787742214078,0.11580787742214078
air_quality_and_pollution,missing_at_random,25,mice_imputation,1,0.387055720895386,0.0,0.387055720895386,0.387055720895386,0.387055720895386,0.387055720895386,0.387055720895386,0.13386257265941173,0.0,0.13386257265941173,0.13386257265941173,0.13386257265941173,0.13386257265941173,0.13386257265941173
air_quality_and_pollution,missing_at_random,25,random_forest_imputation,1,0.3068946573165961,0.0,0.3068946573165961,0.3068946573165961,0.3068946573165961,0.3068946573165961,0.3068946573165961,0.11127373426370547,0.0,0.11127373426370547,0.11127373426370547,0.11127373426370547,0.11127373426370547,0.11127373426370547
air_quality_and_pollution,missing_at_random,25,gain_imputation,1,0.6289337322976115,0.0,0.6289337322976115,0.6289337322976115,0.6289337322976115,0.6289337322976115,0.6289337322976115,0.2310653825421316,0.0,0.2310653825421316,0.2310653825421316,0.2310653825421316,0.2310653825421316,0.2310653825421316
air_quality_and_pollution,missing_at_random,25,tabcsdi_imputation,1,0.44434185133657916,0.0,0.44434185133657916,0.44434185133657916,0.44434185133657916,0.44434185133657916,0.44434185133657916,0.16269973177054614,0.0,0.16269973177054614,0.16269973177054614,0.16269973177054614,0.16269973177054614,0.16269973177054614
air_quality_and_pollution,missing_at_random,25,otimpute_imputation,1,0.502461172850072,0.0,0.502461172850072,0.502461172850072,0.502461172850072,0.502461172850072,0.502461172850072,0.21333592354480094,0.0,0.21333592354480094,0.21333592354480094,0.21333592354480094,0.21333592354480094,0.21333592354480094
air_quality_and_pollution,missing_at_random,20,k_nearest_neighbors_imputation,1,0.24992682860046986,0.0,0.24992682860046986,0.24992682860046986,0.24992682860046986,0.24992682860046986,0.24992682860046986,0.08184155619250544,0.0,0.08184155619250544,0.08184155619250544,0.08184155619250544,0.08184155619250544,0.08184155619250544
air_quality_and_pollution,missing_at_random,2,k_nearest_neighbors_imputation,1,0.06879095878895246,0.0,0.06879095878895246,0.06879095878895246,0.06879095878895246,0.06879095878895246,0.06879095878895246,0.00686681761697893,0.0,0.00686681761697893,0.00686681761697893,0.00686681761697893,0.00686681761697893,0.00686681761697893
air_quality_and_pollution,missing_at_random,3,k_nearest_neighbors_imputation,1,0.08256538599401812,0.0,0.08256538599401812,0.08256538599401812,0.08256538599401812,0.08256538599401812,0.08256538599401812,0.010254005484558218,0.0,0.010254005484558218,0.010254005484558218,0.010254005484558218,0.010254005484558218,0.010254005484558218
air_quality_and_pollution,missing_at_random,40,k_nearest_neighbors_imputation,1,0.5992582968580997,0.0,0.5992582968580997,0.5992582968580997,0.5992582968580997,0.5992582968580997,0.5992582968580997,0.3150379217304881,0.0,0.3150379217304881,0.3150379217304881,0.3150379217304881,0.3150379217304881,0.3150379217304881
air_quality_and_pollution,missing_not_at_random,1,k_nearest_neighbors_imputation,1,0.11315769069121386,0.0,0.11315769069121386,0.11315769069121386,0.11315769069121386,0.11315769069121386,0.11315769069121386,0.01025935041078834,0.0,0.01025935041078834,0.01025935041078834,0.01025935041078834,0.01025935041078834,0.01025935041078834
air_quality_and_pollution,missing_not_at_random,2,k_nearest_neighbors_imputation,1,0.15609044070775138,0.0,0.15609044070775138,0.15609044070775138,0.15609044070775138,0.15609044070775138,0.15609044070775138,0.01997218161578022,0.0,0.01997218161578022,0.01997218161578022,0.01997218161578022,0.01997218161578022,0.01997218161578022
air_quality_and_pollution,missing_not_at_random,3,k_nearest_neighbors_imputation,1,0.18849935760747713,0.0,0.18849935760747713,0.18849935760747713,0.18849935760747713,0.18849935760747713,0.18849935760747713,0.029411366525938013,0.0,0.029411366525938013,0.029411366525938013,0.029411366525938013,0.029411366525938013,0.029411366525938013
air_quality_and_pollution,missing_not_at_random,4,k_nearest_neighbors_imputation,1,0.216354993558782,0.0,0.216354993558782,0.216354993558782,0.216354993558782,0.216354993558782,0.216354993558782,0.03878707409814025,0.0,0.03878707409814025,0.03878707409814025,0.03878707409814025,0.03878707409814025,0.03878707409814025
air_quality_and_pollution,missing_not_at_random,5,constant_imputation,1,0.29538473902428886,0.0,0.29538473902428886,0.29538473902428886,0.29538473902428886,0.29538473902428886,0.29538473902428886,0.0637714509574944,0.0,0.0637714509574944,0.0637714509574944,0.0637714509574944,0.0637714509574944,0.0637714509574944
air_quality_and_pollution,missing_not_at_random,5,mean_imputation,1,0.3321935820975997,0.0,0.3321935820975997,0.3321935820975997,0.3321935820975997,0.3321935820975997,0.3321935820975997,0.07184706056500045,0.0,0.07184706056500045,0.07184706056500045,0.07184706056500045,0.07184706056500045,0.07184706056500045
air_quality_and_pollution,missing_not_at_random,5,median_imputation,1,0.3152910151979278,0.0,0.3152910151979278,0.3152910151979278,0.3152910151979278,0.3152910151979278,0.3152910151979278,0.0658632056582396,0.0,0.0658632056582396,0.0658632056582396,0.0658632056582396,0.0658632056582396,0.0658632056582396
air_quality_and_pollution,missing_not_at_random,5,k_nearest_neighbors_imputation,1,0.2093499791996999,0.0,0.2093499791996999,0.2093499791996999,0.2093499791996999,0.2093499791996999,0.2093499791996999,0.04161895716140878,0.0,0.04161895716140878,0.04161895716140878,0.04161895716140878,0.04161895716140878,0.04161895716140878
air_quality_and_pollution,missing_not_at_random,5,mice_imputation,1,0.23046370441562367,0.0,0.23046370441562367,0.23046370441562367,0.23046370441562367,0.23046370441562367,0.23046370441562367,0.03925423997950653,0.0,0.03925423997950653,0.03925423997950653,0.03925423997950653,0.03925423997950653,0.03925423997950653
air_quality_and_pollution,missing_not_at_random,5,random_forest_imputation,1,0.21088733532002002,0.0,0.21088733532002002,0.21088733532002002,0.21088733532002002,0.21088733532002002,0.21088733532002002,0.03990357825316472,0.0,0.03990357825316472,0.03990357825316472,0.03990357825316472,0.03990357825316472,0.03990357825316472
air_quality_and_pollution,missing_not_at_random,5,gain_imputation,1,0.2526855893172867,0.0,0.2526855893172867,0.2526855893172867,0.2526855893172867,0.2526855893172867,0.2526855893172867,0.04262179416947747,0.0,0.04262179416947747,0.04262179416947747,0.04262179416947747,0.04262179416947747,0.04262179416947747
air_quality_and_pollution,missing_not_at_random,5,tabcsdi_imputation,1,0.236477005099358,0.0,0.236477005099358,0.236477005099358,0.236477005099358,0.236477005099358,0.236477005099358,0.040794944410412176,0.0,0.040794944410412176,0.040794944410412176,0.040794944410412176,0.040794944410412176,0.040794944410412176
air_quality_and_pollution,missing_not_at_random,5,otimpute_imputation,1,0.2499725973165244,0.0,0.2499725973165244,0.2499725973165244,0.2499725973165244,0.2499725973165244,0.2499725973165244,0.05040662482802325,0.0,0.05040662482802325,0.05040662482802325,0.05040662482802325,0.05040662482802325,0.05040662482802325
air_quality_and_pollution,missing_not_at_random,10,constant_imputation,1,0.37419106979065303,0.0,0.37419106979065303,0.37419106979065303,0.37419106979065303,0.37419106979065303,0.37419106979065303,0.11291211518813667,0.0,0.11291211518813667,0.11291211518813667,0.11291211518813667,0.11291211518813667,0.11291211518813667
air_quality_and_pollution,missing_not_at_random,10,median_imputation,1,0.43041582839939296,0.0,0.43041582839939296,0.43041582839939296,0.43041582839939296,0.43041582839939296,0.43041582839939296,0.12710517143752317,0.0,0.12710517143752317,0.12710517143752317,0.12710517143752317,0.12710517143752317,0.12710517143752317
air_quality_and_pollution,missing_not_at_random,10,mean_imputation,1,0.47788728932155655,0.0,0.47788728932155655,0.47788728932155655,0.47788728932155655,0.47788728932155655,0.47788728932155655,0.1456930518556602,0.0,0.1456930518556602,0.1456930518556602,0.1456930518556602,0.1456930518556602,0.1456930518556602
air_quality_and_pollution,missing_not_at_random,10,k_nearest_neighbors_imputation,1,0.3425197631112321,0.0,0.3425197631112321,0.3425197631112321,0.3425197631112321,0.3425197631112321,0.3425197631112321,0.09616979734181788,0.0,0.09616979734181788,0.09616979734181788,0.09616979734181788,0.09616979734181788,0.09616979734181788
air_quality_and_pollution,missing_not_at_random,10,mice_imputation,1,0.36375209661443086,0.0,0.36375209661443086,0.36375209661443086,0.36375209661443086,0.36375209661443086,0.36375209661443086,0.09256141199865421,0.0,0.09256141199865421,0.09256141199865421,0.09256141199865421,0.09256141199865421,0.09256141199865421
air_quality_and_pollution,missing_not_at_random,10,random_forest_imputation,1,0.34571322183440245,0.0,0.34571322183440245,0.34571322183440245,0.34571322183440245,0.34571322183440245,0.34571322183440245,0.09328889518913755,0.0,0.09328889518913755,0.09328889518913755,0.09328889518913755,0.09328889518913755,0.09328889518913755
air_quality_and_pollution,missing_not_at_random,10,gain_imputation,1,0.41769608287212046,0.0,0.41769608287212046,0.41769608287212046,0.41769608287212046,0.41769608287212046,0.41769608287212046,0.10168825458874543,0.0,0.10168825458874543,0.10168825458874543,0.10168825458874543,0.10168825458874543,0.10168825458874543
air_quality_and_pollution,missing_not_at_random,10,tabcsdi_imputation,1,0.3715893918303584,0.0,0.3715893918303584,0.3715893918303584,0.3715893918303584,0.3715893918303584,0.3715893918303584,0.09548064095201084,0.0,0.09548064095201084,0.09548064095201084,0.09548064095201084,0.09548064095201084,0.09548064095201084
air_quality_and_pollution,missing_not_at_random,10,otimpute_imputation,1,0.39257330292259657,0.0,0.39257330292259657,0.39257330292259657,0.39257330292259657,0.39257330292259657,0.39257330292259657,0.11291804519607716,0.0,0.11291804519607716,0.11291804519607716,0.11291804519607716,0.11291804519607716,0.11291804519607716
air_quality_and_pollution,missing_not_at_random,15,k_nearest_neighbors_imputation,1,0.42662707925767074,0.0,0.42662707925767074,0.42662707925767074,0.42662707925767074,0.42662707925767074,0.42662707925767074,0.14634869706155582,0.0,0.14634869706155582,0.14634869706155582,0.14634869706155582,0.14634869706155582,0.14634869706155582
air_quality_and_pollution,missing_not_at_random,8,k_nearest_neighbors_imputation,1,0.3055692682209695,0.0,0.3055692682209695,0.3055692682209695,0.3055692682209695,0.3055692682209695,0.3055692682209695,0.07691208521437198,0.0,0.07691208521437198,0.07691208521437198,0.07691208521437198,0.07691208521437198,0.07691208521437198
air_quality_and_pollution,missing_not_at_random,6,k_nearest_neighbors_imputation,1,0.26405452435599625,0.0,0.26405452435599625,0.26405452435599625,0.26405452435599625,0.26405452435599625,0.26405452435599625,0.057678908976307945,0.0,0.057678908976307945,0.057678908976307945,0.057678908976307945,0.057678908976307945,0.057678908976307945
air_quality_and_pollution,missing_not_at_random,25,constant_imputation,1,0.4130461246191463,0.0,0.4130461246191463,0.4130461246191463,0.4130461246191463,0.4130461246191463,0.4130461246191463,0.17161547269040273,0.0,0.17161547269040273,0.17161547269040273,0.17161547269040273,0.17161547269040273,0.17161547269040273
air_quality_and_pollution,missing_not_at_random,25,mean_imputation,1,0.813040181544167,0.0,0.813040181544167,0.813040181544167,0.813040181544167,0.813040181544167,0.813040181544167,0.3879078111273784,0.0,0.3879078111273784,0.3879078111273784,0.3879078111273784,0.3879078111273784,0.3879078111273784
air_quality_and_pollution,missing_not_at_random,25,median_imputation,1,0.713351244379766,0.0,0.713351244379766,0.713351244379766,0.713351244379766,0.713351244379766,0.713351244379766,0.33211124544082987,0.0,0.33211124544082987,0.33211124544082987,0.33211124544082987,0.33211124544082987,0.33211124544082987
air_quality_and_pollution,missing_not_at_random,25,mice_imputation,1,0.6139209804869935,0.0,0.6139209804869935,0.6139209804869935,0.6139209804869935,0.6139209804869935,0.6139209804869935,0.26220895006209655,0.0,0.26220895006209655,0.26220895006209655,0.26220895006209655,0.26220895006209655,0.26220895006209655
air_quality_and_pollution,missing_not_at_random,25,k_nearest_neighbors_imputation,1,0.6005439807155996,0.0,0.6005439807155996,0.6005439807155996,0.6005439807155996,0.6005439807155996,0.6005439807155996,0.26836285728627557,0.0,0.26836285728627557,0.26836285728627557,0.26836285728627557,0.26836285728627557,0.26836285728627557
air_quality_and_pollution,missing_not_at_random,25,random_forest_imputation,1,0.6033627197067458,0.0,0.6033627197067458,0.6033627197067458,0.6033627197067458,0.6033627197067458,0.6033627197067458,0.26306847442408104,0.0,0.26306847442408104,0.26306847442408104,0.26306847442408104,0.26306847442408104,0.26306847442408104
air_quality_and_pollution,missing_not_at_random,25,gain_imputation,1,0.7097135367339894,0.0,0.7097135367339894,0.7097135367339894,0.7097135367339894,0.7097135367339894,0.7097135367339894,0.2938679198192316,0.0,0.2938679198192316,0.2938679198192316,0.2938679198192316,0.2938679198192316,0.2938679198192316
air_quality_and_pollution,missing_not_at_random,25,tabcsdi_imputation,1,0.6589298118876616,0.0,0.6589298118876616,0.6589298118876616,0.6589298118876616,0.6589298118876616,0.6589298118876616,0.29145733986087546,0.0,0.29145733986087546,0.29145733986087546,0.29145733986087546,0.29145733986087546,0.29145733986087546
air_quality_and_pollution,missing_not_at_random,25,otimpute_imputation,1,0.6899399988805561,0.0,0.6899399988805561,0.6899399988805561,0.6899399988805561,0.6899399988805561,0.6899399988805561,0.3197305181445401,0.0,0.3197305181445401,0.3197305181445401,0.3197305181445401,0.3197305181445401,0.3197305181445401
air_quality_and_pollution,missing_not_at_random,30,k_nearest_neighbors_imputation,1,0.7173520272192635,0.0,0.7173520272192635,0.7173520272192635,0.7173520272192635,0.7173520272192635,0.7173520272192635,0.3549432089117408,0.0,0.3549432089117408,0.3549432089117408,0.3549432089117408,0.3549432089117408,0.3549432089117408
air_quality_and_pollution,missing_not_at_random,20,k_nearest_neighbors_imputation,1,0.5106242471138318,0.0,0.5106242471138318,0.5106242471138318,0.5106242471138318,0.5106242471138318,0.5106242471138318,0.20301598943165014,0.0,0.20301598943165014,0.20301598943165014,0.20301598943165014,0.20301598943165014,0.20301598943165014
air_quality_and_pollution,missing_not_at_random,40,k_nearest_neighbors_imputation,1,1.3167189326491195,0.0,1.3167189326491195,1.3167189326491195,1.3167189326491195,1.3167189326491195,1.3167189326491195,0.7800357688360116,0.0,0.7800357688360116,0.7800357688360116,0.7800357688360116,0.7800357688360116,0.7800357688360116
treasury,missing_completely_at_random,1,k_nearest_neighbors_imputation,1,0.00982192704874956,0.0,0.00982192704874956,0.00982192704874956,0.00982192704874956,0.00982192704874956,0.00982192704874956,0.000561633954009026,0.0,0.000561633954009026,0.000561633954009026,0.000561633954009026,0.000561633954009026,0.000561633954009026
treasury,missing_completely_at_random,2,k_nearest_neighbors_imputation,1,0.012561263394033193,0.0,0.012561263394033193,0.012561263394033193,0.012561263394033193,0.012561263394033193,0.012561263394033193,0.0010809715715775546,0.0,0.0010809715715775546,0.0010809715715775546,0.0010809715715775546,0.0010809715715775546,0.0010809715715775546
treasury,missing_completely_at_random,3,k_nearest_neighbors_imputation,1,0.01600632002861336,0.0,0.01600632002861336,0.01600632002861336,0.01600632002861336,0.01600632002861336,0.01600632002861336,0.0016389230620132021,0.0,0.0016389230620132021,0.0016389230620132021,0.0016389230620132021,0.0016389230620132021,0.0016389230620132021
treasury,missing_completely_at_random,5,constant_imputation,1,0.22326222130628473,0.0,0.22326222130628473,0.22326222130628473,0.22326222130628473,0.22326222130628473,0.22326222130628473,0.041505588190796715,0.0,0.041505588190796715,0.041505588190796715,0.041505588190796715,0.041505588190796715,0.041505588190796715
treasury,missing_completely_at_random,5,mean_imputation,1,0.2233213801867174,0.0,0.2233213801867174,0.2233213801867174,0.2233213801867174,0.2233213801867174,0.2233213801867174,0.04151747870093533,0.0,0.04151747870093533,0.04151747870093533,0.04151747870093533,0.04151747870093533,0.04151747870093533
treasury,missing_completely_at_random,5,median_imputation,1,0.22921651387690048,0.0,0.22921651387690048,0.22921651387690048,0.22921651387690048,0.22921651387690048,0.22921651387690048,0.04060969847033377,0.0,0.04060969847033377,0.04060969847033377,0.04060969847033377,0.04060969847033377,0.04060969847033377
treasury,missing_completely_at_random,5,k_nearest_neighbors_imputation,1,0.019590965815550702,0.0,0.019590965815550702,0.019590965815550702,0.019590965815550702,0.019590965815550702,0.019590965815550702,0.002722617782179533,0.0,0.002722617782179533,0.002722617782179533,0.002722617782179533,0.002722617782179533,0.002722617782179533
treasury,missing_completely_at_random,5,mice_imputation,9,0.04859601191496964,0.014936992321024056,0.05671931369552994,0.03348034066904271,0.05886763850823198,0.03711442322837153,0.060077600601567756,0.005221674511742273,0.0015253497068236288,0.005736959482921487,0.0037540514102597676,0.0063484535396662704,0.004049186934553022,0.006394162088931523
treasury,missing_completely_at_random,5,random_forest_imputation,9,0.012487675312244824,0.0034454014392266627,0.013887790380958283,0.0091354436058611,0.014913168851788023,0.009839305323479802,0.015136045301009846,0.0012768549852964083,0.00024831602905874787,0.0012917722764291706,0.0010992480950315926,0.0014743130060614522,0.0010859823886807582,0.0014677275819120583
treasury,missing_completely_at_random,5,gain_imputation,9,0.0880058930998673,0.03312347345316915,0.09606425821235284,0.05103972179114144,0.10487653605237113,0.06254493751475614,0.11346684868497846,0.011212630794387128,0.002943010053379879,0.01184019778843532,0.008027506170346185,0.013256008979467564,0.008950433010039983,0.013474828578734274
treasury,missing_completely_at_random,5,tabcsdi_imputation,9,0.059477850721198745,0.014338354284722153,0.06188332776414339,0.04558458596544344,0.06825902979651001,0.04845641596366819,0.0704992854787293,0.008137490387108691,0.0017704091041919278,0.008277495306545826,0.007047492984983418,0.009430054109205105,0.006776633482018795,0.009498347292198587
treasury,missing_completely_at_random,5,otimpute_imputation,9,0.07086664590628475,0.008114737503584437,0.07376815185576709,0.06675657359031505,0.07596308003386981,0.06462910649316407,0.07710418531940542,0.0110190105688289,0.0011971623001392404,0.011142552487009695,0.010601407659554545,0.011562304969374552,0.010098790163951694,0.011939230973706106
treasury,missing_completely_at_random,4,k_nearest_neighbors_imputation,1,0.017917876019028414,0.0,0.017917876019028414,0.017917876019028414,0.017917876019028414,0.017917876019028414,0.017917876019028414,0.0021463025322461795,0.0,0.0021463025322461795,0.0021463025322461795,0.0021463025322461795,0.0021463025322461795,0.0021463025322461795
treasury,missing_completely_at_random,6,k_nearest_neighbors_imputation,1,0.022766398711742374,0.0,0.022766398711742374,0.022766398711742374,0.022766398711742374,0.022766398711742374,0.022766398711742374,0.0033997298602801065,0.0,0.0033997298602801065,0.0033997298602801065,0.0033997298602801065,0.0033997298602801065,0.0033997298602801065
treasury,missing_completely_at_random,8,k_nearest_neighbors_imputation,1,0.02514709464462128,0.0,0.02514709464462128,0.02514709464462128,0.02514709464462128,0.02514709464462128,0.02514709464462128,0.004460608778240604,0.0,0.004460608778240604,0.004460608778240604,0.004460608778240604,0.004460608778240604,0.004460608778240604
treasury,missing_completely_at_random,15,k_nearest_neighbors_imputation,1,0.039397295943691166,0.0,0.039397295943691166,0.039397295943691166,0.039397295943691166,0.039397295943691166,0.039397295943691166,0.009643127083570228,0.0,0.009643127083570228,0.009643127083570228,0.009643127083570228,0.009643127083570228,0.009643127083570228
treasury,missing_completely_at_random,25,constant_imputation,1,0.5029514887366409,0.0,0.5029514887366409,0.5029514887366409,0.5029514887366409,0.5029514887366409,0.5029514887366409,0.2091796287990356,0.0,0.2091796287990356,0.2091796287990356,0.2091796287990356,0.2091796287990356,0.2091796287990356
treasury,missing_completely_at_random,25,mean_imputation,1,0.503997154810107,0.0,0.503997154810107,0.503997154810107,0.503997154810107,0.503997154810107,0.503997154810107,0.21050412913684127,0.0,0.21050412913684127,0.21050412913684127,0.21050412913684127,0.21050412913684127,0.21050412913684127
treasury,missing_completely_at_random,25,median_imputation,1,0.5131058968903827,0.0,0.5131058968903827,0.5131058968903827,0.5131058968903827,0.5131058968903827,0.5131058968903827,0.20379638839995098,0.0,0.20379638839995098,0.20379638839995098,0.20379638839995098,0.20379638839995098,0.20379638839995098
treasury,missing_completely_at_random,25,k_nearest_neighbors_imputation,1,0.06600679589698315,0.0,0.06600679589698315,0.06600679589698315,0.06600679589698315,0.06600679589698315,0.06600679589698315,0.021747941108057778,0.0,0.021747941108057778,0.021747941108057778,0.021747941108057778,0.021747941108057778,0.021747941108057778
treasury,missing_completely_at_random,25,mice_imputation,9,0.12277609983194515,0.03573375282166473,0.13994291277937776,0.09257951000369698,0.14944125444852208,0.09530870590757101,0.1502434937563193,0.033039699609069946,0.00815269999538024,0.03621395466907963,0.0278223029362309,0.038026049687695664,0.026772979641594676,0.039306419576545217
treasury,missing_completely_at_random,25,random_forest_imputation,9,0.03497711895556313,0.008304904279824105,0.03555871234060012,0.026602019178583156,0.03916792393929572,0.02859340441831341,0.04136083349281285,0.00891755232166218,0.0023886564505130204,0.00853568434042071,0.007192566146636895,0.010546807441394905,0.007081468437507137,0.010753636205817223
treasury,missing_completely_at_random,25,gain_imputation,9,0.16312937696912222,0.05639379767362599,0.17147231781662092,0.10315559904883054,0.20101194972745345,0.11978126675737269,0.20647748718087175,0.04982979157042689,0.012565423698434972,0.05177783263011776,0.03681909365454135,0.057572273061784536,0.04017115190069907,0.05948843124015471
treasury,missing_completely_at_random,25,tabcsdi_imputation,9,0.28759786610918325,0.21675931612038007,0.2013195241874609,0.1567933237696947,0.21719200751726014,0.1209819063366421,0.45421382588172443,0.09430023655051462,0.07594807834564364,0.06162694242631851,0.04920925275643771,0.0670157374535718,0.03592137564189322,0.15267909745913602
treasury,missing_completely_at_random,25,otimpute_imputation,9,0.1967240608870929,0.01689767973466919,0.19515923845405567,0.18687367779626854,0.20864260338145063,0.18373535443925865,0.20971276733492716,0.06595445070650831,0.005465479594327907,0.06658069328557216,0.062358221194581204,0.07076268269436731,0.061753311191376926,0.07015559022163968
treasury,missing_completely_at_random,10,constant_imputation,1,0.3199118460999991,0.0,0.3199118460999991,0.3199118460999991,0.3199118460999991,0.3199118460999991,0.3199118460999991,0.08488017570018015,0.0,0.08488017570018015,0.08488017570018015,0.08488017570018015,0.08488017570018015,0.08488017570018015
treasury,missing_completely_at_random,10,mean_imputation,1,0.3200180035895635,0.0,0.3200180035895635,0.3200180035895635,0.3200180035895635,0.3200180035895635,0.3200180035895635,0.08496062621735012,0.0,0.08496062621735012,0.08496062621735012,0.08496062621735012,0.08496062621735012,0.08496062621735012
treasury,missing_completely_at_random,10,median_imputation,1,0.3271514740375787,0.0,0.3271514740375787,0.3271514740375787,0.3271514740375787,0.3271514740375787,0.3271514740375787,0.0825522219144867,0.0,0.0825522219144867,0.0825522219144867,0.0825522219144867,0.0825522219144867,0.0825522219144867
treasury,missing_completely_at_random,10,k_nearest_neighbors_imputation,1,0.028480113955413718,0.0,0.028480113955413718,0.028480113955413718,0.028480113955413718,0.028480113955413718,0.028480113955413718,0.005753475405690711,0.0,0.005753475405690711,0.005753475405690711,0.005753475405690711,0.005753475405690711,0.005753475405690711
treasury,missing_completely_at_random,10,mice_imputation,9,0.07087468480544984,0.024558546935921195,0.08244098802407297,0.04909133700527716,0.08738273685506479,0.05199731454250321,0.08975205506839647,0.011084406001352486,0.003532199674273728,0.01204007988898238,0.008088348173559358,0.013558193057764895,0.008369316982938477,0.013799495019766494
treasury,missing_completely_at_random,10,random_forest_imputation,9,0.01718601826419818,0.0044757567176465516,0.016918475089006964,0.01406062294762035,0.020012928592277233,0.013745647097844592,0.020626389430551773,0.0026485225230139372,0.0006505574336860427,0.0026620942944114725,0.0021526336535296463,0.0030819133958681997,0.002148459812257996,0.0031485852337698786
treasury,missing_completely_at_random,10,gain_imputation,9,0.11753040760776676,0.04484051661650021,0.1377380350428793,0.06928745552282092,0.14927405818306674,0.08306293536031989,0.15199787985521362,0.021230207356027507,0.0055954099414910275,0.023551212210966243,0.015912076038118138,0.025422361019977236,0.016929194534947237,0.025531220177107777
treasury,missing_completely_at_random,10,tabcsdi_imputation,9,0.09284061384668944,0.0278889535414855,0.09217628502559545,0.06674465538080389,0.11554583761357899,0.07140326644896197,0.11427796124441691,0.01779391998113447,0.004650524662033959,0.017960069412821498,0.0147005676786227,0.02119105390428113,0.014219210280628048,0.021368629681640893
treasury,missing_completely_at_random,10,otimpute_imputation,9,0.10471958751645845,0.012067196453574663,0.10720225447486038,0.10049226929736238,0.1151629167169326,0.09544391920903704,0.11399525582387986,0.022586669168780073,0.0024203857137425917,0.022757715032386168,0.02196053940116202,0.023960081185459767,0.020726196013886904,0.024447142323673243
treasury,missing_completely_at_random,20,k_nearest_neighbors_imputation,1,0.050306170845386494,0.0,0.050306170845386494,0.050306170845386494,0.050306170845386494,0.050306170845386494,0.050306170845386494,0.014536685134099891,0.0,0.014536685134099891,0.014536685134099891,0.014536685134099891,0.014536685134099891,0.014536685134099891
treasury,missing_completely_at_random,30,k_nearest_neighbors_imputation,1,0.08554477011486139,0.0,0.08554477011486139,0.08554477011486139,0.08554477011486139,0.08554477011486139,0.08554477011486139,0.03192553723932078,0.0,0.03192553723932078,0.03192553723932078,0.03192553723932078,0.03192553723932078,0.03192553723932078
treasury,missing_completely_at_random,40,k_nearest_neighbors_imputation,1,0.188213568568507,0.0,0.188213568568507,0.188213568568507,0.188213568568507,0.188213568568507,0.188213568568507,0.08421581829992902,0.0,0.08421581829992902,0.08421581829992902,0.08421581829992902,0.08421581829992902,0.08421581829992902
treasury,missing_at_random,2,k_nearest_neighbors_imputation,1,0.03325440112595007,0.0,0.03325440112595007,0.03325440112595007,0.03325440112595007,0.03325440112595007,0.03325440112595007,0.0036032202038504477,0.0,0.0036032202038504477,0.0036032202038504477,0.0036032202038504477,0.0036032202038504477,0.0036032202038504477
treasury,missing_at_random,1,k_nearest_neighbors_imputation,1,0.01928446992400264,0.0,0.01928446992400264,0.01928446992400264,0.01928446992400264,0.01928446992400264,0.01928446992400264,0.0014279785406421676,0.0,0.0014279785406421676,0.0014279785406421676,0.0014279785406421676,0.0014279785406421676,0.0014279785406421676
treasury,missing_at_random,4,k_nearest_neighbors_imputation,1,0.06821590040723696,0.0,0.06821590040723696,0.06821590040723696,0.06821590040723696,0.06821590040723696,0.06821590040723696,0.010312823992379323,0.0,0.010312823992379323,0.010312823992379323,0.010312823992379323,0.010312823992379323,0.010312823992379323
treasury,missing_at_random,6,k_nearest_neighbors_imputation,1,0.09826854965779648,0.0,0.09826854965779648,0.09826854965779648,0.09826854965779648,0.09826854965779648,0.09826854965779648,0.019283554834806767,0.0,0.019283554834806767,0.019283554834806767,0.019283554834806767,0.019283554834806767,0.019283554834806767
treasury,missing_at_random,8,k_nearest_neighbors_imputation,1,0.11874660940389262,0.0,0.11874660940389262,0.11874660940389262,0.11874660940389262,0.11874660940389262,0.11874660940389262,0.027237740515483146,0.0,0.027237740515483146,0.027237740515483146,0.027237740515483146,0.027237740515483146,0.027237740515483146
treasury,missing_at_random,3,k_nearest_neighbors_imputation,1,0.052552681558157066,0.0,0.052552681558157066,0.052552681558157066,0.052552681558157066,0.052552681558157066,0.052552681558157066,0.00684938988830423,0.0,0.00684938988830423,0.00684938988830423,0.00684938988830423,0.00684938988830423,0.00684938988830423
treasury,missing_at_random,10,constant_imputation,1,0.3819150283146424,0.0,0.3819150283146424,0.3819150283146424,0.3819150283146424,0.3819150283146424,0.3819150283146424,0.11304597530010839,0.0,0.11304597530010839,0.11304597530010839,0.11304597530010839,0.11304597530010839,0.11304597530010839
treasury,missing_at_random,10,mean_imputation,1,0.4706610164515398,0.0,0.4706610164515398,0.4706610164515398,0.4706610164515398,0.4706610164515398,0.4706610164515398,0.14013125524391448,0.0,0.14013125524391448,0.14013125524391448,0.14013125524391448,0.14013125524391448,0.14013125524391448
treasury,missing_at_random,10,median_imputation,1,0.44482313958105546,0.0,0.44482313958105546,0.44482313958105546,0.44482313958105546,0.44482313958105546,0.44482313958105546,0.1281957210202485,0.0,0.1281957210202485,0.1281957210202485,0.1281957210202485,0.1281957210202485,0.1281957210202485
treasury,missing_at_random,10,k_nearest_neighbors_imputation,1,0.1365447887258974,0.0,0.1365447887258974,0.1365447887258974,0.1365447887258974,0.1365447887258974,0.1365447887258974,0.035321755851143485,0.0,0.035321755851143485,0.035321755851143485,0.035321755851143485,0.035321755851143485,0.035321755851143485
treasury,missing_at_random,10,mice_imputation,1,0.11217792305825179,0.0,0.11217792305825179,0.11217792305825179,0.11217792305825179,0.11217792305825179,0.11217792305825179,0.027571042886082447,0.0,0.027571042886082447,0.027571042886082447,0.027571042886082447,0.027571042886082447,0.027571042886082447
treasury,missing_at_random,10,random_forest_imputation,1,0.11805460669643768,0.0,0.11805460669643768,0.11805460669643768,0.11805460669643768,0.11805460669643768,0.11805460669643768,0.027917132307862417,0.0,0.027917132307862417,0.027917132307862417,0.027917132307862417,0.027917132307862417,0.027917132307862417
treasury,missing_at_random,10,gain_imputation,1,0.11894541564439198,0.0,0.11894541564439198,0.11894541564439198,0.11894541564439198,0.11894541564439198,0.11894541564439198,0.03128139618279476,0.0,0.03128139618279476,0.03128139618279476,0.03128139618279476,0.03128139618279476,0.03128139618279476
treasury,missing_at_random,10,tabcsdi_imputation,1,0.09059353936758022,0.0,0.09059353936758022,0.09059353936758022,0.09059353936758022,0.09059353936758022,0.09059353936758022,0.018554965798693503,0.0,0.018554965798693503,0.018554965798693503,0.018554965798693503,0.018554965798693503,0.018554965798693503
treasury,missing_at_random,10,otimpute_imputation,1,0.30828939153012047,0.0,0.30828939153012047,0.30828939153012047,0.30828939153012047,0.30828939153012047,0.30828939153012047,0.08210255579710346,0.0,0.08210255579710346,0.08210255579710346,0.08210255579710346,0.08210255579710346,0.08210255579710346
treasury,missing_at_random,5,constant_imputation,1,0.3004337736494232,0.0,0.3004337736494232,0.3004337736494232,0.3004337736494232,0.3004337736494232,0.3004337736494232,0.06240740190774989,0.0,0.06240740190774989,0.06240740190774989,0.06240740190774989,0.06240740190774989,0.06240740190774989
treasury,missing_at_random,5,mean_imputation,1,0.33196000092627553,0.0,0.33196000092627553,0.33196000092627553,0.33196000092627553,0.33196000092627553,0.33196000092627553,0.06907489044882367,0.0,0.06907489044882367,0.06907489044882367,0.06907489044882367,0.06907489044882367,0.06907489044882367
treasury,missing_at_random,5,median_imputation,1,0.3122889408403884,0.0,0.3122889408403884,0.3122889408403884,0.3122889408403884,0.3122889408403884,0.3122889408403884,0.062192229592890884,0.0,0.062192229592890884,0.062192229592890884,0.062192229592890884,0.062192229592890884,0.062192229592890884
treasury,missing_at_random,5,k_nearest_neighbors_imputation,1,0.08209760851438029,0.0,0.08209760851438029,0.08209760851438029,0.08209760851438029,0.08209760851438029,0.08209760851438029,0.013883904052541524,0.0,0.013883904052541524,0.013883904052541524,0.013883904052541524,0.013883904052541524,0.013883904052541524
treasury,missing_at_random,5,mice_imputation,1,0.06033608073643205,0.0,0.06033608073643205,0.06033608073643205,0.06033608073643205,0.06033608073643205,0.06033608073643205,0.009359691419306282,0.0,0.009359691419306282,0.009359691419306282,0.009359691419306282,0.009359691419306282,0.009359691419306282
treasury,missing_at_random,5,random_forest_imputation,1,0.06432916286491186,0.0,0.06432916286491186,0.06432916286491186,0.06432916286491186,0.06432916286491186,0.06432916286491186,0.010077016476293874,0.0,0.010077016476293874,0.010077016476293874,0.010077016476293874,0.010077016476293874,0.010077016476293874
treasury,missing_at_random,5,gain_imputation,1,0.07212088901692087,0.0,0.07212088901692087,0.07212088901692087,0.07212088901692087,0.07212088901692087,0.07212088901692087,0.013013619888121997,0.0,0.013013619888121997,0.013013619888121997,0.013013619888121997,0.013013619888121997,0.013013619888121997
treasury,missing_at_random,5,tabcsdi_imputation,1,0.08504715059385495,0.0,0.08504715059385495,0.08504715059385495,0.08504715059385495,0.08504715059385495,0.08504715059385495,0.011079187089310062,0.0,0.011079187089310062,0.011079187089310062,0.011079187089310062,0.011079187089310062,0.011079187089310062
treasury,missing_at_random,5,otimpute_imputation,1,0.17091095337680476,0.0,0.17091095337680476,0.17091095337680476,0.17091095337680476,0.17091095337680476,0.17091095337680476,0.03215893077835296,0.0,0.03215893077835296,0.03215893077835296,0.03215893077835296,0.03215893077835296,0.03215893077835296
treasury,missing_at_random,15,k_nearest_neighbors_imputation,1,0.3074949022893152,0.0,0.3074949022893152,0.3074949022893152,0.3074949022893152,0.3074949022893152,0.3074949022893152,0.09241213827015196,0.0,0.09241213827015196,0.09241213827015196,0.09241213827015196,0.09241213827015196,0.09241213827015196
treasury,missing_at_random,20,k_nearest_neighbors_imputation,1,0.3495696010074782,0.0,0.3495696010074782,0.3495696010074782,0.3495696010074782,0.3495696010074782,0.3495696010074782,0.12066117014617535,0.0,0.12066117014617535,0.12066117014617535,0.12066117014617535,0.12066117014617535,0.12066117014617535
treasury,missing_at_random,25,constant_imputation,1,0.46219794916080614,0.0,0.46219794916080614,0.46219794916080614,0.46219794916080614,0.46219794916080614,0.46219794916080614,0.19900051696468612,0.0,0.19900051696468612,0.19900051696468612,0.19900051696468612,0.19900051696468612,0.19900051696468612
treasury,missing_at_random,25,mean_imputation,1,0.7921860152208356,0.0,0.7921860152208356,0.7921860152208356,0.7921860152208356,0.7921860152208356,0.7921860152208356,0.3705941165436537,0.0,0.3705941165436537,0.3705941165436537,0.3705941165436537,0.3705941165436537,0.3705941165436537
treasury,missing_at_random,25,median_imputation,1,0.7689824450471867,0.0,0.7689824450471867,0.7689824450471867,0.7689824450471867,0.7689824450471867,0.7689824450471867,0.35485750535896954,0.0,0.35485750535896954,0.35485750535896954,0.35485750535896954,0.35485750535896954,0.35485750535896954
treasury,missing_at_random,25,k_nearest_neighbors_imputation,1,0.40840964437916444,0.0,0.40840964437916444,0.40840964437916444,0.40840964437916444,0.40840964437916444,0.40840964437916444,0.16239542049805572,0.0,0.16239542049805572,0.16239542049805572,0.16239542049805572,0.16239542049805572,0.16239542049805572
treasury,missing_at_random,25,mice_imputation,1,0.38592940729715763,0.0,0.38592940729715763,0.38592940729715763,0.38592940729715763,0.38592940729715763,0.38592940729715763,0.14627499958362614,0.0,0.14627499958362614,0.14627499958362614,0.14627499958362614,0.14627499958362614,0.14627499958362614
treasury,missing_at_random,25,random_forest_imputation,1,0.372981795522842,0.0,0.372981795522842,0.372981795522842,0.372981795522842,0.372981795522842,0.372981795522842,0.14228024053570112,0.0,0.14228024053570112,0.14228024053570112,0.14228024053570112,0.14228024053570112,0.14228024053570112
treasury,missing_at_random,25,gain_imputation,1,0.5356203325313551,0.0,0.5356203325313551,0.5356203325313551,0.5356203325313551,0.5356203325313551,0.5356203325313551,0.1933747142335403,0.0,0.1933747142335403,0.1933747142335403,0.1933747142335403,0.1933747142335403,0.1933747142335403
treasury,missing_at_random,25,tabcsdi_imputation,1,0.48044945894923047,0.0,0.48044945894923047,0.48044945894923047,0.48044945894923047,0.48044945894923047,0.48044945894923047,0.1724208215173027,0.0,0.1724208215173027,0.1724208215173027,0.1724208215173027,0.1724208215173027,0.1724208215173027
treasury,missing_at_random,25,otimpute_imputation,1,0.6840690023062916,0.0,0.6840690023062916,0.6840690023062916,0.6840690023062916,0.6840690023062916,0.6840690023062916,0.29439112521380617,0.0,0.29439112521380617,0.29439112521380617,0.29439112521380617,0.29439112521380617,0.29439112521380617
treasury,missing_at_random,30,k_nearest_neighbors_imputation,1,0.5614189599968366,0.0,0.5614189599968366,0.5614189599968366,0.5614189599968366,0.5614189599968366,0.5614189599968366,0.24652794095558345,0.0,0.24652794095558345,0.24652794095558345,0.24652794095558345,0.24652794095558345,0.24652794095558345
treasury,missing_at_random,40,k_nearest_neighbors_imputation,1,0.9199904945407924,0.0,0.9199904945407924,0.9199904945407924,0.9199904945407924,0.9199904945407924,0.9199904945407924,0.46605590176765643,0.0,0.46605590176765643,0.46605590176765643,0.46605590176765643,0.46605590176765643,0.46605590176765643
treasury,missing_not_at_random,1,k_nearest_neighbors_imputation,1,0.017095444957246818,0.0,0.017095444957246818,0.017095444957246818,0.017095444957246818,0.017095444957246818,0.017095444957246818,0.0014643026563074496,0.0,0.0014643026563074496,0.0014643026563074496,0.0014643026563074496,0.0014643026563074496,0.0014643026563074496
treasury,missing_not_at_random,2,k_nearest_neighbors_imputation,1,0.030548748731090418,0.0,0.030548748731090418,0.030548748731090418,0.030548748731090418,0.030548748731090418,0.030548748731090418,0.00371890586095311,0.0,0.00371890586095311,0.00371890586095311,0.00371890586095311,0.00371890586095311,0.00371890586095311
treasury,missing_not_at_random,3,k_nearest_neighbors_imputation,1,0.03917959588973696,0.0,0.03917959588973696,0.03917959588973696,0.03917959588973696,0.03917959588973696,0.03917959588973696,0.006106376441884972,0.0,0.006106376441884972,0.006106376441884972,0.006106376441884972,0.006106376441884972,0.006106376441884972
treasury,missing_not_at_random,4,k_nearest_neighbors_imputation,1,0.05680662109318201,0.0,0.05680662109318201,0.05680662109318201,0.05680662109318201,0.05680662109318201,0.05680662109318201,0.010281073146589324,0.0,0.010281073146589324,0.010281073146589324,0.010281073146589324,0.010281073146589324,0.010281073146589324
treasury,missing_not_at_random,5,constant_imputation,1,0.3008354979553765,0.0,0.3008354979553765,0.3008354979553765,0.3008354979553765,0.3008354979553765,0.3008354979553765,0.06637187429536451,0.0,0.06637187429536451,0.06637187429536451,0.06637187429536451,0.06637187429536451,0.06637187429536451
treasury,missing_not_at_random,5,mean_imputation,1,0.3366773634926027,0.0,0.3366773634926027,0.3366773634926027,0.3366773634926027,0.3366773634926027,0.3366773634926027,0.07430533205532269,0.0,0.07430533205532269,0.07430533205532269,0.07430533205532269,0.07430533205532269,0.07430533205532269
treasury,missing_not_at_random,5,median_imputation,1,0.2963904549633771,0.0,0.2963904549633771,0.2963904549633771,0.2963904549633771,0.2963904549633771,0.2963904549633771,0.06394238261510685,0.0,0.06394238261510685,0.06394238261510685,0.06394238261510685,0.06394238261510685,0.06394238261510685
treasury,missing_not_at_random,5,k_nearest_neighbors_imputation,1,0.06245165738293828,0.0,0.06245165738293828,0.06245165738293828,0.06245165738293828,0.06245165738293828,0.06245165738293828,0.012684345430791293,0.0,0.012684345430791293,0.012684345430791293,0.012684345430791293,0.012684345430791293,0.012684345430791293
treasury,missing_not_at_random,5,mice_imputation,1,0.17470531054460986,0.0,0.17470531054460986,0.17470531054460986,0.17470531054460986,0.17470531054460986,0.17470531054460986,0.026627366784161704,0.0,0.026627366784161704,0.026627366784161704,0.026627366784161704,0.026627366784161704,0.026627366784161704
treasury,missing_not_at_random,5,random_forest_imputation,1,0.0467913344141826,0.0,0.0467913344141826,0.0467913344141826,0.0467913344141826,0.0467913344141826,0.0467913344141826,0.008869562309748585,0.0,0.008869562309748585,0.008869562309748585,0.008869562309748585,0.008869562309748585,0.008869562309748585
treasury,missing_not_at_random,5,gain_imputation,1,0.11941717148540965,0.0,0.11941717148540965,0.11941717148540965,0.11941717148540965,0.11941717148540965,0.11941717148540965,0.02149149798511378,0.0,0.02149149798511378,0.02149149798511378,0.02149149798511378,0.02149149798511378,0.02149149798511378
treasury,missing_not_at_random,5,tabcsdi_imputation,1,0.047644421840675015,0.0,0.047644421840675015,0.047644421840675015,0.047644421840675015,0.047644421840675015,0.047644421840675015,0.008051217260770393,0.0,0.008051217260770393,0.008051217260770393,0.008051217260770393,0.008051217260770393,0.008051217260770393
treasury,missing_not_at_random,5,otimpute_imputation,1,0.1747784612189881,0.0,0.1747784612189881,0.1747784612189881,0.1747784612189881,0.1747784612189881,0.1747784612189881,0.03568207237974468,0.0,0.03568207237974468,0.03568207237974468,0.03568207237974468,0.03568207237974468,0.03568207237974468
treasury,missing_not_at_random,6,k_nearest_neighbors_imputation,1,0.0929357110154978,0.0,0.0929357110154978,0.0929357110154978,0.0929357110154978,0.0929357110154978,0.0929357110154978,0.02107325729912047,0.0,0.02107325729912047,0.02107325729912047,0.02107325729912047,0.02107325729912047,0.02107325729912047
treasury,missing_not_at_random,8,k_nearest_neighbors_imputation,1,0.12251179529612637,0.0,0.12251179529612637,0.12251179529612637,0.12251179529612637,0.12251179529612637,0.12251179529612637,0.030385690311843534,0.0,0.030385690311843534,0.030385690311843534,0.030385690311843534,0.030385690311843534,0.030385690311843534
treasury,missing_not_at_random,10,constant_imputation,1,0.3965876472152292,0.0,0.3965876472152292,0.3965876472152292,0.3965876472152292,0.3965876472152292,0.3965876472152292,0.12183245959479447,0.0,0.12183245959479447,0.12183245959479447,0.12183245959479447,0.12183245959479447,0.12183245959479447
treasury,missing_not_at_random,10,mean_imputation,1,0.5011981603065493,0.0,0.5011981603065493,0.5011981603065493,0.5011981603065493,0.5011981603065493,0.5011981603065493,0.15509981810065462,0.0,0.15509981810065462,0.15509981810065462,0.15509981810065462,0.15509981810065462,0.15509981810065462
treasury,missing_not_at_random,10,median_imputation,1,0.4519578988755647,0.0,0.4519578988755647,0.4519578988755647,0.4519578988755647,0.4519578988755647,0.4519578988755647,0.13772313394385569,0.0,0.13772313394385569,0.13772313394385569,0.13772313394385569,0.13772313394385569,0.13772313394385569
treasury,missing_not_at_random,10,k_nearest_neighbors_imputation,1,0.18788944032165758,0.0,0.18788944032165758,0.18788944032165758,0.18788944032165758,0.18788944032165758,0.18788944032165758,0.04918025067046507,0.0,0.04918025067046507,0.04918025067046507,0.04918025067046507,0.04918025067046507,0.04918025067046507
treasury,missing_not_at_random,10,mice_imputation,1,0.16318965868958893,0.0,0.16318965868958893,0.16318965868958893,0.16318965868958893,0.16318965868958893,0.16318965868958893,0.0420460588240004,0.0,0.0420460588240004,0.0420460588240004,0.0420460588240004,0.0420460588240004,0.0420460588240004
treasury,missing_not_at_random,10,random_forest_imputation,1,0.17336182208076686,0.0,0.17336182208076686,0.17336182208076686,0.17336182208076686,0.17336182208076686,0.17336182208076686,0.045627137945063505,0.0,0.045627137945063505,0.045627137945063505,0.045627137945063505,0.045627137945063505,0.045627137945063505
treasury,missing_not_at_random,10,gain_imputation,1,0.3608946621221958,0.0,0.3608946621221958,0.3608946621221958,0.3608946621221958,0.3608946621221958,0.3608946621221958,0.08040142531656251,0.0,0.08040142531656251,0.08040142531656251,0.08040142531656251,0.08040142531656251,0.08040142531656251
treasury,missing_not_at_random,10,tabcsdi_imputation,1,0.6392957065475624,0.0,0.6392957065475624,0.6392957065475624,0.6392957065475624,0.6392957065475624,0.6392957065475624,0.1646060995698276,0.0,0.1646060995698276,0.1646060995698276,0.1646060995698276,0.1646060995698276,0.1646060995698276
treasury,missing_not_at_random,10,otimpute_imputation,1,0.32629223987906536,0.0,0.32629223987906536,0.32629223987906536,0.32629223987906536,0.32629223987906536,0.32629223987906536,0.091087224618264,0.0,0.091087224618264,0.091087224618264,0.091087224618264,0.091087224618264,0.091087224618264
treasury,missing_not_at_random,15,k_nearest_neighbors_imputation,1,0.33200294161898214,0.0,0.33200294161898214,0.33200294161898214,0.33200294161898214,0.33200294161898214,0.33200294161898214,0.10984241004306362,0.0,0.10984241004306362,0.10984241004306362,0.10984241004306362,0.10984241004306362,0.10984241004306362
treasury,missing_not_at_random,20,k_nearest_neighbors_imputation,1,0.37235792834841774,0.0,0.37235792834841774,0.37235792834841774,0.37235792834841774,0.37235792834841774,0.37235792834841774,0.14326778266339477,0.0,0.14326778266339477,0.14326778266339477,0.14326778266339477,0.14326778266339477,0.14326778266339477
treasury,missing_not_at_random,25,constant_imputation,1,0.42764051995586194,0.0,0.42764051995586194,0.42764051995586194,0.42764051995586194,0.42764051995586194,0.42764051995586194,0.1851434859846849,0.0,0.1851434859846849,0.1851434859846849,0.1851434859846849,0.1851434859846849,0.1851434859846849
treasury,missing_not_at_random,25,mean_imputation,1,0.8262925192046023,0.0,0.8262925192046023,0.8262925192046023,0.8262925192046023,0.8262925192046023,0.8262925192046023,0.39872936917247503,0.0,0.39872936917247503,0.39872936917247503,0.39872936917247503,0.39872936917247503,0.39872936917247503
treasury,missing_not_at_random,25,median_imputation,1,0.7442116112099493,0.0,0.7442116112099493,0.7442116112099493,0.7442116112099493,0.7442116112099493,0.7442116112099493,0.3529439132211212,0.0,0.3529439132211212,0.3529439132211212,0.3529439132211212,0.3529439132211212,0.3529439132211212
treasury,missing_not_at_random,25,k_nearest_neighbors_imputation,1,0.4289432817466859,0.0,0.4289432817466859,0.4289432817466859,0.4289432817466859,0.4289432817466859,0.4289432817466859,0.18559009654239592,0.0,0.18559009654239592,0.18559009654239592,0.18559009654239592,0.18559009654239592,0.18559009654239592
treasury,missing_not_at_random,25,mice_imputation,1,0.536451529834242,0.0,0.536451529834242,0.536451529834242,0.536451529834242,0.536451529834242,0.536451529834242,0.20955404388217047,0.0,0.20955404388217047,0.20955404388217047,0.20955404388217047,0.20955404388217047,0.20955404388217047
treasury,missing_not_at_random,25,random_forest_imputation,1,0.40283442801652725,0.0,0.40283442801652725,0.40283442801652725,0.40283442801652725,0.40283442801652725,0.40283442801652725,0.1672792395340267,0.0,0.1672792395340267,0.1672792395340267,0.1672792395340267,0.1672792395340267,0.1672792395340267
treasury,missing_not_at_random,25,gain_imputation,1,0.9050563720919657,0.0,0.9050563720919657,0.9050563720919657,0.9050563720919657,0.9050563720919657,0.9050563720919657,0.33760727911314115,0.0,0.33760727911314115,0.33760727911314115,0.33760727911314115,0.33760727911314115,0.33760727911314115
treasury,missing_not_at_random,25,tabcsdi_imputation,1,0.5721187916653813,0.0,0.5721187916653813,0.5721187916653813,0.5721187916653813,0.5721187916653813,0.5721187916653813,0.23367412868913645,0.0,0.23367412868913645,0.23367412868913645,0.23367412868913645,0.23367412868913645,0.23367412868913645
treasury,missing_not_at_random,25,otimpute_imputation,1,0.710751222698846,0.0,0.710751222698846,0.710751222698846,0.710751222698846,0.710751222698846,0.710751222698846,0.32719274354380096,0.0,0.32719274354380096,0.32719274354380096,0.32719274354380096,0.32719274354380096,0.32719274354380096
treasury,missing_not_at_random,40,k_nearest_neighbors_imputation,1,1.1868387350288552,0.0,1.1868387350288552,1.1868387350288552,1.1868387350288552,1.1868387350288552,1.1868387350288552,0.6738434671998725,0.0,0.6738434671998725,0.6738434671998725,0.6738434671998725,0.6738434671998725,0.6738434671998725
treasury,missing_not_at_random,30,k_nearest_neighbors_imputation,1,0.628587348517527,0.0,0.628587348517527,0.628587348517527,0.628587348517527,0.628587348517527,0.628587348517527,0.29701879532830794,0.0,0.29701879532830794,0.29701879532830794,0.29701879532830794,0.29701879532830794,0.29701879532830794
white_wine_quality,missing_completely_at_random,2,k_nearest_neighbors_imputation,1,0.12596560992555383,0.0,0.12596560992555383,0.12596560992555383,0.12596560992555383,0.12596560992555383,0.12596560992555383,0.012199890439431198,0.0,0.012199890439431198,0.012199890439431198,0.012199890439431198,0.012199890439431198,0.012199890439431198
white_wine_quality,missing_completely_at_random,3,k_nearest_neighbors_imputation,1,0.14769648011749095,0.0,0.14769648011749095,0.14769648011749095,0.14769648011749095,0.14769648011749095,0.14769648011749095,0.017688561733150688,0.0,0.017688561733150688,0.017688561733150688,0.017688561733150688,0.017688561733150688,0.017688561733150688
white_wine_quality,missing_completely_at_random,1,k_nearest_neighbors_imputation,1,0.08124991543558385,0.0,0.08124991543558385,0.08124991543558385,0.08124991543558385,0.08124991543558385,0.08124991543558385,0.005787712137502322,0.0,0.005787712137502322,0.005787712137502322,0.005787712137502322,0.005787712137502322,0.005787712137502322
white_wine_quality,missing_completely_at_random,4,k_nearest_neighbors_imputation,1,0.17038167716070918,0.0,0.17038167716070918,0.17038167716070918,0.17038167716070918,0.17038167716070918,0.17038167716070918,0.023650393583643854,0.0,0.023650393583643854,0.023650393583643854,0.023650393583643854,0.023650393583643854,0.023650393583643854
white_wine_quality,missing_completely_at_random,6,k_nearest_neighbors_imputation,1,0.21095877107271163,0.0,0.21095877107271163,0.21095877107271163,0.21095877107271163,0.21095877107271163,0.21095877107271163,0.03603583137452878,0.0,0.03603583137452878,0.03603583137452878,0.03603583137452878,0.03603583137452878,0.03603583137452878
white_wine_quality,missing_completely_at_random,5,constant_imputation,1,0.22168418909775944,0.0,0.22168418909775944,0.22168418909775944,0.22168418909775944,0.22168418909775944,0.22168418909775944,0.03518230406535311,0.0,0.03518230406535311,0.03518230406535311,0.03518230406535311,0.03518230406535311,0.03518230406535311
white_wine_quality,missing_completely_at_random,5,mean_imputation,1,0.22173083354888135,0.0,0.22173083354888135,0.22173083354888135,0.22173083354888135,0.22173083354888135,0.22173083354888135,0.035176073841836165,0.0,0.035176073841836165,0.035176073841836165,0.035176073841836165,0.035176073841836165,0.035176073841836165
white_wine_quality,missing_completely_at_random,5,median_imputation,1,0.22436251558514428,0.0,0.22436251558514428,0.22436251558514428,0.22436251558514428,0.22436251558514428,0.22436251558514428,0.034703974367303415,0.0,0.034703974367303415,0.034703974367303415,0.034703974367303415,0.034703974367303415,0.034703974367303415
white_wine_quality,missing_completely_at_random,5,k_nearest_neighbors_imputation,1,0.1929547529430159,0.0,0.1929547529430159,0.1929547529430159,0.1929547529430159,0.1929547529430159,0.1929547529430159,0.029824553884003548,0.0,0.029824553884003548,0.029824553884003548,0.029824553884003548,0.029824553884003548,0.029824553884003548
white_wine_quality,missing_completely_at_random,5,mice_imputation,9,0.23818813238386843,0.018257958021830174,0.24398014793590994,0.225417469453825,0.24538809323331576,0.2241538234842936,0.25222244128344323,0.035571238137180806,0.004159103375160616,0.03510039354515466,0.03338501844049902,0.03735276876142425,0.03237426827656015,0.038768207997801465
white_wine_quality,missing_completely_at_random,5,random_forest_imputation,9,0.14541119272750994,0.015262177628983001,0.14788542936043958,0.1359835161792526,0.15575672823172873,0.13367964448595818,0.1571427409690617,0.020423407710751833,0.002550284986559738,0.01961184621671164,0.01893142311297786,0.022197996617040118,0.018463085135766548,0.02238373028573712
white_wine_quality,missing_completely_at_random,5,gain_imputation,9,0.4022895040306873,0.07193854656186734,0.4014255514445572,0.3425535028891932,0.4381539073982142,0.34699264207993946,0.45758636598143515,0.06671747505586696,0.014340404687729695,0.07007399992696152,0.05473924428568551,0.07378136635834717,0.055694464219065,0.07774048589266892
white_wine_quality,missing_completely_at_random,5,tabcsdi_imputation,9,0.25778655295343783,0.015114292695805892,0.2618591371140659,0.24868977712090362,0.26334284427932725,0.24616867913436632,0.2694044267725093,0.04011354013464374,0.0028299261769012853,0.039807384086844484,0.03827571614215896,0.04165932643625409,0.03793826631255811,0.042288813956729364
white_wine_quality,missing_completely_at_random,5,otimpute_imputation,9,0.1937303620198527,0.013036886353797836,0.1937229904423296,0.18754267294141144,0.20548974256599048,0.1837093240725045,0.20375139996720087,0.029436130974166808,0.0020424207725214653,0.030133083615563428,0.027556247987048667,0.030751206715437403,0.027866187391746344,0.03100607455658727
white_wine_quality,missing_completely_at_random,8,k_nearest_neighbors_imputation,1,0.24696036721836642,0.0,0.24696036721836642,0.24696036721836642,0.24696036721836642,0.24696036721836642,0.24696036721836642,0.04852384506157591,0.0,0.04852384506157591,0.04852384506157591,0.04852384506157591,0.04852384506157591,0.04852384506157591
white_wine_quality,missing_completely_at_random,10,constant_imputation,1,0.3152103499733416,0.0,0.3152103499733416,0.3152103499733416,0.3152103499733416,0.3152103499733416,0.3152103499733416,0.0708576675472058,0.0,0.0708576675472058,0.0708576675472058,0.0708576675472058,0.0708576675472058,0.0708576675472058
white_wine_quality,missing_completely_at_random,10,mean_imputation,1,0.3152538469602751,0.0,0.3152538469602751,0.3152538469602751,0.3152538469602751,0.3152538469602751,0.3152538469602751,0.07083509117715425,0.0,0.07083509117715425,0.07083509117715425,0.07083509117715425,0.07083509117715425,0.07083509117715425
white_wine_quality,missing_completely_at_random,10,median_imputation,1,0.318538457427741,0.0,0.318538457427741,0.318538457427741,0.318538457427741,0.318538457427741,0.318538457427741,0.06987606192536482,0.0,0.06987606192536482,0.06987606192536482,0.06987606192536482,0.06987606192536482,0.06987606192536482
white_wine_quality,missing_completely_at_random,10,k_nearest_neighbors_imputation,1,0.2780593062188909,0.0,0.2780593062188909,0.2780593062188909,0.2780593062188909,0.2780593062188909,0.2780593062188909,0.06149184012160036,0.0,0.06149184012160036,0.06149184012160036,0.06149184012160036,0.06149184012160036,0.06149184012160036
white_wine_quality,missing_completely_at_random,10,mice_imputation,9,0.3399412696174642,0.02560818486876518,0.34678422172275786,0.3246465541748393,0.3533470075197627,0.3202570762166491,0.35962546301827925,0.07331317814373105,0.0075169124914934386,0.07168542027225458,0.06972151701857186,0.07703878687246155,0.06753516771394714,0.07909118857351495
white_wine_quality,missing_completely_at_random,10,random_forest_imputation,9,0.21458902319084788,0.01845311753250938,0.2135316469367757,0.20210549581381307,0.22589569354718478,0.20040470141172284,0.22877334496997292,0.04381791518293895,0.005265762175937234,0.041970281123941765,0.04084678928997404,0.047685519807158315,0.03977029206536797,0.04786553830050993
white_wine_quality,missing_completely_at_random,10,gain_imputation,9,0.5256414831156776,0.06484572721829598,0.5104501163468007,0.4807520471186867,0.5339095588726699,0.47579664474377364,0.5754863214875816,0.12098444355969076,0.020492416140095466,0.11695562367463154,0.1047083626467475,0.12163741444207422,0.10523257810656252,0.136736309012819
white_wine_quality,missing_completely_at_random,10,tabcsdi_imputation,9,0.36507731906492513,0.016716436459153203,0.36542454960667936,0.3558944841827066,0.37170291689415885,0.3522279285313635,0.3779267095984868,0.0816374545791621,0.005586128347537164,0.08157518848229951,0.0780204596503199,0.08345036858035061,0.07734357622276147,0.08593133293556274
white_wine_quality,missing_completely_at_random,10,otimpute_imputation,9,0.2728681314580752,0.014544802841912183,0.2731466802307509,0.2668524186141541,0.2822272810332344,0.26168800629168226,0.28404825662446814,0.05976006036637946,0.003823739838942085,0.061021154412143654,0.05680154825529064,0.061887429287963404,0.05682087373953101,0.06269924699322792
white_wine_quality,missing_completely_at_random,25,constant_imputation,1,0.5028429143871624,0.0,0.5028429143871624,0.5028429143871624,0.5028429143871624,0.5028429143871624,0.5028429143871624,0.1756482445278432,0.0,0.1756482445278432,0.1756482445278432,0.1756482445278432,0.1756482445278432,0.1756482445278432
white_wine_quality,missing_completely_at_random,25,mean_imputation,1,0.503022545730121,0.0,0.503022545730121,0.503022545730121,0.503022545730121,0.503022545730121,0.503022545730121,0.17531421761086213,0.0,0.17531421761086213,0.17531421761086213,0.17531421761086213,0.17531421761086213,0.17531421761086213
white_wine_quality,missing_completely_at_random,25,median_imputation,1,0.5079690771576849,0.0,0.5079690771576849,0.5079690771576849,0.5079690771576849,0.5079690771576849,0.5079690771576849,0.17312360243101158,0.0,0.17312360243101158,0.17312360243101158,0.17312360243101158,0.17312360243101158,0.17312360243101158
white_wine_quality,missing_completely_at_random,25,k_nearest_neighbors_imputation,1,0.45985794528044177,0.0,0.45985794528044177,0.45985794528044177,0.45985794528044177,0.45985794528044177,0.45985794528044177,0.1578902150179177,0.0,0.1578902150179177,0.1578902150179177,0.1578902150179177,0.1578902150179177,0.1578902150179177
white_wine_quality,missing_completely_at_random,25,mice_imputation,9,0.5625283539747307,0.037491535544339545,0.5647384521055426,0.5578065558840867,0.5756458090602471,0.5337098086412637,0.5913468993081976,0.19556048900995937,0.018272734277666097,0.1975343567782049,0.1850119782619137,0.2047594745120312,0.18151482207469774,0.209606155945221
white_wine_quality,missing_completely_at_random,25,random_forest_imputation,9,0.41217430790031984,0.029828638224793553,0.41067269953694124,0.38512346384370016,0.435216081909187,0.3892459868690255,0.43510262893161417,0.13886377708726685,0.016060092388744816,0.13990934371152014,0.12247619478851919,0.15101736594313422,0.12651889726719803,0.15120865690733568
white_wine_quality,missing_completely_at_random,25,gain_imputation,9,0.7233198574410086,0.07534780396195234,0.7299154525805276,0.706283450755674,0.7479915679718027,0.6654024082694036,0.7812373066126136,0.26232025157808725,0.0370044505030651,0.2560163590481116,0.25298743992212025,0.26734453570186,0.23387611295107857,0.2907643902050959
white_wine_quality,missing_completely_at_random,25,tabcsdi_imputation,9,0.6012245488234498,0.032301242970960785,0.6017319803085357,0.5747380433907557,0.6148852657228228,0.5763956155356931,0.6260534821112065,0.21702653024394566,0.014066171423309888,0.21275708400643717,0.21075762564637412,0.22691765357815885,0.20621431375439792,0.2278387467334934
white_wine_quality,missing_completely_at_random,25,otimpute_imputation,9,0.4475197272482532,0.019308242819054813,0.4436430506946451,0.4345503945647596,0.4614039575108842,0.432678097986831,0.46236135650967536,0.15810980923031837,0.009303206488142876,0.16113496903543809,0.1492185447506223,0.16464621235669366,0.15095873168621313,0.1652608867744236
white_wine_quality,missing_completely_at_random,15,k_nearest_neighbors_imputation,1,0.34680545406902386,0.0,0.34680545406902386,0.34680545406902386,0.34680545406902386,0.34680545406902386,0.34680545406902386,0.09272246628958809,0.0,0.09272246628958809,0.09272246628958809,0.09272246628958809,0.09272246628958809,0.09272246628958809
white_wine_quality,missing_completely_at_random,20,k_nearest_neighbors_imputation,1,0.40783618671226707,0.0,0.40783618671226707,0.40783618671226707,0.40783618671226707,0.40783618671226707,0.40783618671226707,0.12558542874453896,0.0,0.12558542874453896,0.12558542874453896,0.12558542874453896,0.12558542874453896,0.12558542874453896
white_wine_quality,missing_completely_at_random,30,k_nearest_neighbors_imputation,1,0.5104824585814534,0.0,0.5104824585814534,0.5104824585814534,0.5104824585814534,0.5104824585814534,0.5104824585814534,0.19166347703188003,0.0,0.19166347703188003,0.19166347703188003,0.19166347703188003,0.19166347703188003,0.19166347703188003
white_wine_quality,missing_completely_at_random,40,k_nearest_neighbors_imputation,1,0.6014316602121523,0.0,0.6014316602121523,0.6014316602121523,0.6014316602121523,0.6014316602121523,0.6014316602121523,0.2630875411311183,0.0,0.2630875411311183,0.2630875411311183,0.2630875411311183,0.2630875411311183,0.2630875411311183
white_wine_quality,missing_at_random,3,k_nearest_neighbors_imputation,1,0.18482841233681424,0.0,0.18482841233681424,0.18482841233681424,0.18482841233681424,0.18482841233681424,0.18482841233681424,0.022865201979454495,0.0,0.022865201979454495,0.022865201979454495,0.022865201979454495,0.022865201979454495,0.022865201979454495
white_wine_quality,missing_at_random,2,k_nearest_neighbors_imputation,1,0.16235882276714578,0.0,0.16235882276714578,0.16235882276714578,0.16235882276714578,0.16235882276714578,0.16235882276714578,0.01610170539496565,0.0,0.01610170539496565,0.01610170539496565,0.01610170539496565,0.01610170539496565,0.01610170539496565
white_wine_quality,missing_at_random,1,k_nearest_neighbors_imputation,1,0.12375784620461788,0.0,0.12375784620461788,0.12375784620461788,0.12375784620461788,0.12375784620461788,0.12375784620461788,0.008913927864767449,0.0,0.008913927864767449,0.008913927864767449,0.008913927864767449,0.008913927864767449,0.008913927864767449
white_wine_quality,missing_at_random,5,constant_imputation,1,0.2833613584128034,0.0,0.2833613584128034,0.2833613584128034,0.2833613584128034,0.2833613584128034,0.2833613584128034,0.04994941681941443,0.0,0.04994941681941443,0.04994941681941443,0.04994941681941443,0.04994941681941443,0.04994941681941443
white_wine_quality,missing_at_random,5,mean_imputation,1,0.2968447931584191,0.0,0.2968447931584191,0.2968447931584191,0.2968447931584191,0.2968447931584191,0.2968447931584191,0.052811679075042146,0.0,0.052811679075042146,0.052811679075042146,0.052811679075042146,0.052811679075042146,0.052811679075042146
white_wine_quality,missing_at_random,5,median_imputation,1,0.3033867718240214,0.0,0.3033867718240214,0.3033867718240214,0.3033867718240214,0.3033867718240214,0.3033867718240214,0.05401509907024668,0.0,0.05401509907024668,0.05401509907024668,0.05401509907024668,0.05401509907024668,0.05401509907024668
white_wine_quality,missing_at_random,5,k_nearest_neighbors_imputation,1,0.2291156375832217,0.0,0.2291156375832217,0.2291156375832217,0.2291156375832217,0.2291156375832217,0.2291156375832217,0.03725882915576309,0.0,0.03725882915576309,0.03725882915576309,0.03725882915576309,0.03725882915576309,0.03725882915576309
white_wine_quality,missing_at_random,5,mice_imputation,1,0.2584618680910538,0.0,0.2584618680910538,0.2584618680910538,0.2584618680910538,0.2584618680910538,0.2584618680910538,0.04163405169470476,0.0,0.04163405169470476,0.04163405169470476,0.04163405169470476,0.04163405169470476,0.04163405169470476
white_wine_quality,missing_at_random,5,random_forest_imputation,1,0.22859634724713832,0.0,0.22859634724713832,0.22859634724713832,0.22859634724713832,0.22859634724713832,0.22859634724713832,0.03660069200496793,0.0,0.03660069200496793,0.03660069200496793,0.03660069200496793,0.03660069200496793,0.03660069200496793
white_wine_quality,missing_at_random,5,gain_imputation,1,0.4002489904314899,0.0,0.4002489904314899,0.4002489904314899,0.4002489904314899,0.4002489904314899,0.4002489904314899,0.06986439029684548,0.0,0.06986439029684548,0.06986439029684548,0.06986439029684548,0.06986439029684548,0.06986439029684548
white_wine_quality,missing_at_random,5,tabcsdi_imputation,1,0.29618108706549257,0.0,0.29618108706549257,0.29618108706549257,0.29618108706549257,0.29618108706549257,0.29618108706549257,0.04932146440585497,0.0,0.04932146440585497,0.04932146440585497,0.04932146440585497,0.04932146440585497,0.04932146440585497
white_wine_quality,missing_at_random,5,otimpute_imputation,1,0.26025246685061226,0.0,0.26025246685061226,0.26025246685061226,0.26025246685061226,0.26025246685061226,0.26025246685061226,0.044137599777301056,0.0,0.044137599777301056,0.044137599777301056,0.044137599777301056,0.044137599777301056,0.044137599777301056
white_wine_quality,missing_at_random,4,k_nearest_neighbors_imputation,1,0.20400880208633784,0.0,0.20400880208633784,0.20400880208633784,0.20400880208633784,0.20400880208633784,0.20400880208633784,0.029413400453662846,0.0,0.029413400453662846,0.029413400453662846,0.029413400453662846,0.029413400453662846,0.029413400453662846
white_wine_quality,missing_at_random,6,k_nearest_neighbors_imputation,1,0.2464301379618976,0.0,0.2464301379618976,0.2464301379618976,0.2464301379618976,0.2464301379618976,0.2464301379618976,0.04430467744396109,0.0,0.04430467744396109,0.04430467744396109,0.04430467744396109,0.04430467744396109,0.04430467744396109
white_wine_quality,missing_at_random,15,k_nearest_neighbors_imputation,1,0.3754645962104628,0.0,0.3754645962104628,0.3754645962104628,0.3754645962104628,0.3754645962104628,0.3754645962104628,0.11035815402274492,0.0,0.11035815402274492,0.11035815402274492,0.11035815402274492,0.11035815402274492,0.11035815402274492
white_wine_quality,missing_at_random,8,k_nearest_neighbors_imputation,1,0.27797861025844534,0.0,0.27797861025844534,0.27797861025844534,0.27797861025844534,0.27797861025844534,0.27797861025844534,0.05851194085847311,0.0,0.05851194085847311,0.05851194085847311,0.05851194085847311,0.05851194085847311,0.05851194085847311
white_wine_quality,missing_at_random,10,constant_imputation,1,0.3640081740911267,0.0,0.3640081740911267,0.3640081740911267,0.3640081740911267,0.3640081740911267,0.3640081740911267,0.0912788442122329,0.0,0.0912788442122329,0.0912788442122329,0.0912788442122329,0.0912788442122329,0.0912788442122329
white_wine_quality,missing_at_random,10,mean_imputation,1,0.39372272987164947,0.0,0.39372272987164947,0.39372272987164947,0.39372272987164947,0.39372272987164947,0.39372272987164947,0.09973281144336495,0.0,0.09973281144336495,0.09973281144336495,0.09973281144336495,0.09973281144336495,0.09973281144336495
white_wine_quality,missing_at_random,10,median_imputation,1,0.4066322418186836,0.0,0.4066322418186836,0.4066322418186836,0.4066322418186836,0.4066322418186836,0.4066322418186836,0.1025677197069939,0.0,0.1025677197069939,0.1025677197069939,0.1025677197069939,0.1025677197069939,0.1025677197069939
white_wine_quality,missing_at_random,10,k_nearest_neighbors_imputation,1,0.30668317072845097,0.0,0.30668317072845097,0.30668317072845097,0.30668317072845097,0.30668317072845097,0.30668317072845097,0.07250654538247572,0.0,0.07250654538247572,0.07250654538247572,0.07250654538247572,0.07250654538247572,0.07250654538247572
white_wine_quality,missing_at_random,10,mice_imputation,1,0.3485198461575463,0.0,0.3485198461575463,0.3485198461575463,0.3485198461575463,0.3485198461575463,0.3485198461575463,0.08053695218465466,0.0,0.08053695218465466,0.08053695218465466,0.08053695218465466,0.08053695218465466,0.08053695218465466
white_wine_quality,missing_at_random,10,random_forest_imputation,1,0.307327343578189,0.0,0.307327343578189,0.307327343578189,0.307327343578189,0.307327343578189,0.307327343578189,0.07104515682360509,0.0,0.07104515682360509,0.07104515682360509,0.07104515682360509,0.07104515682360509,0.07104515682360509
white_wine_quality,missing_at_random,10,gain_imputation,1,0.5107205408624531,0.0,0.5107205408624531,0.5107205408624531,0.5107205408624531,0.5107205408624531,0.5107205408624531,0.12487933279551598,0.0,0.12487933279551598,0.12487933279551598,0.12487933279551598,0.12487933279551598,0.12487933279551598
white_wine_quality,missing_at_random,10,tabcsdi_imputation,1,0.3866798366126199,0.0,0.3866798366126199,0.3866798366126199,0.3866798366126199,0.3866798366126199,0.3866798366126199,0.09223620538489172,0.0,0.09223620538489172,0.09223620538489172,0.09223620538489172,0.09223620538489172,0.09223620538489172
white_wine_quality,missing_at_random,10,otimpute_imputation,1,0.3532575239821688,0.0,0.3532575239821688,0.3532575239821688,0.3532575239821688,0.3532575239821688,0.3532575239821688,0.08634018730161239,0.0,0.08634018730161239,0.08634018730161239,0.08634018730161239,0.08634018730161239,0.08634018730161239
white_wine_quality,missing_at_random,25,constant_imputation,1,0.5136512600423272,0.0,0.5136512600423272,0.5136512600423272,0.5136512600423272,0.5136512600423272,0.5136512600423272,0.20423184553205578,0.0,0.20423184553205578,0.20423184553205578,0.20423184553205578,0.20423184553205578,0.20423184553205578
white_wine_quality,missing_at_random,25,mean_imputation,1,0.5918086151574868,0.0,0.5918086151574868,0.5918086151574868,0.5918086151574868,0.5918086151574868,0.5918086151574868,0.2368781945615687,0.0,0.2368781945615687,0.2368781945615687,0.2368781945615687,0.2368781945615687,0.2368781945615687
white_wine_quality,missing_at_random,25,median_imputation,1,0.6163967379351701,0.0,0.6163967379351701,0.6163967379351701,0.6163967379351701,0.6163967379351701,0.6163967379351701,0.24430328777910998,0.0,0.24430328777910998,0.24430328777910998,0.24430328777910998,0.24430328777910998,0.24430328777910998
white_wine_quality,missing_at_random,25,k_nearest_neighbors_imputation,1,0.4916218063805454,0.0,0.4916218063805454,0.4916218063805454,0.4916218063805454,0.4916218063805454,0.4916218063805454,0.188548105984745,0.0,0.188548105984745,0.188548105984745,0.188548105984745,0.188548105984745,0.188548105984745
white_wine_quality,missing_at_random,25,mice_imputation,1,0.5701570291883874,0.0,0.5701570291883874,0.5701570291883874,0.5701570291883874,0.5701570291883874,0.5701570291883874,0.2159482856905862,0.0,0.2159482856905862,0.2159482856905862,0.2159482856905862,0.2159482856905862,0.2159482856905862
white_wine_quality,missing_at_random,25,random_forest_imputation,1,0.5511369804610665,0.0,0.5511369804610665,0.5511369804610665,0.5511369804610665,0.5511369804610665,0.5511369804610665,0.2073893477152763,0.0,0.2073893477152763,0.2073893477152763,0.2073893477152763,0.2073893477152763,0.2073893477152763
white_wine_quality,missing_at_random,25,gain_imputation,1,0.7955982587083157,0.0,0.7955982587083157,0.7955982587083157,0.7955982587083157,0.7955982587083157,0.7955982587083157,0.31595673655038004,0.0,0.31595673655038004,0.31595673655038004,0.31595673655038004,0.31595673655038004,0.31595673655038004
white_wine_quality,missing_at_random,25,tabcsdi_imputation,1,0.6049721781290144,0.0,0.6049721781290144,0.6049721781290144,0.6049721781290144,0.6049721781290144,0.6049721781290144,0.2318567166116064,0.0,0.2318567166116064,0.2318567166116064,0.2318567166116064,0.2318567166116064,0.2318567166116064
white_wine_quality,missing_at_random,25,otimpute_imputation,1,0.5584840997037916,0.0,0.5584840997037916,0.5584840997037916,0.5584840997037916,0.5584840997037916,0.5584840997037916,0.21916310554868948,0.0,0.21916310554868948,0.21916310554868948,0.21916310554868948,0.21916310554868948,0.21916310554868948
white_wine_quality,missing_at_random,20,k_nearest_neighbors_imputation,1,0.4342147239623907,0.0,0.4342147239623907,0.4342147239623907,0.4342147239623907,0.4342147239623907,0.4342147239623907,0.14833606548172618,0.0,0.14833606548172618,0.14833606548172618,0.14833606548172618,0.14833606548172618,0.14833606548172618
white_wine_quality,missing_at_random,30,k_nearest_neighbors_imputation,1,0.5456976453407114,0.0,0.5456976453407114,0.5456976453407114,0.5456976453407114,0.5456976453407114,0.5456976453407114,0.23120205728684143,0.0,0.23120205728684143,0.23120205728684143,0.23120205728684143,0.23120205728684143,0.23120205728684143
white_wine_quality,missing_at_random,40,k_nearest_neighbors_imputation,1,0.6752920342493094,0.0,0.6752920342493094,0.6752920342493094,0.6752920342493094,0.6752920342493094,0.6752920342493094,0.33429298725490725,0.0,0.33429298725490725,0.33429298725490725,0.33429298725490725,0.33429298725490725,0.33429298725490725
white_wine_quality,missing_not_at_random,1,k_nearest_neighbors_imputation,1,0.1308527550544866,0.0,0.1308527550544866,0.1308527550544866,0.1308527550544866,0.1308527550544866,0.1308527550544866,0.011960054265743002,0.0,0.011960054265743002,0.011960054265743002,0.011960054265743002,0.011960054265743002,0.011960054265743002
white_wine_quality,missing_not_at_random,2,k_nearest_neighbors_imputation,1,0.17410593703390997,0.0,0.17410593703390997,0.17410593703390997,0.17410593703390997,0.17410593703390997,0.17410593703390997,0.02242027376504962,0.0,0.02242027376504962,0.02242027376504962,0.02242027376504962,0.02242027376504962,0.02242027376504962
white_wine_quality,missing_not_at_random,3,k_nearest_neighbors_imputation,1,0.2069102062794936,0.0,0.2069102062794936,0.2069102062794936,0.2069102062794936,0.2069102062794936,0.2069102062794936,0.03248537144435329,0.0,0.03248537144435329,0.03248537144435329,0.03248537144435329,0.03248537144435329,0.03248537144435329
white_wine_quality,missing_not_at_random,4,k_nearest_neighbors_imputation,1,0.24255748520328424,0.0,0.24255748520328424,0.24255748520328424,0.24255748520328424,0.24255748520328424,0.24255748520328424,0.04432088710139981,0.0,0.04432088710139981,0.04432088710139981,0.04432088710139981,0.04432088710139981,0.04432088710139981
white_wine_quality,missing_not_at_random,5,constant_imputation,1,0.31178877781489645,0.0,0.31178877781489645,0.31178877781489645,0.31178877781489645,0.31178877781489645,0.31178877781489645,0.06739729350409626,0.0,0.06739729350409626,0.06739729350409626,0.06739729350409626,0.06739729350409626,0.06739729350409626
white_wine_quality,missing_not_at_random,5,mean_imputation,1,0.3490688128741845,0.0,0.3490688128741845,0.3490688128741845,0.3490688128741845,0.3490688128741845,0.3490688128741845,0.07573111805071424,0.0,0.07573111805071424,0.07573111805071424,0.07573111805071424,0.07573111805071424,0.07573111805071424
white_wine_quality,missing_not_at_random,5,median_imputation,1,0.31534957178226125,0.0,0.31534957178226125,0.31534957178226125,0.31534957178226125,0.31534957178226125,0.31534957178226125,0.067573474266968,0.0,0.067573474266968,0.067573474266968,0.067573474266968,0.067573474266968,0.067573474266968
white_wine_quality,missing_not_at_random,5,k_nearest_neighbors_imputation,1,0.2827016076996653,0.0,0.2827016076996653,0.2827016076996653,0.2827016076996653,0.2827016076996653,0.2827016076996653,0.05934154116432128,0.0,0.05934154116432128,0.05934154116432128,0.05934154116432128,0.05934154116432128,0.05934154116432128
white_wine_quality,missing_not_at_random,5,mice_imputation,1,0.30486303321501407,0.0,0.30486303321501407,0.30486303321501407,0.30486303321501407,0.30486303321501407,0.30486303321501407,0.05652550422490771,0.0,0.05652550422490771,0.05652550422490771,0.05652550422490771,0.05652550422490771,0.05652550422490771
white_wine_quality,missing_not_at_random,5,random_forest_imputation,1,0.2657600544195792,0.0,0.2657600544195792,0.2657600544195792,0.2657600544195792,0.2657600544195792,0.2657600544195792,0.05444851373092084,0.0,0.05444851373092084,0.05444851373092084,0.05444851373092084,0.05444851373092084,0.05444851373092084
white_wine_quality,missing_not_at_random,5,gain_imputation,1,0.3207806850293126,0.0,0.3207806850293126,0.3207806850293126,0.3207806850293126,0.3207806850293126,0.3207806850293126,0.057708197550830315,0.0,0.057708197550830315,0.057708197550830315,0.057708197550830315,0.057708197550830315,0.057708197550830315
white_wine_quality,missing_not_at_random,5,tabcsdi_imputation,1,0.3281960992003793,0.0,0.3281960992003793,0.3281960992003793,0.3281960992003793,0.3281960992003793,0.3281960992003793,0.06260427766727014,0.0,0.06260427766727014,0.06260427766727014,0.06260427766727014,0.06260427766727014,0.06260427766727014
white_wine_quality,missing_not_at_random,5,otimpute_imputation,1,0.28444034006159297,0.0,0.28444034006159297,0.28444034006159297,0.28444034006159297,0.28444034006159297,0.28444034006159297,0.05996504745122855,0.0,0.05996504745122855,0.05996504745122855,0.05996504745122855,0.05996504745122855,0.05996504745122855
white_wine_quality,missing_not_at_random,6,k_nearest_neighbors_imputation,1,0.28358139540105365,0.0,0.28358139540105365,0.28358139540105365,0.28358139540105365,0.28358139540105365,0.28358139540105365,0.06321617186466635,0.0,0.06321617186466635,0.06321617186466635,0.06321617186466635,0.06321617186466635,0.06321617186466635
white_wine_quality,missing_not_at_random,10,constant_imputation,1,0.3545441467373625,0.0,0.3545441467373625,0.3545441467373625,0.3545441467373625,0.3545441467373625,0.3545441467373625,0.10741557756050389,0.0,0.10741557756050389,0.10741557756050389,0.10741557756050389,0.10741557756050389,0.10741557756050389
white_wine_quality,missing_not_at_random,10,mean_imputation,1,0.44950634037431014,0.0,0.44950634037431014,0.44950634037431014,0.44950634037431014,0.44950634037431014,0.44950634037431014,0.13772814107103354,0.0,0.13772814107103354,0.13772814107103354,0.13772814107103354,0.13772814107103354,0.13772814107103354
white_wine_quality,missing_not_at_random,10,median_imputation,1,0.3980592625871352,0.0,0.3980592625871352,0.3980592625871352,0.3980592625871352,0.3980592625871352,0.3980592625871352,0.12053563978627013,0.0,0.12053563978627013,0.12053563978627013,0.12053563978627013,0.12053563978627013,0.12053563978627013
white_wine_quality,missing_not_at_random,10,k_nearest_neighbors_imputation,1,0.3696633952687609,0.0,0.3696633952687609,0.3696633952687609,0.3696633952687609,0.3696633952687609,0.3696633952687609,0.10682505643906874,0.0,0.10682505643906874,0.10682505643906874,0.10682505643906874,0.10682505643906874,0.10682505643906874
white_wine_quality,missing_not_at_random,10,mice_imputation,1,0.3930050293249668,0.0,0.3930050293249668,0.3930050293249668,0.3930050293249668,0.3930050293249668,0.3930050293249668,0.09609361367561849,0.0,0.09609361367561849,0.09609361367561849,0.09609361367561849,0.09609361367561849,0.09609361367561849
white_wine_quality,missing_not_at_random,10,random_forest_imputation,1,0.35078600646801655,0.0,0.35078600646801655,0.35078600646801655,0.35078600646801655,0.35078600646801655,0.35078600646801655,0.09506737494988507,0.0,0.09506737494988507,0.09506737494988507,0.09506737494988507,0.09506737494988507,0.09506737494988507
white_wine_quality,missing_not_at_random,10,gain_imputation,1,0.44923172364023195,0.0,0.44923172364023195,0.44923172364023195,0.44923172364023195,0.44923172364023195,0.44923172364023195,0.11443567428612736,0.0,0.11443567428612736,0.11443567428612736,0.11443567428612736,0.11443567428612736,0.11443567428612736
white_wine_quality,missing_not_at_random,10,tabcsdi_imputation,1,0.3718827561057641,0.0,0.3718827561057641,0.3718827561057641,0.3718827561057641,0.3718827561057641,0.3718827561057641,0.09740115475880207,0.0,0.09740115475880207,0.09740115475880207,0.09740115475880207,0.09740115475880207,0.09740115475880207
white_wine_quality,missing_not_at_random,10,otimpute_imputation,1,0.36224988360131805,0.0,0.36224988360131805,0.36224988360131805,0.36224988360131805,0.36224988360131805,0.36224988360131805,0.107036441199878,0.0,0.107036441199878,0.107036441199878,0.107036441199878,0.107036441199878,0.107036441199878
white_wine_quality,missing_not_at_random,8,k_nearest_neighbors_imputation,1,0.3270621274082336,0.0,0.3270621274082336,0.3270621274082336,0.3270621274082336,0.3270621274082336,0.3270621274082336,0.08426613320645669,0.0,0.08426613320645669,0.08426613320645669,0.08426613320645669,0.08426613320645669,0.08426613320645669
white_wine_quality,missing_not_at_random,15,k_nearest_neighbors_imputation,1,0.4709479283887093,0.0,0.4709479283887093,0.4709479283887093,0.4709479283887093,0.4709479283887093,0.4709479283887093,0.16810537283139057,0.0,0.16810537283139057,0.16810537283139057,0.16810537283139057,0.16810537283139057,0.16810537283139057
white_wine_quality,missing_not_at_random,20,k_nearest_neighbors_imputation,1,0.5757595421153975,0.0,0.5757595421153975,0.5757595421153975,0.5757595421153975,0.5757595421153975,0.5757595421153975,0.238709418666894,0.0,0.238709418666894,0.238709418666894,0.238709418666894,0.238709418666894,0.238709418666894
white_wine_quality,missing_not_at_random,30,k_nearest_neighbors_imputation,1,0.8287974402320323,0.0,0.8287974402320323,0.8287974402320323,0.8287974402320323,0.8287974402320323,0.8287974402320323,0.4212597725176965,0.0,0.4212597725176965,0.4212597725176965,0.4212597725176965,0.4212597725176965,0.4212597725176965
white_wine_quality,missing_not_at_random,25,constant_imputation,1,0.39940844293067757,0.0,0.39940844293067757,0.39940844293067757,0.39940844293067757,0.39940844293067757,0.39940844293067757,0.1682768682466217,0.0,0.1682768682466217,0.1682768682466217,0.1682768682466217,0.1682768682466217,0.1682768682466217
white_wine_quality,missing_not_at_random,25,mean_imputation,1,0.7844284340473359,0.0,0.7844284340473359,0.7844284340473359,0.7844284340473359,0.7844284340473359,0.7844284340473359,0.3737358693359727,0.0,0.3737358693359727,0.3737358693359727,0.3737358693359727,0.3737358693359727,0.3737358693359727
white_wine_quality,missing_not_at_random,25,median_imputation,1,0.6981282201135188,0.0,0.6981282201135188,0.6981282201135188,0.6981282201135188,0.6981282201135188,0.6981282201135188,0.32417058072268135,0.0,0.32417058072268135,0.32417058072268135,0.32417058072268135,0.32417058072268135,0.32417058072268135
white_wine_quality,missing_not_at_random,25,k_nearest_neighbors_imputation,1,0.6894481218774107,0.0,0.6894481218774107,0.6894481218774107,0.6894481218774107,0.6894481218774107,0.6894481218774107,0.3198354018852671,0.0,0.3198354018852671,0.3198354018852671,0.3198354018852671,0.3198354018852671,0.3198354018852671
white_wine_quality,missing_not_at_random,25,mice_imputation,1,0.7174173028629625,0.0,0.7174173028629625,0.7174173028629625,0.7174173028629625,0.7174173028629625,0.7174173028629625,0.29961224126768377,0.0,0.29961224126768377,0.29961224126768377,0.29961224126768377,0.29961224126768377,0.29961224126768377
white_wine_quality,missing_not_at_random,25,random_forest_imputation,1,0.73369785041444,0.0,0.73369785041444,0.73369785041444,0.73369785041444,0.73369785041444,0.73369785041444,0.3269366531709275,0.0,0.3269366531709275,0.3269366531709275,0.3269366531709275,0.3269366531709275,0.3269366531709275
white_wine_quality,missing_not_at_random,25,gain_imputation,1,0.743476948277147,0.0,0.743476948277147,0.743476948277147,0.743476948277147,0.743476948277147,0.743476948277147,0.32986165736811873,0.0,0.32986165736811873,0.32986165736811873,0.32986165736811873,0.32986165736811873,0.32986165736811873
white_wine_quality,missing_not_at_random,25,tabcsdi_imputation,1,0.7585331291037342,0.0,0.7585331291037342,0.7585331291037342,0.7585331291037342,0.7585331291037342,0.7585331291037342,0.33078411561689847,0.0,0.33078411561689847,0.33078411561689847,0.33078411561689847,0.33078411561689847,0.33078411561689847
white_wine_quality,missing_not_at_random,25,otimpute_imputation,1,0.6920351690569847,0.0,0.6920351690569847,0.6920351690569847,0.6920351690569847,0.6920351690569847,0.6920351690569847,0.32347948876348587,0.0,0.32347948876348587,0.32347948876348587,0.32347948876348587,0.32347948876348587,0.32347948876348587
white_wine_quality,missing_not_at_random,40,k_nearest_neighbors_imputation,1,1.3696651900492796,0.0,1.3696651900492796,1.3696651900492796,1.3696651900492796,1.3696651900492796,1.3696651900492796,0.8131929397039803,0.0,0.8131929397039803,0.8131929397039803,0.8131929397039803,0.8131929397039803,0.8131929397039803
debutanizer,missing_completely_at_random,2,k_nearest_neighbors_imputation,1,0.09438115868566914,0.0,0.09438115868566914,0.09438115868566914,0.09438115868566914,0.09438115868566914,0.09438115868566914,0.00779097693587273,0.0,0.00779097693587273,0.00779097693587273,0.00779097693587273,0.00779097693587273,0.00779097693587273
debutanizer,missing_completely_at_random,1,k_nearest_neighbors_imputation,1,0.07159733662160787,0.0,0.07159733662160787,0.07159733662160787,0.07159733662160787,0.07159733662160787,0.07159733662160787,0.003966567536776059,0.0,0.003966567536776059,0.003966567536776059,0.003966567536776059,0.003966567536776059,0.003966567536776059
debutanizer,missing_completely_at_random,3,k_nearest_neighbors_imputation,1,0.11608825475164236,0.0,0.11608825475164236,0.11608825475164236,0.11608825475164236,0.11608825475164236,0.11608825475164236,0.011611148251720863,0.0,0.011611148251720863,0.011611148251720863,0.011611148251720863,0.011611148251720863,0.011611148251720863
debutanizer,missing_completely_at_random,4,k_nearest_neighbors_imputation,1,0.12730203572811236,0.0,0.12730203572811236,0.12730203572811236,0.12730203572811236,0.12730203572811236,0.12730203572811236,0.014720184189629615,0.0,0.014720184189629615,0.014720184189629615,0.014720184189629615,0.014720184189629615,0.014720184189629615
debutanizer,missing_completely_at_random,5,constant_imputation,1,0.23002354780455675,0.0,0.23002354780455675,0.23002354780455675,0.23002354780455675,0.23002354780455675,0.23002354780455675,0.03224567600544451,0.0,0.03224567600544451,0.03224567600544451,0.03224567600544451,0.03224567600544451,0.03224567600544451
debutanizer,missing_completely_at_random,5,mean_imputation,1,0.23003350538941672,0.0,0.23003350538941672,0.23003350538941672,0.23003350538941672,0.23003350538941672,0.23003350538941672,0.03224286605024305,0.0,0.03224286605024305,0.03224286605024305,0.03224286605024305,0.03224286605024305,0.03224286605024305
debutanizer,missing_completely_at_random,5,median_imputation,1,0.23465998497491874,0.0,0.23465998497491874,0.23465998497491874,0.23465998497491874,0.23465998497491874,0.23465998497491874,0.031015487535635586,0.0,0.031015487535635586,0.031015487535635586,0.031015487535635586,0.031015487535635586,0.031015487535635586
debutanizer,missing_completely_at_random,5,k_nearest_neighbors_imputation,1,0.16117456834044788,0.0,0.16117456834044788,0.16117456834044788,0.16117456834044788,0.16117456834044788,0.16117456834044788,0.019471427076257392,0.0,0.019471427076257392,0.019471427076257392,0.019471427076257392,0.019471427076257392,0.019471427076257392
debutanizer,missing_completely_at_random,5,mice_imputation,9,0.20042704493263108,0.05002697724386701,0.20387224868216816,0.16634371466143172,0.24405423943309162,0.16197290613392373,0.23888118373133843,0.03027339822576827,0.008582456324625435,0.031240230148353434,0.024636456134333178,0.037918175669117246,0.02367633830083647,0.036870458150700065
debutanizer,missing_completely_at_random,5,random_forest_imputation,9,0.1060247346712105,0.027272722904484657,0.11996152837647311,0.08612865166933377,0.1226776830600734,0.08506106407253751,0.1269884052698835,0.014486853200948616,0.0039670527611370375,0.015316548534237749,0.010345212895525023,0.01766169785680081,0.011437506510363578,0.017536199891533655
debutanizer,missing_completely_at_random,5,gain_imputation,9,0.30203083094604344,0.07384776666837363,0.32610554774977946,0.23805136800348398,0.36183261587055837,0.2452664125084228,0.3587952493836641,0.04881754810402403,0.014632922451885728,0.05332484900493397,0.034894278824444666,0.06025334889581939,0.03756968820930057,0.06006540799874749
debutanizer,missing_completely_at_random,5,tabcsdi_imputation,9,0.20834787443629924,0.035796094530255236,0.2176058790750984,0.18350936225766176,0.22675411984479044,0.18083256043265664,0.23586318843994183,0.030259021171978335,0.00758287430836801,0.030709950006909827,0.02303933377093665,0.036403795657177176,0.024430308001368313,0.03608773434258836
debutanizer,missing_completely_at_random,5,otimpute_imputation,9,0.16354958734481462,0.032520205283315576,0.17782713091299465,0.12977918152434756,0.18867207165334868,0.13855234472447658,0.18854682996515265,0.022366639385687934,0.0049272165503678,0.02241905760777115,0.01777765866139173,0.02712979454809478,0.01857924547228975,0.026154033299086117
debutanizer,missing_completely_at_random,10,constant_imputation,1,0.31617613940078104,0.0,0.31617613940078104,0.31617613940078104,0.31617613940078104,0.31617613940078104,0.31617613940078104,0.06412373794836047,0.0,0.06412373794836047,0.06412373794836047,0.06412373794836047,0.06412373794836047,0.06412373794836047
debutanizer,missing_completely_at_random,10,mean_imputation,1,0.3162633836958842,0.0,0.3162633836958842,0.3162633836958842,0.3162633836958842,0.3162633836958842,0.3162633836958842,0.06428647419886503,0.0,0.06428647419886503,0.06428647419886503,0.06428647419886503,0.06428647419886503,0.06428647419886503
debutanizer,missing_completely_at_random,10,median_imputation,1,0.3210206928929582,0.0,0.3210206928929582,0.3210206928929582,0.3210206928929582,0.3210206928929582,0.3210206928929582,0.06166982254203026,0.0,0.06166982254203026,0.06166982254203026,0.06166982254203026,0.06166982254203026,0.06166982254203026
debutanizer,missing_completely_at_random,10,k_nearest_neighbors_imputation,1,0.23059435940400283,0.0,0.23059435940400283,0.23059435940400283,0.23059435940400283,0.23059435940400283,0.23059435940400283,0.041798289801628224,0.0,0.041798289801628224,0.041798289801628224,0.041798289801628224,0.041798289801628224,0.041798289801628224
debutanizer,missing_completely_at_random,10,mice_imputation,9,0.3018900767824897,0.05568005096785715,0.32665469556211507,0.24891584914714227,0.34655450884837924,0.25909060085573726,0.3446895527092421,0.062287751953909995,0.015515062411724987,0.06681177722281664,0.04984752723556519,0.07484005215061704,0.05036181926078048,0.07421368464703951
debutanizer,missing_completely_at_random,10,random_forest_imputation,9,0.1573511195341883,0.03501302387415291,0.17397645216281402,0.13034704442006004,0.18139327496511345,0.13043772692092204,0.18426451214745454,0.0310058764135423,0.008642228838891954,0.03156508170024852,0.023213544789480192,0.038891773792550766,0.024362871266920452,0.037648881560164146
debutanizer,missing_completely_at_random,10,gain_imputation,9,0.42952582862364214,0.11990751152626773,0.4139163019406113,0.36857712721051566,0.525283661070179,0.3373567561497706,0.5216949010975136,0.0976096633726876,0.033885877649548826,0.09108437202471147,0.08168089873372956,0.12256911042258171,0.0715626720443936,0.12365665470098161
debutanizer,missing_completely_at_random,10,tabcsdi_imputation,9,0.3035198140686777,0.04046915240474063,0.30625482243317825,0.26143180380270187,0.32438120211299065,0.2724124698041645,0.33462715833319084,0.060857564224446374,0.013164359057838533,0.06030900846423217,0.049882055345730036,0.07321814445312791,0.050738542082883684,0.07097658636600906
debutanizer,missing_completely_at_random,10,otimpute_imputation,9,0.2427549045628575,0.04509994153274844,0.2614584506837556,0.20571306148815738,0.27447605152361065,0.20808802067219617,0.27742178845351884,0.046640547100540414,0.009155425602059177,0.046472204718055916,0.039784436190225536,0.05505853982522252,0.039603064001239564,0.05367803019984126
debutanizer,missing_completely_at_random,15,k_nearest_neighbors_imputation,1,0.28619394989984087,0.0,0.28619394989984087,0.28619394989984087,0.28619394989984087,0.28619394989984087,0.28619394989984087,0.06414359555136188,0.0,0.06414359555136188,0.06414359555136188,0.06414359555136188,0.06414359555136188,0.06414359555136188
debutanizer,missing_completely_at_random,6,k_nearest_neighbors_imputation,1,0.18196461944835898,0.0,0.18196461944835898,0.18196461944835898,0.18196461944835898,0.18196461944835898,0.18196461944835898,0.02405095871007434,0.0,0.02405095871007434,0.02405095871007434,0.02405095871007434,0.02405095871007434,0.02405095871007434
debutanizer,missing_completely_at_random,8,k_nearest_neighbors_imputation,1,0.208442723643572,0.0,0.208442723643572,0.208442723643572,0.208442723643572,0.208442723643572,0.208442723643572,0.03337812855335822,0.0,0.03337812855335822,0.03337812855335822,0.03337812855335822,0.03337812855335822,0.03337812855335822
debutanizer,missing_completely_at_random,20,k_nearest_neighbors_imputation,1,0.3540532763483064,0.0,0.3540532763483064,0.3540532763483064,0.3540532763483064,0.3540532763483064,0.3540532763483064,0.08977223524448076,0.0,0.08977223524448076,0.08977223524448076,0.08977223524448076,0.08977223524448076,0.08977223524448076
debutanizer,missing_completely_at_random,30,k_nearest_neighbors_imputation,1,0.4506954671072292,0.0,0.4506954671072292,0.4506954671072292,0.4506954671072292,0.4506954671072292,0.4506954671072292,0.14212357977058526,0.0,0.14212357977058526,0.14212357977058526,0.14212357977058526,0.14212357977058526,0.14212357977058526
debutanizer,missing_completely_at_random,25,constant_imputation,1,0.49911887312532005,0.0,0.49911887312532005,0.49911887312532005,0.49911887312532005,0.49911887312532005,0.49911887312532005,0.16020669348953767,0.0,0.16020669348953767,0.16020669348953767,0.16020669348953767,0.16020669348953767,0.16020669348953767
debutanizer,missing_completely_at_random,25,mean_imputation,1,0.4994464112110619,0.0,0.4994464112110619,0.4994464112110619,0.4994464112110619,0.4994464112110619,0.4994464112110619,0.16040297557529656,0.0,0.16040297557529656,0.16040297557529656,0.16040297557529656,0.16040297557529656,0.16040297557529656
debutanizer,missing_completely_at_random,25,median_imputation,1,0.5098780569240963,0.0,0.5098780569240963,0.5098780569240963,0.5098780569240963,0.5098780569240963,0.5098780569240963,0.15463954860415832,0.0,0.15463954860415832,0.15463954860415832,0.15463954860415832,0.15463954860415832,0.15463954860415832
debutanizer,missing_completely_at_random,25,k_nearest_neighbors_imputation,1,0.39363186205506306,0.0,0.39363186205506306,0.39363186205506306,0.39363186205506306,0.39363186205506306,0.39363186205506306,0.11439878897533738,0.0,0.11439878897533738,0.11439878897533738,0.11439878897533738,0.11439878897533738,0.11439878897533738
debutanizer,missing_completely_at_random,25,mice_imputation,9,0.49986174396164773,0.0820584366201908,0.5260122534356402,0.4168503861371523,0.5838450251495179,0.43678604590346476,0.5629374420198308,0.16336677765534208,0.03399018963226641,0.17370222177803846,0.13601684110155277,0.18974136170426978,0.13723960503921537,0.1894939502714688
debutanizer,missing_completely_at_random,25,random_forest_imputation,9,0.3030485007478296,0.06733324337653808,0.3211340327607915,0.2562804664681719,0.370163366796418,0.25129158819349445,0.3548054133021647,0.09722826317369287,0.026864374206114816,0.09791323867398692,0.07573655118534464,0.1266147818456255,0.0765784771707019,0.11787804917668385
debutanizer,missing_completely_at_random,25,gain_imputation,9,0.6119757959768489,0.25970997672014745,0.5611351817048644,0.38541083835943674,0.826388688316959,0.412345035886703,0.8116065560669948,0.2335038317801106,0.12696787593149367,0.19784831679464177,0.12834598081858173,0.3192367639719918,0.13590768280140597,0.33109998075881525
debutanizer,missing_completely_at_random,25,tabcsdi_imputation,9,0.5465210877429799,0.05832498151733875,0.5629047084812958,0.5137790475800638,0.583887015271305,0.5016885382214167,0.5913536372645432,0.1816177881821101,0.03393306662502119,0.1940824329009081,0.16493621085380566,0.1958744985156384,0.155534524196291,0.20770105216792922
debutanizer,missing_completely_at_random,25,otimpute_imputation,9,0.40469519328272036,0.04447008812370103,0.42474617508665685,0.36671840579554615,0.43800810607980295,0.3705124575806709,0.4388779289847698,0.12787213542670325,0.016156711307533624,0.12517393583770403,0.11614830583141997,0.14455802924711336,0.11545298773121244,0.14029128312219408
debutanizer,missing_completely_at_random,40,k_nearest_neighbors_imputation,1,0.5660535425021967,0.0,0.5660535425021967,0.5660535425021967,0.5660535425021967,0.5660535425021967,0.5660535425021967,0.20626106416557616,0.0,0.20626106416557616,0.20626106416557616,0.20626106416557616,0.20626106416557616,0.20626106416557616
debutanizer,missing_at_random,2,k_nearest_neighbors_imputation,1,0.14709028093842666,0.0,0.14709028093842666,0.14709028093842666,0.14709028093842666,0.14709028093842666,0.14709028093842666,0.015255752311414659,0.0,0.015255752311414659,0.015255752311414659,0.015255752311414659,0.015255752311414659,0.015255752311414659
debutanizer,missing_at_random,1,k_nearest_neighbors_imputation,1,0.11813643883791625,0.0,0.11813643883791625,0.11813643883791625,0.11813643883791625,0.11813643883791625,0.11813643883791625,0.00901242863228453,0.0,0.00901242863228453,0.00901242863228453,0.00901242863228453,0.00901242863228453,0.00901242863228453
debutanizer,missing_at_random,4,k_nearest_neighbors_imputation,1,0.19861344244352724,0.0,0.19861344244352724,0.19861344244352724,0.19861344244352724,0.19861344244352724,0.19861344244352724,0.028838206324473672,0.0,0.028838206324473672,0.028838206324473672,0.028838206324473672,0.028838206324473672,0.028838206324473672
debutanizer,missing_at_random,6,k_nearest_neighbors_imputation,1,0.22538959936888917,0.0,0.22538959936888917,0.22538959936888917,0.22538959936888917,0.22538959936888917,0.22538959936888917,0.03900722722865452,0.0,0.03900722722865452,0.03900722722865452,0.03900722722865452,0.03900722722865452,0.03900722722865452
debutanizer,missing_at_random,3,k_nearest_neighbors_imputation,1,0.17166513868292543,0.0,0.17166513868292543,0.17166513868292543,0.17166513868292543,0.17166513868292543,0.17166513868292543,0.021815091899840308,0.0,0.021815091899840308,0.021815091899840308,0.021815091899840308,0.021815091899840308,0.021815091899840308
debutanizer,missing_at_random,5,constant_imputation,1,0.29233616652204525,0.0,0.29233616652204525,0.29233616652204525,0.29233616652204525,0.29233616652204525,0.29233616652204525,0.054620352222178724,0.0,0.054620352222178724,0.054620352222178724,0.054620352222178724,0.054620352222178724,0.054620352222178724
debutanizer,missing_at_random,5,mean_imputation,1,0.30604176222238016,0.0,0.30604176222238016,0.30604176222238016,0.30604176222238016,0.30604176222238016,0.30604176222238016,0.057129040138557484,0.0,0.057129040138557484,0.057129040138557484,0.057129040138557484,0.057129040138557484,0.057129040138557484
debutanizer,missing_at_random,5,median_imputation,1,0.3293244051095822,0.0,0.3293244051095822,0.3293244051095822,0.3293244051095822,0.3293244051095822,0.3293244051095822,0.06111087031584821,0.0,0.06111087031584821,0.06111087031584821,0.06111087031584821,0.06111087031584821,0.06111087031584821
debutanizer,missing_at_random,5,k_nearest_neighbors_imputation,1,0.2100160494331891,0.0,0.2100160494331891,0.2100160494331891,0.2100160494331891,0.2100160494331891,0.2100160494331891,0.03342290469268065,0.0,0.03342290469268065,0.03342290469268065,0.03342290469268065,0.03342290469268065,0.03342290469268065
debutanizer,missing_at_random,5,mice_imputation,1,0.26993398265045937,0.0,0.26993398265045937,0.26993398265045937,0.26993398265045937,0.26993398265045937,0.26993398265045937,0.04753806109885279,0.0,0.04753806109885279,0.04753806109885279,0.04753806109885279,0.04753806109885279,0.04753806109885279
debutanizer,missing_at_random,5,random_forest_imputation,1,0.2813780028672529,0.0,0.2813780028672529,0.2813780028672529,0.2813780028672529,0.2813780028672529,0.2813780028672529,0.04749189159568561,0.0,0.04749189159568561,0.04749189159568561,0.04749189159568561,0.04749189159568561,0.04749189159568561
debutanizer,missing_at_random,5,gain_imputation,1,0.36360743587230854,0.0,0.36360743587230854,0.36360743587230854,0.36360743587230854,0.36360743587230854,0.36360743587230854,0.06539869514662769,0.0,0.06539869514662769,0.06539869514662769,0.06539869514662769,0.06539869514662769,0.06539869514662769
debutanizer,missing_at_random,5,tabcsdi_imputation,1,0.3226543687881963,0.0,0.3226543687881963,0.3226543687881963,0.3226543687881963,0.3226543687881963,0.3226543687881963,0.05043514439059795,0.0,0.05043514439059795,0.05043514439059795,0.05043514439059795,0.05043514439059795,0.05043514439059795
debutanizer,missing_at_random,5,otimpute_imputation,1,0.26192691157784614,0.0,0.26192691157784614,0.26192691157784614,0.26192691157784614,0.26192691157784614,0.26192691157784614,0.04713186259461517,0.0,0.04713186259461517,0.04713186259461517,0.04713186259461517,0.04713186259461517,0.04713186259461517
debutanizer,missing_at_random,8,k_nearest_neighbors_imputation,1,0.2496982235697452,0.0,0.2496982235697452,0.2496982235697452,0.2496982235697452,0.2496982235697452,0.2496982235697452,0.049539672613679794,0.0,0.049539672613679794,0.049539672613679794,0.049539672613679794,0.049539672613679794,0.049539672613679794
debutanizer,missing_at_random,20,k_nearest_neighbors_imputation,1,0.4343887029499953,0.0,0.4343887029499953,0.4343887029499953,0.4343887029499953,0.4343887029499953,0.4343887029499953,0.14782227154334043,0.0,0.14782227154334043,0.14782227154334043,0.14782227154334043,0.14782227154334043,0.14782227154334043
debutanizer,missing_at_random,10,constant_imputation,1,0.3794467805788921,0.0,0.3794467805788921,0.3794467805788921,0.3794467805788921,0.3794467805788921,0.3794467805788921,0.09891929344983502,0.0,0.09891929344983502,0.09891929344983502,0.09891929344983502,0.09891929344983502,0.09891929344983502
debutanizer,missing_at_random,10,mean_imputation,1,0.41636432229223386,0.0,0.41636432229223386,0.41636432229223386,0.41636432229223386,0.41636432229223386,0.41636432229223386,0.10893287886405802,0.0,0.10893287886405802,0.10893287886405802,0.10893287886405802,0.10893287886405802,0.10893287886405802
debutanizer,missing_at_random,10,median_imputation,1,0.457510007888315,0.0,0.457510007888315,0.457510007888315,0.457510007888315,0.457510007888315,0.457510007888315,0.12048603790853758,0.0,0.12048603790853758,0.12048603790853758,0.12048603790853758,0.12048603790853758,0.12048603790853758
debutanizer,missing_at_random,10,k_nearest_neighbors_imputation,1,0.27466389441367217,0.0,0.27466389441367217,0.27466389441367217,0.27466389441367217,0.27466389441367217,0.27466389441367217,0.061698602079973804,0.0,0.061698602079973804,0.061698602079973804,0.061698602079973804,0.061698602079973804,0.061698602079973804
debutanizer,missing_at_random,10,mice_imputation,1,0.36871170116491836,0.0,0.36871170116491836,0.36871170116491836,0.36871170116491836,0.36871170116491836,0.36871170116491836,0.09228659384905692,0.0,0.09228659384905692,0.09228659384905692,0.09228659384905692,0.09228659384905692,0.09228659384905692
debutanizer,missing_at_random,10,random_forest_imputation,1,0.33815803965885893,0.0,0.33815803965885893,0.33815803965885893,0.33815803965885893,0.33815803965885893,0.33815803965885893,0.08193040573323773,0.0,0.08193040573323773,0.08193040573323773,0.08193040573323773,0.08193040573323773,0.08193040573323773
debutanizer,missing_at_random,10,gain_imputation,1,0.48927792702976924,0.0,0.48927792702976924,0.48927792702976924,0.48927792702976924,0.48927792702976924,0.48927792702976924,0.1206151708689222,0.0,0.1206151708689222,0.1206151708689222,0.1206151708689222,0.1206151708689222,0.1206151708689222
debutanizer,missing_at_random,10,tabcsdi_imputation,1,0.4171395899786198,0.0,0.4171395899786198,0.4171395899786198,0.4171395899786198,0.4171395899786198,0.4171395899786198,0.09473964585608334,0.0,0.09473964585608334,0.09473964585608334,0.09473964585608334,0.09473964585608334,0.09473964585608334
debutanizer,missing_at_random,10,otimpute_imputation,1,0.3723147899949983,0.0,0.3723147899949983,0.3723147899949983,0.3723147899949983,0.3723147899949983,0.3723147899949983,0.09484884236793548,0.0,0.09484884236793548,0.09484884236793548,0.09484884236793548,0.09484884236793548,0.09484884236793548
debutanizer,missing_at_random,25,constant_imputation,1,0.5314564686146919,0.0,0.5314564686146919,0.5314564686146919,0.5314564686146919,0.5314564686146919,0.5314564686146919,0.21632223875296205,0.0,0.21632223875296205,0.21632223875296205,0.21632223875296205,0.21632223875296205,0.21632223875296205
debutanizer,missing_at_random,25,mean_imputation,1,0.6667872486254519,0.0,0.6667872486254519,0.6667872486254519,0.6667872486254519,0.6667872486254519,0.6667872486254519,0.2737146075080029,0.0,0.2737146075080029,0.2737146075080029,0.2737146075080029,0.2737146075080029,0.2737146075080029
debutanizer,missing_at_random,25,median_imputation,1,0.716899152581263,0.0,0.716899152581263,0.716899152581263,0.716899152581263,0.716899152581263,0.716899152581263,0.2957332891354783,0.0,0.2957332891354783,0.2957332891354783,0.2957332891354783,0.2957332891354783,0.2957332891354783
debutanizer,missing_at_random,25,k_nearest_neighbors_imputation,1,0.5162338665815057,0.0,0.5162338665815057,0.5162338665815057,0.5162338665815057,0.5162338665815057,0.5162338665815057,0.19700809597928762,0.0,0.19700809597928762,0.19700809597928762,0.19700809597928762,0.19700809597928762,0.19700809597928762
debutanizer,missing_at_random,25,mice_imputation,1,0.6504451128559394,0.0,0.6504451128559394,0.6504451128559394,0.6504451128559394,0.6504451128559394,0.6504451128559394,0.26039955466216735,0.0,0.26039955466216735,0.26039955466216735,0.26039955466216735,0.26039955466216735,0.26039955466216735
debutanizer,missing_at_random,25,random_forest_imputation,1,0.666002264407006,0.0,0.666002264407006,0.666002264407006,0.666002264407006,0.666002264407006,0.666002264407006,0.2690950221639764,0.0,0.2690950221639764,0.2690950221639764,0.2690950221639764,0.2690950221639764,0.2690950221639764
debutanizer,missing_at_random,25,gain_imputation,1,0.7937074470016333,0.0,0.7937074470016333,0.7937074470016333,0.7937074470016333,0.7937074470016333,0.7937074470016333,0.30206649480747244,0.0,0.30206649480747244,0.30206649480747244,0.30206649480747244,0.30206649480747244,0.30206649480747244
debutanizer,missing_at_random,25,tabcsdi_imputation,1,0.646487335190501,0.0,0.646487335190501,0.646487335190501,0.646487335190501,0.646487335190501,0.646487335190501,0.2489724191772355,0.0,0.2489724191772355,0.2489724191772355,0.2489724191772355,0.2489724191772355,0.2489724191772355
debutanizer,missing_at_random,25,otimpute_imputation,1,0.6480673312931327,0.0,0.6480673312931327,0.6480673312931327,0.6480673312931327,0.6480673312931327,0.6480673312931327,0.2645331695163952,0.0,0.2645331695163952,0.2645331695163952,0.2645331695163952,0.2645331695163952,0.2645331695163952
debutanizer,missing_at_random,30,k_nearest_neighbors_imputation,1,0.5751516267714006,0.0,0.5751516267714006,0.5751516267714006,0.5751516267714006,0.5751516267714006,0.5751516267714006,0.2408614889514004,0.0,0.2408614889514004,0.2408614889514004,0.2408614889514004,0.2408614889514004,0.2408614889514004
debutanizer,missing_at_random,15,k_nearest_neighbors_imputation,1,0.34623963306461786,0.0,0.34623963306461786,0.34623963306461786,0.34623963306461786,0.34623963306461786,0.34623963306461786,0.0985592871450504,0.0,0.0985592871450504,0.0985592871450504,0.0985592871450504,0.0985592871450504,0.0985592871450504
debutanizer,missing_at_random,40,k_nearest_neighbors_imputation,1,0.7926739224716262,0.0,0.7926739224716262,0.7926739224716262,0.7926739224716262,0.7926739224716262,0.7926739224716262,0.39434892917733855,0.0,0.39434892917733855,0.39434892917733855,0.39434892917733855,0.39434892917733855,0.39434892917733855
debutanizer,missing_not_at_random,1,k_nearest_neighbors_imputation,1,0.15835637003425532,0.0,0.15835637003425532,0.15835637003425532,0.15835637003425532,0.15835637003425532,0.15835637003425532,0.014849901352354663,0.0,0.014849901352354663,0.014849901352354663,0.014849901352354663,0.014849901352354663,0.014849901352354663
debutanizer,missing_not_at_random,2,k_nearest_neighbors_imputation,1,0.2136880343043523,0.0,0.2136880343043523,0.2136880343043523,0.2136880343043523,0.2136880343043523,0.2136880343043523,0.027346601527980255,0.0,0.027346601527980255,0.027346601527980255,0.027346601527980255,0.027346601527980255,0.027346601527980255
debutanizer,missing_not_at_random,4,k_nearest_neighbors_imputation,1,0.38050194923659186,0.0,0.38050194923659186,0.38050194923659186,0.38050194923659186,0.38050194923659186,0.38050194923659186,0.04587810804783637,0.0,0.04587810804783637,0.04587810804783637,0.04587810804783637,0.04587810804783637,0.04587810804783637
debutanizer,missing_not_at_random,3,k_nearest_neighbors_imputation,1,0.2508333652750685,0.0,0.2508333652750685,0.2508333652750685,0.2508333652750685,0.2508333652750685,0.2508333652750685,0.03843728028165974,0.0,0.03843728028165974,0.03843728028165974,0.03843728028165974,0.03843728028165974,0.03843728028165974
debutanizer,missing_not_at_random,5,constant_imputation,1,0.37822635061355875,0.0,0.37822635061355875,0.37822635061355875,0.37822635061355875,0.37822635061355875,0.37822635061355875,0.08038273612141027,0.0,0.08038273612141027,0.08038273612141027,0.08038273612141027,0.08038273612141027,0.08038273612141027
debutanizer,missing_not_at_random,5,mean_imputation,1,0.4249626732029427,0.0,0.4249626732029427,0.4249626732029427,0.4249626732029427,0.4249626732029427,0.4249626732029427,0.09098641620551122,0.0,0.09098641620551122,0.09098641620551122,0.09098641620551122,0.09098641620551122,0.09098641620551122
debutanizer,missing_not_at_random,5,median_imputation,1,0.41819589931138607,0.0,0.41819589931138607,0.41819589931138607,0.41819589931138607,0.41819589931138607,0.41819589931138607,0.0881868189942901,0.0,0.0881868189942901,0.0881868189942901,0.0881868189942901,0.0881868189942901,0.0881868189942901
debutanizer,missing_not_at_random,5,k_nearest_neighbors_imputation,1,0.3060310740372728,0.0,0.3060310740372728,0.3060310740372728,0.3060310740372728,0.3060310740372728,0.3060310740372728,0.05835613482867086,0.0,0.05835613482867086,0.05835613482867086,0.05835613482867086,0.05835613482867086,0.05835613482867086
debutanizer,missing_not_at_random,5,mice_imputation,1,0.3161482006462027,0.0,0.3161482006462027,0.3161482006462027,0.3161482006462027,0.3161482006462027,0.3161482006462027,0.05576249678376031,0.0,0.05576249678376031,0.05576249678376031,0.05576249678376031,0.05576249678376031,0.05576249678376031
debutanizer,missing_not_at_random,5,random_forest_imputation,1,0.28193469930464604,0.0,0.28193469930464604,0.28193469930464604,0.28193469930464604,0.28193469930464604,0.28193469930464604,0.05097607573460756,0.0,0.05097607573460756,0.05097607573460756,0.05097607573460756,0.05097607573460756,0.05097607573460756
debutanizer,missing_not_at_random,5,gain_imputation,1,0.3862415430852389,0.0,0.3862415430852389,0.3862415430852389,0.3862415430852389,0.3862415430852389,0.3862415430852389,0.06933126422383457,0.0,0.06933126422383457,0.06933126422383457,0.06933126422383457,0.06933126422383457,0.06933126422383457
debutanizer,missing_not_at_random,5,tabcsdi_imputation,1,0.2922094579972887,0.0,0.2922094579972887,0.2922094579972887,0.2922094579972887,0.2922094579972887,0.2922094579972887,0.04910448243120521,0.0,0.04910448243120521,0.04910448243120521,0.04910448243120521,0.04910448243120521,0.04910448243120521
debutanizer,missing_not_at_random,5,otimpute_imputation,1,0.34883249519954984,0.0,0.34883249519954984,0.34883249519954984,0.34883249519954984,0.34883249519954984,0.34883249519954984,0.06921377404949898,0.0,0.06921377404949898,0.06921377404949898,0.06921377404949898,0.06921377404949898,0.06921377404949898
debutanizer,missing_not_at_random,8,k_nearest_neighbors_imputation,1,0.42286786011544497,0.0,0.42286786011544497,0.42286786011544497,0.42286786011544497,0.42286786011544497,0.42286786011544497,0.07819893412994297,0.0,0.07819893412994297,0.07819893412994297,0.07819893412994297,0.07819893412994297,0.07819893412994297
debutanizer,missing_not_at_random,10,constant_imputation,1,0.4332084330796402,0.0,0.4332084330796402,0.4332084330796402,0.4332084330796402,0.4332084330796402,0.4332084330796402,0.12583622995603783,0.0,0.12583622995603783,0.12583622995603783,0.12583622995603783,0.12583622995603783,0.12583622995603783
debutanizer,missing_not_at_random,10,mean_imputation,1,0.548893691559113,0.0,0.548893691559113,0.548893691559113,0.548893691559113,0.548893691559113,0.548893691559113,0.16416999156117418,0.0,0.16416999156117418,0.16416999156117418,0.16416999156117418,0.16416999156117418,0.16416999156117418
debutanizer,missing_not_at_random,10,median_imputation,1,0.5397263035581624,0.0,0.5397263035581624,0.5397263035581624,0.5397263035581624,0.5397263035581624,0.5397263035581624,0.1581597684864474,0.0,0.1581597684864474,0.1581597684864474,0.1581597684864474,0.1581597684864474,0.1581597684864474
debutanizer,missing_not_at_random,10,k_nearest_neighbors_imputation,1,0.40663109498250405,0.0,0.40663109498250405,0.40663109498250405,0.40663109498250405,0.40663109498250405,0.40663109498250405,0.1082325050022219,0.0,0.1082325050022219,0.1082325050022219,0.1082325050022219,0.1082325050022219,0.1082325050022219
debutanizer,missing_not_at_random,10,mice_imputation,1,0.39106139881078195,0.0,0.39106139881078195,0.39106139881078195,0.39106139881078195,0.39106139881078195,0.39106139881078195,0.09821447855327171,0.0,0.09821447855327171,0.09821447855327171,0.09821447855327171,0.09821447855327171,0.09821447855327171
debutanizer,missing_not_at_random,10,random_forest_imputation,1,0.3834013177289759,0.0,0.3834013177289759,0.3834013177289759,0.3834013177289759,0.3834013177289759,0.3834013177289759,0.09710904503143662,0.0,0.09710904503143662,0.09710904503143662,0.09710904503143662,0.09710904503143662,0.09710904503143662
debutanizer,missing_not_at_random,10,gain_imputation,1,0.44721199229203795,0.0,0.44721199229203795,0.44721199229203795,0.44721199229203795,0.44721199229203795,0.44721199229203795,0.11583517822880776,0.0,0.11583517822880776,0.11583517822880776,0.11583517822880776,0.11583517822880776,0.11583517822880776
debutanizer,missing_not_at_random,10,tabcsdi_imputation,1,0.4101543545630649,0.0,0.4101543545630649,0.4101543545630649,0.4101543545630649,0.4101543545630649,0.4101543545630649,0.10127569657774342,0.0,0.10127569657774342,0.10127569657774342,0.10127569657774342,0.10127569657774342,0.10127569657774342
debutanizer,missing_not_at_random,10,otimpute_imputation,1,0.4571591830951142,0.0,0.4571591830951142,0.4571591830951142,0.4571591830951142,0.4571591830951142,0.4571591830951142,0.12899314095014552,0.0,0.12899314095014552,0.12899314095014552,0.12899314095014552,0.12899314095014552,0.12899314095014552
debutanizer,missing_not_at_random,6,k_nearest_neighbors_imputation,1,0.3270078048073974,0.0,0.3270078048073974,0.3270078048073974,0.3270078048073974,0.3270078048073974,0.3270078048073974,0.06783702225305137,0.0,0.06783702225305137,0.06783702225305137,0.06783702225305137,0.06783702225305137,0.06783702225305137
debutanizer,missing_not_at_random,15,k_nearest_neighbors_imputation,1,0.4842964226579631,0.0,0.4842964226579631,0.4842964226579631,0.4842964226579631,0.4842964226579631,0.4842964226579631,0.1603454574296144,0.0,0.1603454574296144,0.1603454574296144,0.1603454574296144,0.1603454574296144,0.1603454574296144
debutanizer,missing_not_at_random,20,k_nearest_neighbors_imputation,1,0.5866073373726778,0.0,0.5866073373726778,0.5866073373726778,0.5866073373726778,0.5866073373726778,0.5866073373726778,0.22944547859749348,0.0,0.22944547859749348,0.22944547859749348,0.22944547859749348,0.22944547859749348,0.22944547859749348
debutanizer,missing_not_at_random,25,constant_imputation,1,0.45557902393469213,0.0,0.45557902393469213,0.45557902393469213,0.45557902393469213,0.45557902393469213,0.45557902393469213,0.17369510263887045,0.0,0.17369510263887045,0.17369510263887045,0.17369510263887045,0.17369510263887045,0.17369510263887045
debutanizer,missing_not_at_random,25,mean_imputation,1,0.8398662512233983,0.0,0.8398662512233983,0.8398662512233983,0.8398662512233983,0.8398662512233983,0.8398662512233983,0.38702494850519426,0.0,0.38702494850519426,0.38702494850519426,0.38702494850519426,0.38702494850519426,0.38702494850519426
debutanizer,missing_not_at_random,25,median_imputation,1,0.7853316162960027,0.0,0.7853316162960027,0.7853316162960027,0.7853316162960027,0.7853316162960027,0.7853316162960027,0.35419772492753554,0.0,0.35419772492753554,0.35419772492753554,0.35419772492753554,0.35419772492753554,0.35419772492753554
debutanizer,missing_not_at_random,25,k_nearest_neighbors_imputation,1,0.7150434988546044,0.0,0.7150434988546044,0.7150434988546044,0.7150434988546044,0.7150434988546044,0.7150434988546044,0.3165636495122648,0.0,0.3165636495122648,0.3165636495122648,0.3165636495122648,0.3165636495122648,0.3165636495122648
debutanizer,missing_not_at_random,25,mice_imputation,1,0.7572382032810784,0.0,0.7572382032810784,0.7572382032810784,0.7572382032810784,0.7572382032810784,0.7572382032810784,0.32165366321088656,0.0,0.32165366321088656,0.32165366321088656,0.32165366321088656,0.32165366321088656,0.32165366321088656
debutanizer,missing_not_at_random,25,random_forest_imputation,1,0.7784458672474667,0.0,0.7784458672474667,0.7784458672474667,0.7784458672474667,0.7784458672474667,0.7784458672474667,0.3249449252895615,0.0,0.3249449252895615,0.3249449252895615,0.3249449252895615,0.3249449252895615,0.3249449252895615
debutanizer,missing_not_at_random,25,gain_imputation,1,0.8364126042333905,0.0,0.8364126042333905,0.8364126042333905,0.8364126042333905,0.8364126042333905,0.8364126042333905,0.3593265052190692,0.0,0.3593265052190692,0.3593265052190692,0.3593265052190692,0.3593265052190692,0.3593265052190692
debutanizer,missing_not_at_random,25,tabcsdi_imputation,1,0.7264584431586574,0.0,0.7264584431586574,0.7264584431586574,0.7264584431586574,0.7264584431586574,0.7264584431586574,0.31095223426570207,0.0,0.31095223426570207,0.31095223426570207,0.31095223426570207,0.31095223426570207,0.31095223426570207
debutanizer,missing_not_at_random,25,otimpute_imputation,1,0.7638709384578645,0.0,0.7638709384578645,0.7638709384578645,0.7638709384578645,0.7638709384578645,0.7638709384578645,0.3423496631108768,0.0,0.3423496631108768,0.3423496631108768,0.3423496631108768,0.3423496631108768,0.3423496631108768
debutanizer,missing_not_at_random,30,k_nearest_neighbors_imputation,1,0.8838935936329345,0.0,0.8838935936329345,0.8838935936329345,0.8838935936329345,0.8838935936329345,0.8838935936329345,0.43454953788257283,0.0,0.43454953788257283,0.43454953788257283,0.43454953788257283,0.43454953788257283,0.43454953788257283
debutanizer,missing_not_at_random,40,k_nearest_neighbors_imputation,1,1.364532054115837,0.0,1.364532054115837,1.364532054115837,1.364532054115837,1.364532054115837,1.364532054115837,0.7744882125492396,0.0,0.7744882125492396,0.7744882125492396,0.7744882125492396,0.7744882125492396,0.7744882125492396
concrete_data,missing_completely_at_random,1,k_nearest_neighbors_imputation,1,0.045476667337612645,0.0,0.045476667337612645,0.045476667337612645,0.045476667337612645,0.045476667337612645,0.045476667337612645,0.0036531297824093567,0.0,0.0036531297824093567,0.0036531297824093567,0.0036531297824093567,0.0036531297824093567,0.0036531297824093567
concrete_data,missing_completely_at_random,3,k_nearest_neighbors_imputation,1,0.10175275294132588,0.0,0.10175275294132588,0.10175275294132588,0.10175275294132588,0.10175275294132588,0.10175275294132588,0.013812258571309643,0.0,0.013812258571309643,0.013812258571309643,0.013812258571309643,0.013812258571309643,0.013812258571309643
concrete_data,missing_completely_at_random,2,k_nearest_neighbors_imputation,1,0.07593871466062307,0.0,0.07593871466062307,0.07593871466062307,0.07593871466062307,0.07593871466062307,0.07593871466062307,0.008382167360537093,0.0,0.008382167360537093,0.008382167360537093,0.008382167360537093,0.008382167360537093,0.008382167360537093
concrete_data,missing_completely_at_random,4,k_nearest_neighbors_imputation,1,0.11798365425790355,0.0,0.11798365425790355,0.11798365425790355,0.11798365425790355,0.11798365425790355,0.11798365425790355,0.01854417058002667,0.0,0.01854417058002667,0.01854417058002667,0.01854417058002667,0.01854417058002667,0.01854417058002667
concrete_data,missing_completely_at_random,5,constant_imputation,1,0.23778777617856783,0.0,0.23778777617856783,0.23778777617856783,0.23778777617856783,0.23778777617856783,0.23778777617856783,0.04609518897799148,0.0,0.04609518897799148,0.04609518897799148,0.04609518897799148,0.04609518897799148,0.04609518897799148
concrete_data,missing_completely_at_random,5,mean_imputation,1,0.23805239781246004,0.0,0.23805239781246004,0.23805239781246004,0.23805239781246004,0.23805239781246004,0.23805239781246004,0.0460819362702679,0.0,0.0460819362702679,0.0460819362702679,0.0460819362702679,0.0460819362702679,0.0460819362702679
concrete_data,missing_completely_at_random,5,median_imputation,1,0.27616491838402746,0.0,0.27616491838402746,0.27616491838402746,0.27616491838402746,0.27616491838402746,0.27616491838402746,0.04621383928432992,0.0,0.04621383928432992,0.04621383928432992,0.04621383928432992,0.04621383928432992,0.04621383928432992
concrete_data,missing_completely_at_random,5,k_nearest_neighbors_imputation,1,0.13253976586339747,0.0,0.13253976586339747,0.13253976586339747,0.13253976586339747,0.13253976586339747,0.13253976586339747,0.023091180955151794,0.0,0.023091180955151794,0.023091180955151794,0.023091180955151794,0.023091180955151794,0.023091180955151794
concrete_data,missing_completely_at_random,5,mice_imputation,9,0.16060343116772205,0.01648659357947213,0.16268021753370787,0.148220968837725,0.16525916493123718,0.14793071351115766,0.17327614882428644,0.02211030315177053,0.0019985270899766047,0.02235094916388206,0.021766206485502423,0.023892136883375836,0.020574099240502665,0.023646507063038398
concrete_data,missing_completely_at_random,5,random_forest_imputation,9,0.08222456923113604,0.016797906019302613,0.08417247909476962,0.0664207373065787,0.0897633192355738,0.06931255565004178,0.0951365828122303,0.008268803530529422,0.0011036569005547106,0.008270033918812803,0.007116194647534315,0.009046761586042507,0.007420457738354164,0.00911714932270468
concrete_data,missing_completely_at_random,5,gain_imputation,9,0.23416684214321284,0.01877438967072053,0.23496988196617197,0.2271070999472436,0.24840155488505566,0.2197355687376742,0.2485981155487515,0.04034468028578839,0.0035124411391965395,0.040106691797517295,0.03966555896479526,0.04170116636371447,0.03764477902190557,0.0430445815496712
concrete_data,missing_completely_at_random,5,tabcsdi_imputation,9,0.2903592047586476,0.018620662085559896,0.29136069697390016,0.27686221032173913,0.30526286705845584,0.27604609683546744,0.3046723126818278,0.0505322717781198,0.0034436969540983485,0.04965864395399103,0.048418393471478256,0.05359869693064368,0.04788521197260621,0.053179331583633395
concrete_data,missing_completely_at_random,5,otimpute_imputation,9,0.13583833918891342,0.015024424459360652,0.13396671653048975,0.1245444091620152,0.1398050501330645,0.12428954421146399,0.14738713416636284,0.02086601458758451,0.001485960954745357,0.0212006413818947,0.01965674973332428,0.021777787590127183,0.019723803885452938,0.022008225289716084
concrete_data,missing_completely_at_random,20,k_nearest_neighbors_imputation,1,0.33150705420188753,0.0,0.33150705420188753,0.33150705420188753,0.33150705420188753,0.33150705420188753,0.33150705420188753,0.1159865428118344,0.0,0.1159865428118344,0.1159865428118344,0.1159865428118344,0.1159865428118344,0.1159865428118344
concrete_data,missing_completely_at_random,6,k_nearest_neighbors_imputation,1,0.15120813550988516,0.0,0.15120813550988516,0.15120813550988516,0.15120813550988516,0.15120813550988516,0.15120813550988516,0.028319108039858244,0.0,0.028319108039858244,0.028319108039858244,0.028319108039858244,0.028319108039858244,0.028319108039858244
concrete_data,missing_completely_at_random,15,k_nearest_neighbors_imputation,1,0.26969985685360626,0.0,0.26969985685360626,0.26969985685360626,0.26969985685360626,0.26969985685360626,0.26969985685360626,0.08073466995037629,0.0,0.08073466995037629,0.08073466995037629,0.08073466995037629,0.08073466995037629,0.08073466995037629
concrete_data,missing_completely_at_random,10,constant_imputation,1,0.33091282056435356,0.0,0.33091282056435356,0.33091282056435356,0.33091282056435356,0.33091282056435356,0.33091282056435356,0.09060504123790086,0.0,0.09060504123790086,0.09060504123790086,0.09060504123790086,0.09060504123790086,0.09060504123790086
concrete_data,missing_completely_at_random,10,mean_imputation,1,0.3314879311936295,0.0,0.3314879311936295,0.3314879311936295,0.3314879311936295,0.3314879311936295,0.3314879311936295,0.09056295996507308,0.0,0.09056295996507308,0.09056295996507308,0.09056295996507308,0.09056295996507308,0.09056295996507308
concrete_data,missing_completely_at_random,10,median_imputation,1,0.3810191175856917,0.0,0.3810191175856917,0.3810191175856917,0.3810191175856917,0.3810191175856917,0.3810191175856917,0.08988261025307988,0.0,0.08988261025307988,0.08988261025307988,0.08988261025307988,0.08988261025307988,0.08988261025307988
concrete_data,missing_completely_at_random,10,k_nearest_neighbors_imputation,1,0.20964080682164013,0.0,0.20964080682164013,0.20964080682164013,0.20964080682164013,0.20964080682164013,0.20964080682164013,0.05039184316635956,0.0,0.05039184316635956,0.05039184316635956,0.05039184316635956,0.05039184316635956,0.05039184316635956
concrete_data,missing_completely_at_random,10,mice_imputation,9,0.2453419094586708,0.019705178068619558,0.2516296300614742,0.2330568517595483,0.2612804902982012,0.23019516875494708,0.26048865016239453,0.048821623972534214,0.004523293322728011,0.04827437889152079,0.04610690357494998,0.0521182712241067,0.04534471293688348,0.052298535008184946
concrete_data,missing_completely_at_random,10,random_forest_imputation,9,0.12858972235504396,0.02072906236116178,0.12370744259326573,0.1197015295809328,0.1335640416335429,0.11265595451379593,0.144523490196292,0.01940113580542419,0.0019571674664298155,0.01951910711626056,0.01876711928800753,0.0200366611557928,0.017896723715132783,0.020905547895715595
concrete_data,missing_completely_at_random,10,gain_imputation,9,0.32500278616430417,0.032986390640327254,0.33020409404833945,0.2988768298564019,0.3336867756295788,0.29964720175695264,0.3503583705716557,0.07848840002132594,0.009392446857594508,0.07697305109223661,0.0731756262452809,0.07901936357571446,0.07126872625689318,0.0857080737857587
concrete_data,missing_completely_at_random,10,tabcsdi_imputation,9,0.4247990132166637,0.0347613831062006,0.4184676179823572,0.40111730426431375,0.4283413098344118,0.3980790488205588,0.4515189776127686,0.10455359560702462,0.007574758787521647,0.10154860465556535,0.10110164204471864,0.10923368734651907,0.09873112057795828,0.11037607063609096
concrete_data,missing_completely_at_random,10,otimpute_imputation,9,0.20141604526178958,0.017600904507073675,0.1975582143518921,0.18458228172223673,0.21505442216306114,0.18788679240290773,0.21494529812067142,0.043481544985577596,0.0022811282463977294,0.04348891190858453,0.04215694607627581,0.0437575956561068,0.04172811459586953,0.04523497537528566
concrete_data,missing_completely_at_random,25,constant_imputation,1,0.5051904472319814,0.0,0.5051904472319814,0.5051904472319814,0.5051904472319814,0.5051904472319814,0.5051904472319814,0.21930016380535378,0.0,0.21930016380535378,0.21930016380535378,0.21930016380535378,0.21930016380535378,0.21930016380535378
concrete_data,missing_completely_at_random,25,mean_imputation,1,0.5059674461388871,0.0,0.5059674461388871,0.5059674461388871,0.5059674461388871,0.5059674461388871,0.5059674461388871,0.2192582511116874,0.0,0.2192582511116874,0.2192582511116874,0.2192582511116874,0.2192582511116874,0.2192582511116874
concrete_data,missing_completely_at_random,25,median_imputation,1,0.5780957480833586,0.0,0.5780957480833586,0.5780957480833586,0.5780957480833586,0.5780957480833586,0.5780957480833586,0.2121473011342178,0.0,0.2121473011342178,0.2121473011342178,0.2121473011342178,0.2121473011342178,0.2121473011342178
concrete_data,missing_completely_at_random,25,k_nearest_neighbors_imputation,1,0.389154576820761,0.0,0.389154576820761,0.389154576820761,0.389154576820761,0.389154576820761,0.389154576820761,0.15308259936667637,0.0,0.15308259936667637,0.15308259936667637,0.15308259936667637,0.15308259936667637,0.15308259936667637
concrete_data,missing_completely_at_random,25,mice_imputation,9,0.46336273287105,0.04225880703576878,0.4676177334767006,0.4231335818309141,0.49904757007991785,0.43087973827995746,0.49584572746214256,0.15528202709567976,0.017671675198479314,0.15309057527881573,0.14727727613898825,0.15566366881545843,0.141698375067787,0.1688656791235725
concrete_data,missing_completely_at_random,25,random_forest_imputation,9,0.28619521354628236,0.03510230718049485,0.2890142139961411,0.28065527927331535,0.3151425035576125,0.259213191708473,0.3131772353840917,0.07982445346162452,0.010344164068228034,0.07770587041149143,0.0753780036469387,0.08305016216037547,0.07187322508943646,0.08777568183381258
concrete_data,missing_completely_at_random,25,gain_imputation,9,0.483516223413446,0.05326045807426738,0.467555426201531,0.46612600820581745,0.5206853154520309,0.4425766112260698,0.5244558356008222,0.18350045141174456,0.021794372822917046,0.17790104515430538,0.17064739480510938,0.19365628716406433,0.16674781346046857,0.20025308936302055
concrete_data,missing_completely_at_random,25,tabcsdi_imputation,9,0.7041852426922858,0.059201802136935926,0.6951046929014862,0.674084321410094,0.7070837256835341,0.6586787091791815,0.7496917762053901,0.27094622500041887,0.01967171462694181,0.2715241850479957,0.258950135089357,0.27709737195831136,0.25582520657499086,0.2860672434258469
concrete_data,missing_completely_at_random,25,otimpute_imputation,9,0.3640741302522621,0.020929119122015415,0.3687948696659259,0.3430897194589803,0.3824200589014037,0.3479865851717461,0.3801616753327781,0.13181145322850918,0.008827276724775636,0.12970071405792544,0.1275243173832738,0.1326746192848361,0.12502620768520115,0.1385966987718172
concrete_data,missing_completely_at_random,8,k_nearest_neighbors_imputation,1,0.18334527323538796,0.0,0.18334527323538796,0.18334527323538796,0.18334527323538796,0.18334527323538796,0.18334527323538796,0.03935075575917516,0.0,0.03935075575917516,0.03935075575917516,0.03935075575917516,0.03935075575917516,0.03935075575917516
concrete_data,missing_completely_at_random,30,k_nearest_neighbors_imputation,1,0.44780117651994833,0.0,0.44780117651994833,0.44780117651994833,0.44780117651994833,0.44780117651994833,0.44780117651994833,0.19582311519188952,0.0,0.19582311519188952,0.19582311519188952,0.19582311519188952,0.19582311519188952,0.19582311519188952
concrete_data,missing_completely_at_random,40,k_nearest_neighbors_imputation,1,0.5719605864860904,0.0,0.5719605864860904,0.5719605864860904,0.5719605864860904,0.5719605864860904,0.5719605864860904,0.305253862378605,0.0,0.305253862378605,0.305253862378605,0.305253862378605,0.305253862378605,0.305253862378605
concrete_data,missing_at_random,2,k_nearest_neighbors_imputation,1,0.08481535688078055,0.0,0.08481535688078055,0.08481535688078055,0.08481535688078055,0.08481535688078055,0.08481535688078055,0.009627229086620177,0.0,0.009627229086620177,0.009627229086620177,0.009627229086620177,0.009627229086620177,0.009627229086620177
concrete_data,missing_at_random,1,k_nearest_neighbors_imputation,1,0.050922867713217926,0.0,0.050922867713217926,0.050922867713217926,0.050922867713217926,0.050922867713217926,0.050922867713217926,0.004171001564073968,0.0,0.004171001564073968,0.004171001564073968,0.004171001564073968,0.004171001564073968,0.004171001564073968
concrete_data,missing_at_random,4,k_nearest_neighbors_imputation,1,0.1343617715644327,0.0,0.1343617715644327,0.1343617715644327,0.1343617715644327,0.1343617715644327,0.1343617715644327,0.021067978539352328,0.0,0.021067978539352328,0.021067978539352328,0.021067978539352328,0.021067978539352328,0.021067978539352328
concrete_data,missing_at_random,3,k_nearest_neighbors_imputation,1,0.10993492814607402,0.0,0.10993492814607402,0.10993492814607402,0.10993492814607402,0.10993492814607402,0.10993492814607402,0.01516779636151416,0.0,0.01516779636151416,0.01516779636151416,0.01516779636151416,0.01516779636151416,0.01516779636151416
concrete_data,missing_at_random,5,constant_imputation,1,0.2267200236609829,0.0,0.2267200236609829,0.2267200236609829,0.2267200236609829,0.2267200236609829,0.2267200236609829,0.04347957153969233,0.0,0.04347957153969233,0.04347957153969233,0.04347957153969233,0.04347957153969233,0.04347957153969233
concrete_data,missing_at_random,5,mean_imputation,1,0.23308769632335918,0.0,0.23308769632335918,0.23308769632335918,0.23308769632335918,0.23308769632335918,0.23308769632335918,0.04477507727691368,0.0,0.04477507727691368,0.04477507727691368,0.04477507727691368,0.04477507727691368,0.04477507727691368
concrete_data,missing_at_random,5,median_imputation,1,0.2556463715277599,0.0,0.2556463715277599,0.2556463715277599,0.2556463715277599,0.2556463715277599,0.2556463715277599,0.04519954742657831,0.0,0.04519954742657831,0.04519954742657831,0.04519954742657831,0.04519954742657831,0.04519954742657831
concrete_data,missing_at_random,5,k_nearest_neighbors_imputation,1,0.16930639661545588,0.0,0.16930639661545588,0.16930639661545588,0.16930639661545588,0.16930639661545588,0.16930639661545588,0.029438549804727373,0.0,0.029438549804727373,0.029438549804727373,0.029438549804727373,0.029438549804727373,0.029438549804727373
concrete_data,missing_at_random,5,mice_imputation,1,0.16814948661397966,0.0,0.16814948661397966,0.16814948661397966,0.16814948661397966,0.16814948661397966,0.16814948661397966,0.026405435485215543,0.0,0.026405435485215543,0.026405435485215543,0.026405435485215543,0.026405435485215543,0.026405435485215543
concrete_data,missing_at_random,5,random_forest_imputation,1,0.15742755228201127,0.0,0.15742755228201127,0.15742755228201127,0.15742755228201127,0.15742755228201127,0.15742755228201127,0.020831193632439897,0.0,0.020831193632439897,0.020831193632439897,0.020831193632439897,0.020831193632439897,0.020831193632439897
concrete_data,missing_at_random,5,gain_imputation,1,0.2841699981655776,0.0,0.2841699981655776,0.2841699981655776,0.2841699981655776,0.2841699981655776,0.2841699981655776,0.05080303858500499,0.0,0.05080303858500499,0.05080303858500499,0.05080303858500499,0.05080303858500499,0.05080303858500499
concrete_data,missing_at_random,5,tabcsdi_imputation,1,0.31438932582608203,0.0,0.31438932582608203,0.31438932582608203,0.31438932582608203,0.31438932582608203,0.31438932582608203,0.05693790637815391,0.0,0.05693790637815391,0.05693790637815391,0.05693790637815391,0.05693790637815391,0.05693790637815391
concrete_data,missing_at_random,5,otimpute_imputation,1,0.16959290062849186,0.0,0.16959290062849186,0.16959290062849186,0.16959290062849186,0.16959290062849186,0.16959290062849186,0.029339231627949585,0.0,0.029339231627949585,0.029339231627949585,0.029339231627949585,0.029339231627949585,0.029339231627949585
concrete_data,missing_at_random,8,k_nearest_neighbors_imputation,1,0.20963079104228013,0.0,0.20963079104228013,0.20963079104228013,0.20963079104228013,0.20963079104228013,0.20963079104228013,0.046387402106791424,0.0,0.046387402106791424,0.046387402106791424,0.046387402106791424,0.046387402106791424,0.046387402106791424
concrete_data,missing_at_random,6,k_nearest_neighbors_imputation,1,0.188191128516011,0.0,0.188191128516011,0.188191128516011,0.188191128516011,0.188191128516011,0.188191128516011,0.0358917280488153,0.0,0.0358917280488153,0.0358917280488153,0.0358917280488153,0.0358917280488153,0.0358917280488153
concrete_data,missing_at_random,10,constant_imputation,1,0.3304336573174912,0.0,0.3304336573174912,0.3304336573174912,0.3304336573174912,0.3304336573174912,0.3304336573174912,0.0888728362614564,0.0,0.0888728362614564,0.0888728362614564,0.0888728362614564,0.0888728362614564,0.0888728362614564
concrete_data,missing_at_random,10,mean_imputation,1,0.3440244654555448,0.0,0.3440244654555448,0.3440244654555448,0.3440244654555448,0.3440244654555448,0.3440244654555448,0.09245009908184017,0.0,0.09245009908184017,0.09245009908184017,0.09245009908184017,0.09245009908184017,0.09245009908184017
concrete_data,missing_at_random,10,median_imputation,1,0.38059387491614943,0.0,0.38059387491614943,0.38059387491614943,0.38059387491614943,0.38059387491614943,0.38059387491614943,0.09528680343406369,0.0,0.09528680343406369,0.09528680343406369,0.09528680343406369,0.09528680343406369,0.09528680343406369
concrete_data,missing_at_random,10,k_nearest_neighbors_imputation,1,0.25312725051571927,0.0,0.25312725051571927,0.25312725051571927,0.25312725051571927,0.25312725051571927,0.25312725051571927,0.06221773381561931,0.0,0.06221773381561931,0.06221773381561931,0.06221773381561931,0.06221773381561931,0.06221773381561931
concrete_data,missing_at_random,10,mice_imputation,1,0.2659641287730891,0.0,0.2659641287730891,0.2659641287730891,0.2659641287730891,0.2659641287730891,0.2659641287730891,0.058315187543311414,0.0,0.058315187543311414,0.058315187543311414,0.058315187543311414,0.058315187543311414,0.058315187543311414
concrete_data,missing_at_random,10,random_forest_imputation,1,0.2779894074015758,0.0,0.2779894074015758,0.2779894074015758,0.2779894074015758,0.2779894074015758,0.2779894074015758,0.055643009559809234,0.0,0.055643009559809234,0.055643009559809234,0.055643009559809234,0.055643009559809234,0.055643009559809234
concrete_data,missing_at_random,10,gain_imputation,1,0.3785103518821696,0.0,0.3785103518821696,0.3785103518821696,0.3785103518821696,0.3785103518821696,0.3785103518821696,0.09396251402028848,0.0,0.09396251402028848,0.09396251402028848,0.09396251402028848,0.09396251402028848,0.09396251402028848
concrete_data,missing_at_random,10,tabcsdi_imputation,1,0.408961676652222,0.0,0.408961676652222,0.408961676652222,0.408961676652222,0.408961676652222,0.408961676652222,0.10308339497920192,0.0,0.10308339497920192,0.10308339497920192,0.10308339497920192,0.10308339497920192,0.10308339497920192
concrete_data,missing_at_random,10,otimpute_imputation,1,0.2669623354813494,0.0,0.2669623354813494,0.2669623354813494,0.2669623354813494,0.2669623354813494,0.2669623354813494,0.06441928846139178,0.0,0.06441928846139178,0.06441928846139178,0.06441928846139178,0.06441928846139178,0.06441928846139178
concrete_data,missing_at_random,15,k_nearest_neighbors_imputation,1,0.35539539864208913,0.0,0.35539539864208913,0.35539539864208913,0.35539539864208913,0.35539539864208913,0.35539539864208913,0.10725835852433949,0.0,0.10725835852433949,0.10725835852433949,0.10725835852433949,0.10725835852433949,0.10725835852433949
concrete_data,missing_at_random,20,k_nearest_neighbors_imputation,1,0.4113720434832013,0.0,0.4113720434832013,0.4113720434832013,0.4113720434832013,0.4113720434832013,0.4113720434832013,0.14463108383372777,0.0,0.14463108383372777,0.14463108383372777,0.14463108383372777,0.14463108383372777,0.14463108383372777
concrete_data,missing_at_random,40,k_nearest_neighbors_imputation,1,0.638718140182393,0.0,0.638718140182393,0.638718140182393,0.638718140182393,0.638718140182393,0.638718140182393,0.3117709420716129,0.0,0.3117709420716129,0.3117709420716129,0.3117709420716129,0.3117709420716129,0.3117709420716129
concrete_data,missing_at_random,25,constant_imputation,1,0.5098793340858242,0.0,0.5098793340858242,0.5098793340858242,0.5098793340858242,0.5098793340858242,0.5098793340858242,0.21545085448379245,0.0,0.21545085448379245,0.21545085448379245,0.21545085448379245,0.21545085448379245,0.21545085448379245
concrete_data,missing_at_random,25,mean_imputation,1,0.5469773567410148,0.0,0.5469773567410148,0.5469773567410148,0.5469773567410148,0.5469773567410148,0.5469773567410148,0.22949646285872918,0.0,0.22949646285872918,0.22949646285872918,0.22949646285872918,0.22949646285872918,0.22949646285872918
concrete_data,missing_at_random,25,median_imputation,1,0.5867876967523143,0.0,0.5867876967523143,0.5867876967523143,0.5867876967523143,0.5867876967523143,0.5867876967523143,0.22876291525625847,0.0,0.22876291525625847,0.22876291525625847,0.22876291525625847,0.22876291525625847,0.22876291525625847
concrete_data,missing_at_random,25,k_nearest_neighbors_imputation,1,0.45630770996131537,0.0,0.45630770996131537,0.45630770996131537,0.45630770996131537,0.45630770996131537,0.45630770996131537,0.18002865865621645,0.0,0.18002865865621645,0.18002865865621645,0.18002865865621645,0.18002865865621645,0.18002865865621645
concrete_data,missing_at_random,25,mice_imputation,1,0.5571847161286315,0.0,0.5571847161286315,0.5571847161286315,0.5571847161286315,0.5571847161286315,0.5571847161286315,0.20985372323541548,0.0,0.20985372323541548,0.20985372323541548,0.20985372323541548,0.20985372323541548,0.20985372323541548
concrete_data,missing_at_random,25,random_forest_imputation,1,0.46042192062355,0.0,0.46042192062355,0.46042192062355,0.46042192062355,0.46042192062355,0.46042192062355,0.15990260932117406,0.0,0.15990260932117406,0.15990260932117406,0.15990260932117406,0.15990260932117406,0.15990260932117406
concrete_data,missing_at_random,25,gain_imputation,1,0.5814676704654802,0.0,0.5814676704654802,0.5814676704654802,0.5814676704654802,0.5814676704654802,0.5814676704654802,0.22649619178276706,0.0,0.22649619178276706,0.22649619178276706,0.22649619178276706,0.22649619178276706,0.22649619178276706
concrete_data,missing_at_random,25,tabcsdi_imputation,1,0.7083405532333901,0.0,0.7083405532333901,0.7083405532333901,0.7083405532333901,0.7083405532333901,0.7083405532333901,0.2840641266477044,0.0,0.2840641266477044,0.2840641266477044,0.2840641266477044,0.2840641266477044,0.2840641266477044
concrete_data,missing_at_random,25,otimpute_imputation,1,0.49039581357422357,0.0,0.49039581357422357,0.49039581357422357,0.49039581357422357,0.49039581357422357,0.49039581357422357,0.20039792763355818,0.0,0.20039792763355818,0.20039792763355818,0.20039792763355818,0.20039792763355818,0.20039792763355818
concrete_data,missing_at_random,30,k_nearest_neighbors_imputation,1,0.5148174677953424,0.0,0.5148174677953424,0.5148174677953424,0.5148174677953424,0.5148174677953424,0.5148174677953424,0.22545552400222524,0.0,0.22545552400222524,0.22545552400222524,0.22545552400222524,0.22545552400222524,0.22545552400222524
concrete_data,missing_not_at_random,1,k_nearest_neighbors_imputation,1,0.12154800401961412,0.0,0.12154800401961412,0.12154800401961412,0.12154800401961412,0.12154800401961412,0.12154800401961412,0.01046527529208647,0.0,0.01046527529208647,0.01046527529208647,0.01046527529208647,0.01046527529208647,0.01046527529208647
concrete_data,missing_not_at_random,2,k_nearest_neighbors_imputation,1,0.1734867913499276,0.0,0.1734867913499276,0.1734867913499276,0.1734867913499276,0.1734867913499276,0.1734867913499276,0.02147858785876552,0.0,0.02147858785876552,0.02147858785876552,0.02147858785876552,0.02147858785876552,0.02147858785876552
concrete_data,missing_not_at_random,3,k_nearest_neighbors_imputation,1,0.212177794198985,0.0,0.212177794198985,0.212177794198985,0.212177794198985,0.212177794198985,0.212177794198985,0.03206648262729525,0.0,0.03206648262729525,0.03206648262729525,0.03206648262729525,0.03206648262729525,0.03206648262729525
concrete_data,missing_not_at_random,4,k_nearest_neighbors_imputation,1,0.17789860045655081,0.0,0.17789860045655081,0.17789860045655081,0.17789860045655081,0.17789860045655081,0.17789860045655081,0.02838034255272203,0.0,0.02838034255272203,0.02838034255272203,0.02838034255272203,0.02838034255272203,0.02838034255272203
concrete_data,missing_not_at_random,5,constant_imputation,1,0.3366008761504885,0.0,0.3366008761504885,0.3366008761504885,0.3366008761504885,0.3366008761504885,0.3366008761504885,0.071554724702185,0.0,0.071554724702185,0.071554724702185,0.071554724702185,0.071554724702185,0.071554724702185
concrete_data,missing_not_at_random,5,mean_imputation,1,0.37797458311135773,0.0,0.37797458311135773,0.37797458311135773,0.37797458311135773,0.37797458311135773,0.37797458311135773,0.08063606831865487,0.0,0.08063606831865487,0.08063606831865487,0.08063606831865487,0.08063606831865487,0.08063606831865487
concrete_data,missing_not_at_random,5,median_imputation,1,0.3563540225113084,0.0,0.3563540225113084,0.3563540225113084,0.3563540225113084,0.3563540225113084,0.3563540225113084,0.07380282236340391,0.0,0.07380282236340391,0.07380282236340391,0.07380282236340391,0.07380282236340391,0.07380282236340391
concrete_data,missing_not_at_random,5,k_nearest_neighbors_imputation,1,0.27671706712257255,0.0,0.27671706712257255,0.27671706712257255,0.27671706712257255,0.27671706712257255,0.27671706712257255,0.054398646313217114,0.0,0.054398646313217114,0.054398646313217114,0.054398646313217114,0.054398646313217114,0.054398646313217114
concrete_data,missing_not_at_random,5,mice_imputation,1,0.19110588623244595,0.0,0.19110588623244595,0.19110588623244595,0.19110588623244595,0.19110588623244595,0.19110588623244595,0.031201189823088154,0.0,0.031201189823088154,0.031201189823088154,0.031201189823088154,0.031201189823088154,0.031201189823088154
concrete_data,missing_not_at_random,5,random_forest_imputation,1,0.23623305316082488,0.0,0.23623305316082488,0.23623305316082488,0.23623305316082488,0.23623305316082488,0.23623305316082488,0.04206602253996657,0.0,0.04206602253996657,0.04206602253996657,0.04206602253996657,0.04206602253996657,0.04206602253996657
concrete_data,missing_not_at_random,5,gain_imputation,1,0.2917201139701505,0.0,0.2917201139701505,0.2917201139701505,0.2917201139701505,0.2917201139701505,0.2917201139701505,0.05509085435898162,0.0,0.05509085435898162,0.05509085435898162,0.05509085435898162,0.05509085435898162,0.05509085435898162
concrete_data,missing_not_at_random,5,tabcsdi_imputation,1,0.4403124412008143,0.0,0.4403124412008143,0.4403124412008143,0.4403124412008143,0.4403124412008143,0.4403124412008143,0.08632944657883251,0.0,0.08632944657883251,0.08632944657883251,0.08632944657883251,0.08632944657883251,0.08632944657883251
concrete_data,missing_not_at_random,5,otimpute_imputation,1,0.2552655702863526,0.0,0.2552655702863526,0.2552655702863526,0.2552655702863526,0.2552655702863526,0.2552655702863526,0.05001358714594854,0.0,0.05001358714594854,0.05001358714594854,0.05001358714594854,0.05001358714594854,0.05001358714594854
concrete_data,missing_not_at_random,6,k_nearest_neighbors_imputation,1,0.32088201690773754,0.0,0.32088201690773754,0.32088201690773754,0.32088201690773754,0.32088201690773754,0.32088201690773754,0.06948848109644318,0.0,0.06948848109644318,0.06948848109644318,0.06948848109644318,0.06948848109644318,0.06948848109644318
concrete_data,missing_not_at_random,8,k_nearest_neighbors_imputation,1,0.283834743451383,0.0,0.283834743451383,0.283834743451383,0.283834743451383,0.283834743451383,0.283834743451383,0.06744675065438958,0.0,0.06744675065438958,0.06744675065438958,0.06744675065438958,0.06744675065438958,0.06744675065438958
concrete_data,missing_not_at_random,10,constant_imputation,1,0.40359822588266414,0.0,0.40359822588266414,0.40359822588266414,0.40359822588266414,0.40359822588266414,0.40359822588266414,0.12091017978538225,0.0,0.12091017978538225,0.12091017978538225,0.12091017978538225,0.12091017978538225,0.12091017978538225
concrete_data,missing_not_at_random,10,mean_imputation,1,0.5131087040376336,0.0,0.5131087040376336,0.5131087040376336,0.5131087040376336,0.5131087040376336,0.5131087040376336,0.15606201150243576,0.0,0.15606201150243576,0.15606201150243576,0.15606201150243576,0.15606201150243576,0.15606201150243576
concrete_data,missing_not_at_random,10,median_imputation,1,0.49126608714441133,0.0,0.49126608714441133,0.49126608714441133,0.49126608714441133,0.49126608714441133,0.49126608714441133,0.14967171728519377,0.0,0.14967171728519377,0.14967171728519377,0.14967171728519377,0.14967171728519377,0.14967171728519377
concrete_data,missing_not_at_random,10,k_nearest_neighbors_imputation,1,0.42058640728299695,0.0,0.42058640728299695,0.42058640728299695,0.42058640728299695,0.42058640728299695,0.42058640728299695,0.12044132562879595,0.0,0.12044132562879595,0.12044132562879595,0.12044132562879595,0.12044132562879595,0.12044132562879595
concrete_data,missing_not_at_random,10,mice_imputation,1,0.3311787223036785,0.0,0.3311787223036785,0.3311787223036785,0.3311787223036785,0.3311787223036785,0.3311787223036785,0.08311146684711379,0.0,0.08311146684711379,0.08311146684711379,0.08311146684711379,0.08311146684711379,0.08311146684711379
concrete_data,missing_not_at_random,10,random_forest_imputation,1,0.3760238646352331,0.0,0.3760238646352331,0.3760238646352331,0.3760238646352331,0.3760238646352331,0.3760238646352331,0.10187023782681937,0.0,0.10187023782681937,0.10187023782681937,0.10187023782681937,0.10187023782681937,0.10187023782681937
concrete_data,missing_not_at_random,10,gain_imputation,1,0.5688618781932406,0.0,0.5688618781932406,0.5688618781932406,0.5688618781932406,0.5688618781932406,0.5688618781932406,0.1506364464734637,0.0,0.1506364464734637,0.1506364464734637,0.1506364464734637,0.1506364464734637,0.1506364464734637
concrete_data,missing_not_at_random,10,tabcsdi_imputation,1,0.5872898122231257,0.0,0.5872898122231257,0.5872898122231257,0.5872898122231257,0.5872898122231257,0.5872898122231257,0.1624672190243496,0.0,0.1624672190243496,0.1624672190243496,0.1624672190243496,0.1624672190243496,0.1624672190243496
concrete_data,missing_not_at_random,10,otimpute_imputation,1,0.4033360430898541,0.0,0.4033360430898541,0.4033360430898541,0.4033360430898541,0.4033360430898541,0.4033360430898541,0.11474808198563685,0.0,0.11474808198563685,0.11474808198563685,0.11474808198563685,0.11474808198563685,0.11474808198563685
concrete_data,missing_not_at_random,15,k_nearest_neighbors_imputation,1,0.5581246865855796,0.0,0.5581246865855796,0.5581246865855796,0.5581246865855796,0.5581246865855796,0.5581246865855796,0.19833849158477065,0.0,0.19833849158477065,0.19833849158477065,0.19833849158477065,0.19833849158477065,0.19833849158477065
concrete_data,missing_not_at_random,20,k_nearest_neighbors_imputation,1,0.767347854230411,0.0,0.767347854230411,0.767347854230411,0.767347854230411,0.767347854230411,0.767347854230411,0.31677966761583143,0.0,0.31677966761583143,0.31677966761583143,0.31677966761583143,0.31677966761583143,0.31677966761583143
concrete_data,missing_not_at_random,25,constant_imputation,1,0.4666257418564293,0.0,0.4666257418564293,0.4666257418564293,0.4666257418564293,0.4666257418564293,0.4666257418564293,0.18120159791612445,0.0,0.18120159791612445,0.18120159791612445,0.18120159791612445,0.18120159791612445,0.18120159791612445
concrete_data,missing_not_at_random,25,mean_imputation,1,0.8539686769872659,0.0,0.8539686769872659,0.8539686769872659,0.8539686769872659,0.8539686769872659,0.8539686769872659,0.39744246308165826,0.0,0.39744246308165826,0.39744246308165826,0.39744246308165826,0.39744246308165826,0.39744246308165826
concrete_data,missing_not_at_random,25,median_imputation,1,0.8062582405449753,0.0,0.8062582405449753,0.8062582405449753,0.8062582405449753,0.8062582405449753,0.8062582405449753,0.3701263732409809,0.0,0.3701263732409809,0.3701263732409809,0.3701263732409809,0.3701263732409809,0.3701263732409809
concrete_data,missing_not_at_random,25,k_nearest_neighbors_imputation,1,0.8479361686947412,0.0,0.8479361686947412,0.8479361686947412,0.8479361686947412,0.8479361686947412,0.8479361686947412,0.38575142707171545,0.0,0.38575142707171545,0.38575142707171545,0.38575142707171545,0.38575142707171545,0.38575142707171545
concrete_data,missing_not_at_random,25,mice_imputation,1,0.8648566812009466,0.0,0.8648566812009466,0.8648566812009466,0.8648566812009466,0.8648566812009466,0.8648566812009466,0.3740542353866316,0.0,0.3740542353866316,0.3740542353866316,0.3740542353866316,0.3740542353866316,0.3740542353866316
concrete_data,missing_not_at_random,25,random_forest_imputation,1,0.9209829807174984,0.0,0.9209829807174984,0.9209829807174984,0.9209829807174984,0.9209829807174984,0.9209829807174984,0.39477565792954145,0.0,0.39477565792954145,0.39477565792954145,0.39477565792954145,0.39477565792954145,0.39477565792954145
concrete_data,missing_not_at_random,25,gain_imputation,1,0.8551399572737742,0.0,0.8551399572737742,0.8551399572737742,0.8551399572737742,0.8551399572737742,0.8551399572737742,0.37122829176959027,0.0,0.37122829176959027,0.37122829176959027,0.37122829176959027,0.37122829176959027,0.37122829176959027
concrete_data,missing_not_at_random,25,tabcsdi_imputation,1,0.840711557917897,0.0,0.840711557917897,0.840711557917897,0.840711557917897,0.840711557917897,0.840711557917897,0.37143783593067675,0.0,0.37143783593067675,0.37143783593067675,0.37143783593067675,0.37143783593067675,0.37143783593067675
concrete_data,missing_not_at_random,25,otimpute_imputation,1,0.7993617619119577,0.0,0.7993617619119577,0.7993617619119577,0.7993617619119577,0.7993617619119577,0.7993617619119577,0.3653222787054294,0.0,0.3653222787054294,0.3653222787054294,0.3653222787054294,0.3653222787054294,0.3653222787054294
concrete_data,missing_not_at_random,30,k_nearest_neighbors_imputation,1,0.929910587388112,0.0,0.929910587388112,0.929910587388112,0.929910587388112,0.929910587388112,0.929910587388112,0.4702449892894101,0.0,0.4702449892894101,0.4702449892894101,0.4702449892894101,0.4702449892894101,0.4702449892894101
concrete_data,missing_not_at_random,40,k_nearest_neighbors_imputation,1,1.3630858710174596,0.0,1.3630858710174596,1.3630858710174596,1.3630858710174596,1.3630858710174596,1.3630858710174596,0.7962254583274374,0.0,0.7962254583274374,0.7962254583274374,0.7962254583274374,0.7962254583274374,0.7962254583274374
hungarian_chickenpox,missing_completely_at_random,1,k_nearest_neighbors_imputation,1,0.06906041581852645,0.0,0.06906041581852645,0.06906041581852645,0.06906041581852645,0.06906041581852645,0.06906041581852645,0.004016479291516637,0.0,0.004016479291516637,0.004016479291516637,0.004016479291516637,0.004016479291516637,0.004016479291516637
hungarian_chickenpox,missing_completely_at_random,2,k_nearest_neighbors_imputation,1,0.0867558914754455,0.0,0.0867558914754455,0.0867558914754455,0.0867558914754455,0.0867558914754455,0.0867558914754455,0.007548183839522105,0.0,0.007548183839522105,0.007548183839522105,0.007548183839522105,0.007548183839522105,0.007548183839522105
hungarian_chickenpox,missing_completely_at_random,4,k_nearest_neighbors_imputation,1,0.11774395953237533,0.0,0.11774395953237533,0.11774395953237533,0.11774395953237533,0.11774395953237533,0.11774395953237533,0.01517918999048594,0.0,0.01517918999048594,0.01517918999048594,0.01517918999048594,0.01517918999048594,0.01517918999048594
hungarian_chickenpox,missing_completely_at_random,5,constant_imputation,1,0.2061668102797989,0.0,0.2061668102797989,0.2061668102797989,0.2061668102797989,0.2061668102797989,0.2061668102797989,0.035911437309904724,0.0,0.035911437309904724,0.035911437309904724,0.035911437309904724,0.035911437309904724,0.035911437309904724
hungarian_chickenpox,missing_completely_at_random,5,mean_imputation,1,0.2066128676317314,0.0,0.2066128676317314,0.2066128676317314,0.2066128676317314,0.2066128676317314,0.2066128676317314,0.03606632275781002,0.0,0.03606632275781002,0.03606632275781002,0.03606632275781002,0.03606632275781002,0.03606632275781002
hungarian_chickenpox,missing_completely_at_random,5,median_imputation,1,0.21051778875004104,0.0,0.21051778875004104,0.21051778875004104,0.21051778875004104,0.21051778875004104,0.21051778875004104,0.034412895243495195,0.0,0.034412895243495195,0.034412895243495195,0.034412895243495195,0.034412895243495195,0.034412895243495195
hungarian_chickenpox,missing_completely_at_random,5,k_nearest_neighbors_imputation,1,0.13154208919057664,0.0,0.13154208919057664,0.13154208919057664,0.13154208919057664,0.13154208919057664,0.13154208919057664,0.01906038636860012,0.0,0.01906038636860012,0.01906038636860012,0.01906038636860012,0.01906038636860012,0.01906038636860012
hungarian_chickenpox,missing_completely_at_random,5,random_forest_imputation,9,0.15116868549845494,0.011315945794301693,0.15226708740159023,0.14654833624879282,0.1606718180565944,0.14247047956665299,0.1598668914302569,0.022189122454624396,0.0013677382070444158,0.022443448496260083,0.021267579639820056,0.022664838885536092,0.021137785800850677,0.023240459108398115
hungarian_chickenpox,missing_completely_at_random,5,mice_imputation,9,0.21275704963910347,0.01017135816619861,0.21233749582479064,0.2071663654423167,0.21902364987243111,0.20493865164180458,0.22057544763640236,0.03141240977447066,0.0014010367587089232,0.0314716647681768,0.030790093594082413,0.032163629272150274,0.030335477588085392,0.032489341960855934
hungarian_chickenpox,missing_completely_at_random,5,gain_imputation,9,0.18702345979492005,0.01618121730567569,0.1872747631105482,0.17326203455637781,0.1969879979380767,0.17458547512174494,0.19946144446809516,0.02848392435240365,0.001571079583389528,0.028583691532594435,0.027408307763386763,0.029545555499825495,0.027276285680393284,0.029691563024414013
hungarian_chickenpox,missing_completely_at_random,5,tabcsdi_imputation,9,0.23765704928097797,0.02685119513605297,0.23447112634450779,0.22336260597225727,0.25148929638691797,0.21701739360800726,0.2582967049539487,0.03350991937721467,0.0024964930583114327,0.034029260011132614,0.032840070392628665,0.03442729855538745,0.03159094493855645,0.035428893815872886
hungarian_chickenpox,missing_completely_at_random,5,otimpute_imputation,9,0.16067581561725516,0.012227201921928227,0.16575019415766237,0.15237910431440727,0.16656231089471946,0.15127715621927423,0.1700744750152361,0.02496861822691856,0.001095939380511234,0.025170792525945455,0.0243525075480862,0.025481287103919333,0.024126204645787894,0.025811031808049223
hungarian_chickenpox,missing_completely_at_random,3,k_nearest_neighbors_imputation,1,0.10124756461356954,0.0,0.10124756461356954,0.10124756461356954,0.10124756461356954,0.10124756461356954,0.10124756461356954,0.011078995170723006,0.0,0.011078995170723006,0.011078995170723006,0.011078995170723006,0.011078995170723006,0.011078995170723006
hungarian_chickenpox,missing_completely_at_random,8,k_nearest_neighbors_imputation,1,0.176109197777693,0.0,0.176109197777693,0.176109197777693,0.176109197777693,0.176109197777693,0.176109197777693,0.031405316186228806,0.0,0.031405316186228806,0.031405316186228806,0.031405316186228806,0.031405316186228806,0.031405316186228806
hungarian_chickenpox,missing_completely_at_random,6,k_nearest_neighbors_imputation,1,0.15033201407704716,0.0,0.15033201407704716,0.15033201407704716,0.15033201407704716,0.15033201407704716,0.15033201407704716,0.02332323609437719,0.0,0.02332323609437719,0.02332323609437719,0.02332323609437719,0.02332323609437719,0.02332323609437719
hungarian_chickenpox,missing_completely_at_random,10,constant_imputation,1,0.3101109568329898,0.0,0.3101109568329898,0.3101109568329898,0.3101109568329898,0.3101109568329898,0.3101109568329898,0.07511364632712321,0.0,0.07511364632712321,0.07511364632712321,0.07511364632712321,0.07511364632712321,0.07511364632712321
hungarian_chickenpox,missing_completely_at_random,10,mean_imputation,1,0.31093277826167237,0.0,0.31093277826167237,0.31093277826167237,0.31093277826167237,0.31093277826167237,0.31093277826167237,0.0754274243904172,0.0,0.0754274243904172,0.0754274243904172,0.0754274243904172,0.0754274243904172,0.0754274243904172
hungarian_chickenpox,missing_completely_at_random,10,median_imputation,1,0.3214958612692015,0.0,0.3214958612692015,0.3214958612692015,0.3214958612692015,0.3214958612692015,0.3214958612692015,0.07317620594294925,0.0,0.07317620594294925,0.07317620594294925,0.07317620594294925,0.07317620594294925,0.07317620594294925
hungarian_chickenpox,missing_completely_at_random,10,k_nearest_neighbors_imputation,1,0.20204802193886687,0.0,0.20204802193886687,0.20204802193886687,0.20204802193886687,0.20204802193886687,0.20204802193886687,0.0397397203864187,0.0,0.0397397203864187,0.0397397203864187,0.0397397203864187,0.0397397203864187,0.0397397203864187
hungarian_chickenpox,missing_completely_at_random,10,random_forest_imputation,9,0.21447852815506607,0.009600261625019,0.2127086680659105,0.20875134528524325,0.22159611432317167,0.20709911381962084,0.2218579424905113,0.045002985589904426,0.0016047165974909993,0.04509486012326645,0.04430599693723295,0.045591017411300006,0.04376949122002276,0.046236479959786095
hungarian_chickenpox,missing_completely_at_random,10,mice_imputation,9,0.29444579372698854,0.009571435211717544,0.296967373532642,0.284959696214803,0.30333153290251214,0.28708853733430206,0.301803050119675,0.06293246339381126,0.0022556230311376736,0.0628226463050563,0.06188641381310026,0.0644110888798876,0.06119863804805618,0.06466628873956633
hungarian_chickenpox,missing_completely_at_random,10,gain_imputation,9,0.24689615420335734,0.021101521569561504,0.2384938022027762,0.23025518214874618,0.2599280156065387,0.2306760888705211,0.2631162195361936,0.053344749188277064,0.004736346180050948,0.053261423572585315,0.05027160398301311,0.054668751020546164,0.04970407122929175,0.05698542714726238
hungarian_chickenpox,missing_completely_at_random,10,tabcsdi_imputation,9,0.35902299061051623,0.04030888734225086,0.3517085510294583,0.3360764077351178,0.3937865368032944,0.3280388369782798,0.3900071442427527,0.07103689335856694,0.004859188470032021,0.07090974728577487,0.06707512077517741,0.0761781224061634,0.0673017904566902,0.07477199626044369
hungarian_chickenpox,missing_completely_at_random,10,otimpute_imputation,9,0.22234553465845439,0.012500254133690101,0.21950694216607022,0.21385021546175179,0.23116155309910016,0.21273698875065694,0.23195408056625183,0.04863256823571955,0.0015578807626390433,0.04849493787958574,0.04757345189571183,0.049797499180505495,0.047435075075452665,0.04983006139598643
hungarian_chickenpox,missing_completely_at_random,15,k_nearest_neighbors_imputation,1,0.2591238402820915,0.0,0.2591238402820915,0.2591238402820915,0.2591238402820915,0.2591238402820915,0.2591238402820915,0.06419971755720176,0.0,0.06419971755720176,0.06419971755720176,0.06419971755720176,0.06419971755720176,0.06419971755720176
hungarian_chickenpox,missing_completely_at_random,20,k_nearest_neighbors_imputation,1,0.2918445318938528,0.0,0.2918445318938528,0.2918445318938528,0.2918445318938528,0.2918445318938528,0.2918445318938528,0.08423267395284452,0.0,0.08423267395284452,0.08423267395284452,0.08423267395284452,0.08423267395284452,0.08423267395284452
hungarian_chickenpox,missing_completely_at_random,25,constant_imputation,1,0.4960947778239911,0.0,0.4960947778239911,0.4960947778239911,0.4960947778239911,0.4960947778239911,0.4960947778239911,0.19261126636248302,0.0,0.19261126636248302,0.19261126636248302,0.19261126636248302,0.19261126636248302,0.19261126636248302
hungarian_chickenpox,missing_completely_at_random,25,mean_imputation,1,0.497218524628091,0.0,0.497218524628091,0.497218524628091,0.497218524628091,0.497218524628091,0.497218524628091,0.19316744179829778,0.0,0.19316744179829778,0.19316744179829778,0.19316744179829778,0.19316744179829778,0.19316744179829778
hungarian_chickenpox,missing_completely_at_random,25,median_imputation,1,0.5131593465254946,0.0,0.5131593465254946,0.5131593465254946,0.5131593465254946,0.5131593465254946,0.5131593465254946,0.1876779782173785,0.0,0.1876779782173785,0.1876779782173785,0.1876779782173785,0.1876779782173785,0.1876779782173785
hungarian_chickenpox,missing_completely_at_random,25,k_nearest_neighbors_imputation,1,0.33706414448293714,0.0,0.33706414448293714,0.33706414448293714,0.33706414448293714,0.33706414448293714,0.33706414448293714,0.10777918974374737,0.0,0.10777918974374737,0.10777918974374737,0.10777918974374737,0.10777918974374737,0.10777918974374737
hungarian_chickenpox,missing_completely_at_random,25,random_forest_imputation,9,0.37794394103865153,0.013132295917917371,0.37982633182202646,0.36723028717610606,0.3892152200440937,0.36784956480817077,0.3880383172691323,0.1255903755085881,0.0038172403762913834,0.12500611503976233,0.12260636895608745,0.1285024863156089,0.12265618481098935,0.12852456620618682
hungarian_chickenpox,missing_completely_at_random,25,mice_imputation,9,0.4819862570732074,0.01601025121989876,0.4861550898946052,0.4727254248068824,0.4920808536786753,0.4696796885669594,0.4942928255794554,0.16376916775767925,0.00493057494561865,0.16344580144148566,0.1633451557666992,0.16660160396375986,0.15997919235316901,0.16755914316218948
hungarian_chickenpox,missing_completely_at_random,25,gain_imputation,9,0.3735249763227992,0.017760281284890742,0.3684429116654959,0.3622995458492816,0.3807547917628892,0.35987321562768343,0.38717673701791494,0.1263906499329801,0.007349889436086443,0.12431585057088278,0.12252539148804518,0.12504531925853507,0.12074102478867718,0.13204027507728303
hungarian_chickenpox,missing_completely_at_random,25,tabcsdi_imputation,9,0.5599019960449008,0.06413321486344363,0.534762136326173,0.5213983119299764,0.576403985972877,0.510604843151888,0.6091991489379135,0.1752814516781679,0.011472072265599065,0.17224034740759608,0.1677915634871403,0.18098258785053253,0.1664632363168904,0.18409966703944539
hungarian_chickenpox,missing_completely_at_random,25,otimpute_imputation,9,0.3632062049098964,0.011762150151645239,0.36248371654516753,0.35912814690939104,0.3658143375519031,0.3541650159470343,0.3722473938727585,0.12626545338070783,0.002939268654167303,0.12628682260615492,0.12403121229197546,0.12805467288477054,0.12400613149037923,0.12852477527103642
hungarian_chickenpox,missing_completely_at_random,30,k_nearest_neighbors_imputation,1,0.3767798665033761,0.0,0.3767798665033761,0.3767798665033761,0.3767798665033761,0.3767798665033761,0.3767798665033761,0.1324787733683937,0.0,0.1324787733683937,0.1324787733683937,0.1324787733683937,0.1324787733683937,0.1324787733683937
hungarian_chickenpox,missing_completely_at_random,40,k_nearest_neighbors_imputation,1,0.4563393641739015,0.0,0.4563393641739015,0.4563393641739015,0.4563393641739015,0.4563393641739015,0.4563393641739015,0.18651102585341506,0.0,0.18651102585341506,0.18651102585341506,0.18651102585341506,0.18651102585341506,0.18651102585341506
hungarian_chickenpox,missing_at_random,1,k_nearest_neighbors_imputation,1,0.0205386127270768,0.0,0.0205386127270768,0.0205386127270768,0.0205386127270768,0.0205386127270768,0.0205386127270768,0.0011556526705180778,0.0,0.0011556526705180778,0.0011556526705180778,0.0011556526705180778,0.0011556526705180778,0.0011556526705180778
hungarian_chickenpox,missing_at_random,3,k_nearest_neighbors_imputation,1,0.03267181468106168,0.0,0.03267181468106168,0.03267181468106168,0.03267181468106168,0.03267181468106168,0.03267181468106168,0.003421442251821423,0.0,0.003421442251821423,0.003421442251821423,0.003421442251821423,0.003421442251821423,0.003421442251821423
hungarian_chickenpox,missing_at_random,2,k_nearest_neighbors_imputation,1,0.024967014744145487,0.0,0.024967014744145487,0.024967014744145487,0.024967014744145487,0.024967014744145487,0.024967014744145487,0.002126078025084144,0.0,0.002126078025084144,0.002126078025084144,0.002126078025084144,0.002126078025084144,0.002126078025084144
hungarian_chickenpox,missing_at_random,4,k_nearest_neighbors_imputation,1,0.036115762794683315,0.0,0.036115762794683315,0.036115762794683315,0.036115762794683315,0.036115762794683315,0.036115762794683315,0.004477027823910754,0.0,0.004477027823910754,0.004477027823910754,0.004477027823910754,0.004477027823910754,0.004477027823910754
hungarian_chickenpox,missing_at_random,5,constant_imputation,1,0.2018842176175059,0.0,0.2018842176175059,0.2018842176175059,0.2018842176175059,0.2018842176175059,0.2018842176175059,0.04356150539393159,0.0,0.04356150539393159,0.04356150539393159,0.04356150539393159,0.04356150539393159,0.04356150539393159
hungarian_chickenpox,missing_at_random,5,mean_imputation,1,0.222468046202111,0.0,0.222468046202111,0.222468046202111,0.222468046202111,0.222468046202111,0.222468046202111,0.048138107383449646,0.0,0.048138107383449646,0.048138107383449646,0.048138107383449646,0.048138107383449646,0.048138107383449646
hungarian_chickenpox,missing_at_random,5,median_imputation,1,0.17549311615813826,0.0,0.17549311615813826,0.17549311615813826,0.17549311615813826,0.17549311615813826,0.17549311615813826,0.036542275895309555,0.0,0.036542275895309555,0.036542275895309555,0.036542275895309555,0.036542275895309555,0.036542275895309555
hungarian_chickenpox,missing_at_random,5,k_nearest_neighbors_imputation,1,0.043168543192755975,0.0,0.043168543192755975,0.043168543192755975,0.043168543192755975,0.043168543192755975,0.043168543192755975,0.005842988055126584,0.0,0.005842988055126584,0.005842988055126584,0.005842988055126584,0.005842988055126584,0.005842988055126584
hungarian_chickenpox,missing_at_random,5,random_forest_imputation,1,0.05048991166773187,0.0,0.05048991166773187,0.05048991166773187,0.05048991166773187,0.05048991166773187,0.05048991166773187,0.007135663703927558,0.0,0.007135663703927558,0.007135663703927558,0.007135663703927558,0.007135663703927558,0.007135663703927558
hungarian_chickenpox,missing_at_random,5,mice_imputation,1,0.08463595797840429,0.0,0.08463595797840429,0.08463595797840429,0.08463595797840429,0.08463595797840429,0.08463595797840429,0.011100153327390234,0.0,0.011100153327390234,0.011100153327390234,0.011100153327390234,0.011100153327390234,0.011100153327390234
hungarian_chickenpox,missing_at_random,5,gain_imputation,1,0.1209344363171752,0.0,0.1209344363171752,0.1209344363171752,0.1209344363171752,0.1209344363171752,0.1209344363171752,0.01479370455368843,0.0,0.01479370455368843,0.01479370455368843,0.01479370455368843,0.01479370455368843,0.01479370455368843
hungarian_chickenpox,missing_at_random,5,tabcsdi_imputation,1,0.12848538776848217,0.0,0.12848538776848217,0.12848538776848217,0.12848538776848217,0.12848538776848217,0.12848538776848217,0.01027076024336308,0.0,0.01027076024336308,0.01027076024336308,0.01027076024336308,0.01027076024336308,0.01027076024336308
hungarian_chickenpox,missing_at_random,5,otimpute_imputation,1,0.09270944278483796,0.0,0.09270944278483796,0.09270944278483796,0.09270944278483796,0.09270944278483796,0.09270944278483796,0.018992602970616616,0.0,0.018992602970616616,0.018992602970616616,0.018992602970616616,0.018992602970616616,0.018992602970616616
hungarian_chickenpox,missing_at_random,8,k_nearest_neighbors_imputation,1,0.06600330720874878,0.0,0.06600330720874878,0.06600330720874878,0.06600330720874878,0.06600330720874878,0.06600330720874878,0.011185674246022624,0.0,0.011185674246022624,0.011185674246022624,0.011185674246022624,0.011185674246022624,0.011185674246022624
hungarian_chickenpox,missing_at_random,10,constant_imputation,1,0.2802262577379511,0.0,0.2802262577379511,0.2802262577379511,0.2802262577379511,0.2802262577379511,0.2802262577379511,0.08453957039170319,0.0,0.08453957039170319,0.08453957039170319,0.08453957039170319,0.08453957039170319,0.08453957039170319
hungarian_chickenpox,missing_at_random,10,mean_imputation,1,0.33927103558272687,0.0,0.33927103558272687,0.33927103558272687,0.33927103558272687,0.33927103558272687,0.33927103558272687,0.10305945167850153,0.0,0.10305945167850153,0.10305945167850153,0.10305945167850153,0.10305945167850153,0.10305945167850153
hungarian_chickenpox,missing_at_random,10,median_imputation,1,0.2798739071489327,0.0,0.2798739071489327,0.2798739071489327,0.2798739071489327,0.2798739071489327,0.2798739071489327,0.0824238356382373,0.0,0.0824238356382373,0.0824238356382373,0.0824238356382373,0.0824238356382373,0.0824238356382373
hungarian_chickenpox,missing_at_random,10,k_nearest_neighbors_imputation,1,0.08451671486265178,0.0,0.08451671486265178,0.08451671486265178,0.08451671486265178,0.08451671486265178,0.08451671486265178,0.016651116258482868,0.0,0.016651116258482868,0.016651116258482868,0.016651116258482868,0.016651116258482868,0.016651116258482868
hungarian_chickenpox,missing_at_random,10,random_forest_imputation,1,0.09420495708889205,0.0,0.09420495708889205,0.09420495708889205,0.09420495708889205,0.09420495708889205,0.09420495708889205,0.01897496882598446,0.0,0.01897496882598446,0.01897496882598446,0.01897496882598446,0.01897496882598446,0.01897496882598446
hungarian_chickenpox,missing_at_random,10,mice_imputation,1,0.14869099966153707,0.0,0.14869099966153707,0.14869099966153707,0.14869099966153707,0.14869099966153707,0.14869099966153707,0.02896037887986271,0.0,0.02896037887986271,0.02896037887986271,0.02896037887986271,0.02896037887986271,0.02896037887986271
hungarian_chickenpox,missing_at_random,10,gain_imputation,1,0.1287669402113836,0.0,0.1287669402113836,0.1287669402113836,0.1287669402113836,0.1287669402113836,0.1287669402113836,0.02650123628786677,0.0,0.02650123628786677,0.02650123628786677,0.02650123628786677,0.02650123628786677,0.02650123628786677
hungarian_chickenpox,missing_at_random,10,tabcsdi_imputation,1,0.14126117479004832,0.0,0.14126117479004832,0.14126117479004832,0.14126117479004832,0.14126117479004832,0.14126117479004832,0.03169930802149114,0.0,0.03169930802149114,0.03169930802149114,0.03169930802149114,0.03169930802149114,0.03169930802149114
hungarian_chickenpox,missing_at_random,10,otimpute_imputation,1,0.15810006798804438,0.0,0.15810006798804438,0.15810006798804438,0.15810006798804438,0.15810006798804438,0.15810006798804438,0.04525365411413171,0.0,0.04525365411413171,0.04525365411413171,0.04525365411413171,0.04525365411413171,0.04525365411413171
hungarian_chickenpox,missing_at_random,6,k_nearest_neighbors_imputation,1,0.05130636764417217,0.0,0.05130636764417217,0.05130636764417217,0.05130636764417217,0.05130636764417217,0.05130636764417217,0.0074835638566736334,0.0,0.0074835638566736334,0.0074835638566736334,0.0074835638566736334,0.0074835638566736334,0.0074835638566736334
hungarian_chickenpox,missing_at_random,15,k_nearest_neighbors_imputation,1,0.16179919751300526,0.0,0.16179919751300526,0.16179919751300526,0.16179919751300526,0.16179919751300526,0.16179919751300526,0.04465424049807069,0.0,0.04465424049807069,0.04465424049807069,0.04465424049807069,0.04465424049807069,0.04465424049807069
hungarian_chickenpox,missing_at_random,20,k_nearest_neighbors_imputation,1,0.23329604532223122,0.0,0.23329604532223122,0.23329604532223122,0.23329604532223122,0.23329604532223122,0.23329604532223122,0.08303204893863728,0.0,0.08303204893863728,0.08303204893863728,0.08303204893863728,0.08303204893863728,0.08303204893863728
hungarian_chickenpox,missing_at_random,30,k_nearest_neighbors_imputation,1,0.42895469485150267,0.0,0.42895469485150267,0.42895469485150267,0.42895469485150267,0.42895469485150267,0.42895469485150267,0.19541723406539852,0.0,0.19541723406539852,0.19541723406539852,0.19541723406539852,0.19541723406539852,0.19541723406539852
hungarian_chickenpox,missing_at_random,25,constant_imputation,1,0.40678864470460685,0.0,0.40678864470460685,0.40678864470460685,0.40678864470460685,0.40678864470460685,0.40678864470460685,0.1804643503558669,0.0,0.1804643503558669,0.1804643503558669,0.1804643503558669,0.1804643503558669,0.1804643503558669
hungarian_chickenpox,missing_at_random,25,mean_imputation,1,0.6203778619872443,0.0,0.6203778619872443,0.6203778619872443,0.6203778619872443,0.6203778619872443,0.6203778619872443,0.2881055767357984,0.0,0.2881055767357984,0.2881055767357984,0.2881055767357984,0.2881055767357984,0.2881055767357984
hungarian_chickenpox,missing_at_random,25,median_imputation,1,0.5392832122730641,0.0,0.5392832122730641,0.5392832122730641,0.5392832122730641,0.5392832122730641,0.5392832122730641,0.24505172075205467,0.0,0.24505172075205467,0.24505172075205467,0.24505172075205467,0.24505172075205467,0.24505172075205467
hungarian_chickenpox,missing_at_random,25,k_nearest_neighbors_imputation,1,0.30458164881784705,0.0,0.30458164881784705,0.30458164881784705,0.30458164881784705,0.30458164881784705,0.30458164881784705,0.12293549926921574,0.0,0.12293549926921574,0.12293549926921574,0.12293549926921574,0.12293549926921574,0.12293549926921574
hungarian_chickenpox,missing_at_random,25,random_forest_imputation,1,0.34822697848957995,0.0,0.34822697848957995,0.34822697848957995,0.34822697848957995,0.34822697848957995,0.34822697848957995,0.13694449243034845,0.0,0.13694449243034845,0.13694449243034845,0.13694449243034845,0.13694449243034845,0.13694449243034845
hungarian_chickenpox,missing_at_random,25,mice_imputation,1,0.4708507528848036,0.0,0.4708507528848036,0.4708507528848036,0.4708507528848036,0.4708507528848036,0.4708507528848036,0.17687426141397172,0.0,0.17687426141397172,0.17687426141397172,0.17687426141397172,0.17687426141397172,0.17687426141397172
hungarian_chickenpox,missing_at_random,25,gain_imputation,1,0.334913162879119,0.0,0.334913162879119,0.334913162879119,0.334913162879119,0.334913162879119,0.334913162879119,0.11654422514116602,0.0,0.11654422514116602,0.11654422514116602,0.11654422514116602,0.11654422514116602,0.11654422514116602
hungarian_chickenpox,missing_at_random,25,tabcsdi_imputation,1,0.37263836421086133,0.0,0.37263836421086133,0.37263836421086133,0.37263836421086133,0.37263836421086133,0.37263836421086133,0.1339561466953554,0.0,0.1339561466953554,0.1339561466953554,0.1339561466953554,0.1339561466953554,0.1339561466953554
hungarian_chickenpox,missing_at_random,25,otimpute_imputation,1,0.43657494625829313,0.0,0.43657494625829313,0.43657494625829313,0.43657494625829313,0.43657494625829313,0.43657494625829313,0.19085094937776714,0.0,0.19085094937776714,0.19085094937776714,0.19085094937776714,0.19085094937776714,0.19085094937776714
hungarian_chickenpox,missing_at_random,40,k_nearest_neighbors_imputation,1,0.65977979909509,0.0,0.65977979909509,0.65977979909509,0.65977979909509,0.65977979909509,0.65977979909509,0.3627819871427495,0.0,0.3627819871427495,0.3627819871427495,0.3627819871427495,0.3627819871427495,0.3627819871427495
hungarian_chickenpox,missing_not_at_random,2,k_nearest_neighbors_imputation,1,0.02972017069162673,0.0,0.02972017069162673,0.02972017069162673,0.02972017069162673,0.02972017069162673,0.02972017069162673,0.003144421835466496,0.0,0.003144421835466496,0.003144421835466496,0.003144421835466496,0.003144421835466496,0.003144421835466496
hungarian_chickenpox,missing_not_at_random,1,k_nearest_neighbors_imputation,1,0.021312512224652698,0.0,0.021312512224652698,0.021312512224652698,0.021312512224652698,0.021312512224652698,0.021312512224652698,0.001464909541378873,0.0,0.001464909541378873,0.001464909541378873,0.001464909541378873,0.001464909541378873,0.001464909541378873
hungarian_chickenpox,missing_not_at_random,3,k_nearest_neighbors_imputation,1,0.043555623369287276,0.0,0.043555623369287276,0.043555623369287276,0.043555623369287276,0.043555623369287276,0.043555623369287276,0.0053046378902505305,0.0,0.0053046378902505305,0.0053046378902505305,0.0053046378902505305,0.0053046378902505305,0.0053046378902505305
hungarian_chickenpox,missing_not_at_random,4,k_nearest_neighbors_imputation,1,0.046837551760538707,0.0,0.046837551760538707,0.046837551760538707,0.046837551760538707,0.046837551760538707,0.046837551760538707,0.007181225969074185,0.0,0.007181225969074185,0.007181225969074185,0.007181225969074185,0.007181225969074185,0.007181225969074185
hungarian_chickenpox,missing_not_at_random,5,constant_imputation,1,0.2206282834618165,0.0,0.2206282834618165,0.2206282834618165,0.2206282834618165,0.2206282834618165,0.2206282834618165,0.04910851422727879,0.0,0.04910851422727879,0.04910851422727879,0.04910851422727879,0.04910851422727879,0.04910851422727879
hungarian_chickenpox,missing_not_at_random,5,mean_imputation,1,0.2450287622568641,0.0,0.2450287622568641,0.2450287622568641,0.2450287622568641,0.2450287622568641,0.2450287622568641,0.054541796652424535,0.0,0.054541796652424535,0.054541796652424535,0.054541796652424535,0.054541796652424535,0.054541796652424535
hungarian_chickenpox,missing_not_at_random,5,median_imputation,1,0.18747874747333998,0.0,0.18747874747333998,0.18747874747333998,0.18747874747333998,0.18747874747333998,0.18747874747333998,0.041266210254749455,0.0,0.041266210254749455,0.041266210254749455,0.041266210254749455,0.041266210254749455,0.041266210254749455
hungarian_chickenpox,missing_not_at_random,5,k_nearest_neighbors_imputation,1,0.06569923017964723,0.0,0.06569923017964723,0.06569923017964723,0.06569923017964723,0.06569923017964723,0.06569923017964723,0.010716553180246887,0.0,0.010716553180246887,0.010716553180246887,0.010716553180246887,0.010716553180246887,0.010716553180246887
hungarian_chickenpox,missing_not_at_random,5,mice_imputation,1,0.11116003598508835,0.0,0.11116003598508835,0.11116003598508835,0.11116003598508835,0.11116003598508835,0.11116003598508835,0.015019104945958789,0.0,0.015019104945958789,0.015019104945958789,0.015019104945958789,0.015019104945958789,0.015019104945958789
hungarian_chickenpox,missing_not_at_random,5,random_forest_imputation,1,0.07790858683070429,0.0,0.07790858683070429,0.07790858683070429,0.07790858683070429,0.07790858683070429,0.07790858683070429,0.012619958870739691,0.0,0.012619958870739691,0.012619958870739691,0.012619958870739691,0.012619958870739691,0.012619958870739691
hungarian_chickenpox,missing_not_at_random,5,gain_imputation,1,0.21585746754503354,0.0,0.21585746754503354,0.21585746754503354,0.21585746754503354,0.21585746754503354,0.21585746754503354,0.03065790050029138,0.0,0.03065790050029138,0.03065790050029138,0.03065790050029138,0.03065790050029138,0.03065790050029138
hungarian_chickenpox,missing_not_at_random,5,tabcsdi_imputation,1,0.07648306752078846,0.0,0.07648306752078846,0.07648306752078846,0.07648306752078846,0.07648306752078846,0.07648306752078846,0.011791695403437743,0.0,0.011791695403437743,0.011791695403437743,0.011791695403437743,0.011791695403437743,0.011791695403437743
hungarian_chickenpox,missing_not_at_random,5,otimpute_imputation,1,0.12106298016675072,0.0,0.12106298016675072,0.12106298016675072,0.12106298016675072,0.12106298016675072,0.12106298016675072,0.025794359449061,0.0,0.025794359449061,0.025794359449061,0.025794359449061,0.025794359449061,0.025794359449061
hungarian_chickenpox,missing_not_at_random,6,k_nearest_neighbors_imputation,1,0.06768798968654552,0.0,0.06768798968654552,0.06768798968654552,0.06768798968654552,0.06768798968654552,0.06768798968654552,0.012888588114166969,0.0,0.012888588114166969,0.012888588114166969,0.012888588114166969,0.012888588114166969,0.012888588114166969
hungarian_chickenpox,missing_not_at_random,10,constant_imputation,1,0.28990871210767827,0.0,0.28990871210767827,0.28990871210767827,0.28990871210767827,0.28990871210767827,0.28990871210767827,0.09107588681300295,0.0,0.09107588681300295,0.09107588681300295,0.09107588681300295,0.09107588681300295,0.09107588681300295
hungarian_chickenpox,missing_not_at_random,10,mean_imputation,1,0.36192346314318025,0.0,0.36192346314318025,0.36192346314318025,0.36192346314318025,0.36192346314318025,0.36192346314318025,0.11373591606791278,0.0,0.11373591606791278,0.11373591606791278,0.11373591606791278,0.11373591606791278,0.11373591606791278
hungarian_chickenpox,missing_not_at_random,10,median_imputation,1,0.2818875902247536,0.0,0.2818875902247536,0.2818875902247536,0.2818875902247536,0.2818875902247536,0.2818875902247536,0.08763764879569348,0.0,0.08763764879569348,0.08763764879569348,0.08763764879569348,0.08763764879569348,0.08763764879569348
hungarian_chickenpox,missing_not_at_random,10,k_nearest_neighbors_imputation,1,0.11225190928870162,0.0,0.11225190928870162,0.11225190928870162,0.11225190928870162,0.11225190928870162,0.11225190928870162,0.029882315563595274,0.0,0.029882315563595274,0.029882315563595274,0.029882315563595274,0.029882315563595274,0.029882315563595274
hungarian_chickenpox,missing_not_at_random,10,mice_imputation,1,0.20934884564518363,0.0,0.20934884564518363,0.20934884564518363,0.20934884564518363,0.20934884564518363,0.20934884564518363,0.04742264649383064,0.0,0.04742264649383064,0.04742264649383064,0.04742264649383064,0.04742264649383064,0.04742264649383064
hungarian_chickenpox,missing_not_at_random,10,random_forest_imputation,1,0.14057945164297872,0.0,0.14057945164297872,0.14057945164297872,0.14057945164297872,0.14057945164297872,0.14057945164297872,0.03652637638647487,0.0,0.03652637638647487,0.03652637638647487,0.03652637638647487,0.03652637638647487,0.03652637638647487
hungarian_chickenpox,missing_not_at_random,10,gain_imputation,1,0.343627797500795,0.0,0.343627797500795,0.343627797500795,0.343627797500795,0.343627797500795,0.343627797500795,0.0777524850780524,0.0,0.0777524850780524,0.0777524850780524,0.0777524850780524,0.0777524850780524,0.0777524850780524
hungarian_chickenpox,missing_not_at_random,10,tabcsdi_imputation,1,0.16107657890414337,0.0,0.16107657890414337,0.16107657890414337,0.16107657890414337,0.16107657890414337,0.16107657890414337,0.02867602988352199,0.0,0.02867602988352199,0.02867602988352199,0.02867602988352199,0.02867602988352199,0.02867602988352199
hungarian_chickenpox,missing_not_at_random,10,otimpute_imputation,1,0.20255978507019065,0.0,0.20255978507019065,0.20255978507019065,0.20255978507019065,0.20255978507019065,0.20255978507019065,0.061530771103674296,0.0,0.061530771103674296,0.061530771103674296,0.061530771103674296,0.061530771103674296,0.061530771103674296
hungarian_chickenpox,missing_not_at_random,8,k_nearest_neighbors_imputation,1,0.08541424895351278,0.0,0.08541424895351278,0.08541424895351278,0.08541424895351278,0.08541424895351278,0.08541424895351278,0.019505532586545186,0.0,0.019505532586545186,0.019505532586545186,0.019505532586545186,0.019505532586545186,0.019505532586545186
hungarian_chickenpox,missing_not_at_random,15,k_nearest_neighbors_imputation,1,0.21931636980682245,0.0,0.21931636980682245,0.21931636980682245,0.21931636980682245,0.21931636980682245,0.21931636980682245,0.07939842304407972,0.0,0.07939842304407972,0.07939842304407972,0.07939842304407972,0.07939842304407972,0.07939842304407972
hungarian_chickenpox,missing_not_at_random,20,k_nearest_neighbors_imputation,1,0.3520354602353892,0.0,0.3520354602353892,0.3520354602353892,0.3520354602353892,0.3520354602353892,0.3520354602353892,0.15113135814676296,0.0,0.15113135814676296,0.15113135814676296,0.15113135814676296,0.15113135814676296,0.15113135814676296
hungarian_chickenpox,missing_not_at_random,30,k_nearest_neighbors_imputation,1,0.6750047451303448,0.0,0.6750047451303448,0.6750047451303448,0.6750047451303448,0.6750047451303448,0.6750047451303448,0.35857885501236375,0.0,0.35857885501236375,0.35857885501236375,0.35857885501236375,0.35857885501236375,0.35857885501236375
hungarian_chickenpox,missing_not_at_random,25,constant_imputation,1,0.37693449665974477,0.0,0.37693449665974477,0.37693449665974477,0.37693449665974477,0.37693449665974477,0.37693449665974477,0.18110245923275559,0.0,0.18110245923275559,0.18110245923275559,0.18110245923275559,0.18110245923275559,0.18110245923275559
hungarian_chickenpox,missing_not_at_random,25,mean_imputation,1,0.7327745777602719,0.0,0.7327745777602719,0.7327745777602719,0.7327745777602719,0.7327745777602719,0.7327745777602719,0.36220491846551117,0.0,0.36220491846551117,0.36220491846551117,0.36220491846551117,0.36220491846551117,0.36220491846551117
hungarian_chickenpox,missing_not_at_random,25,median_imputation,1,0.6021169274882874,0.0,0.6021169274882874,0.6021169274882874,0.6021169274882874,0.6021169274882874,0.6021169274882874,0.29515000249547096,0.0,0.29515000249547096,0.29515000249547096,0.29515000249547096,0.29515000249547096,0.29515000249547096
hungarian_chickenpox,missing_not_at_random,25,k_nearest_neighbors_imputation,1,0.49950848835632483,0.0,0.49950848835632483,0.49950848835632483,0.49950848835632483,0.49950848835632483,0.49950848835632483,0.24176980197804443,0.0,0.24176980197804443,0.24176980197804443,0.24176980197804443,0.24176980197804443,0.24176980197804443
hungarian_chickenpox,missing_not_at_random,25,random_forest_imputation,1,0.6307083485339288,0.0,0.6307083485339288,0.6307083485339288,0.6307083485339288,0.6307083485339288,0.6307083485339288,0.29224412000782096,0.0,0.29224412000782096,0.29224412000782096,0.29224412000782096,0.29224412000782096,0.29224412000782096
hungarian_chickenpox,missing_not_at_random,25,mice_imputation,1,0.6210688748968204,0.0,0.6210688748968204,0.6210688748968204,0.6210688748968204,0.6210688748968204,0.6210688748968204,0.264710756282982,0.0,0.264710756282982,0.264710756282982,0.264710756282982,0.264710756282982,0.264710756282982
hungarian_chickenpox,missing_not_at_random,25,gain_imputation,1,0.656509762724113,0.0,0.656509762724113,0.656509762724113,0.656509762724113,0.656509762724113,0.656509762724113,0.29211554007065366,0.0,0.29211554007065366,0.29211554007065366,0.29211554007065366,0.29211554007065366,0.29211554007065366
hungarian_chickenpox,missing_not_at_random,25,tabcsdi_imputation,1,0.4817282874516862,0.0,0.4817282874516862,0.4817282874516862,0.4817282874516862,0.4817282874516862,0.4817282874516862,0.19343055834165257,0.0,0.19343055834165257,0.19343055834165257,0.19343055834165257,0.19343055834165257,0.19343055834165257
hungarian_chickenpox,missing_not_at_random,25,otimpute_imputation,1,0.5712399847269415,0.0,0.5712399847269415,0.5712399847269415,0.5712399847269415,0.5712399847269415,0.5712399847269415,0.2765589279946125,0.0,0.2765589279946125,0.2765589279946125,0.2765589279946125,0.2765589279946125,0.2765589279946125
hungarian_chickenpox,missing_not_at_random,40,k_nearest_neighbors_imputation,1,1.2178801943349449,0.0,1.2178801943349449,1.2178801943349449,1.2178801943349449,1.2178801943349449,1.2178801943349449,0.7451342327966891,0.0,0.7451342327966891,0.7451342327966891,0.7451342327966891,0.7451342327966891,0.7451342327966891
diabetes,missing_completely_at_random,1,k_nearest_neighbors_imputation,1,0.09983598261616755,0.0,0.09983598261616755,0.09983598261616755,0.09983598261616755,0.09983598261616755,0.09983598261616755,0.006434949511057807,0.0,0.006434949511057807,0.006434949511057807,0.006434949511057807,0.006434949511057807,0.006434949511057807
diabetes,missing_completely_at_random,2,k_nearest_neighbors_imputation,1,0.1404540333450708,0.0,0.1404540333450708,0.1404540333450708,0.1404540333450708,0.1404540333450708,0.1404540333450708,0.013075728144533894,0.0,0.013075728144533894,0.013075728144533894,0.013075728144533894,0.013075728144533894,0.013075728144533894
diabetes,missing_completely_at_random,3,k_nearest_neighbors_imputation,1,0.16302772453089476,0.0,0.16302772453089476,0.16302772453089476,0.16302772453089476,0.16302772453089476,0.16302772453089476,0.0184377407439715,0.0,0.0184377407439715,0.0184377407439715,0.0184377407439715,0.0184377407439715,0.0184377407439715
diabetes,missing_completely_at_random,8,k_nearest_neighbors_imputation,1,0.2701539732674328,0.0,0.2701539732674328,0.2701539732674328,0.2701539732674328,0.2701539732674328,0.2701539732674328,0.052697299674506815,0.0,0.052697299674506815,0.052697299674506815,0.052697299674506815,0.052697299674506815,0.052697299674506815
diabetes,missing_completely_at_random,4,k_nearest_neighbors_imputation,1,0.17551244137110297,0.0,0.17551244137110297,0.17551244137110297,0.17551244137110297,0.17551244137110297,0.17551244137110297,0.023559714246484318,0.0,0.023559714246484318,0.023559714246484318,0.023559714246484318,0.023559714246484318,0.023559714246484318
diabetes,missing_completely_at_random,6,k_nearest_neighbors_imputation,1,0.22910110376337522,0.0,0.22910110376337522,0.22910110376337522,0.22910110376337522,0.22910110376337522,0.22910110376337522,0.03832414958469298,0.0,0.03832414958469298,0.03832414958469298,0.03832414958469298,0.03832414958469298,0.03832414958469298
diabetes,missing_completely_at_random,5,constant_imputation,1,0.23604414535377855,0.0,0.23604414535377855,0.23604414535377855,0.23604414535377855,0.23604414535377855,0.23604414535377855,0.039928290685014634,0.0,0.039928290685014634,0.039928290685014634,0.039928290685014634,0.039928290685014634,0.039928290685014634
diabetes,missing_completely_at_random,5,mean_imputation,1,0.23634842396399441,0.0,0.23634842396399441,0.23634842396399441,0.23634842396399441,0.23634842396399441,0.23634842396399441,0.03987667596781119,0.0,0.03987667596781119,0.03987667596781119,0.03987667596781119,0.03987667596781119,0.03987667596781119
diabetes,missing_completely_at_random,5,median_imputation,1,0.25262827312748465,0.0,0.25262827312748465,0.25262827312748465,0.25262827312748465,0.25262827312748465,0.25262827312748465,0.03907142269006008,0.0,0.03907142269006008,0.03907142269006008,0.03907142269006008,0.03907142269006008,0.03907142269006008
diabetes,missing_completely_at_random,5,k_nearest_neighbors_imputation,1,0.1981087095573401,0.0,0.1981087095573401,0.1981087095573401,0.1981087095573401,0.1981087095573401,0.1981087095573401,0.030584648467923328,0.0,0.030584648467923328,0.030584648467923328,0.030584648467923328,0.030584648467923328,0.030584648467923328
diabetes,missing_completely_at_random,5,mice_imputation,9,0.26764151209861115,0.012979204008543403,0.27019868136438074,0.26178284432989823,0.27336164188840495,0.2576648127268246,0.27761821147039767,0.0422581754771136,0.002604512254154627,0.0420523598242449,0.04013401456148909,0.04465960741193794,0.04025617013435677,0.04426018081987043
diabetes,missing_completely_at_random,5,random_forest_imputation,9,0.20063450928120127,0.014338834630604954,0.1970747247475397,0.19319639613279135,0.21215542655103173,0.18961270529714003,0.21165631326526252,0.03136582965790454,0.0027084120611607287,0.03185936616161655,0.031196221027211108,0.03208150080119785,0.029283959853613383,0.0334476994621957
diabetes,missing_completely_at_random,5,gain_imputation,9,0.2954503350200778,0.060902207741249284,0.289919755499924,0.24870632478066543,0.32788955824971044,0.24863675405528313,0.34226391598487244,0.05090659686879692,0.010508543392484191,0.0506883513440764,0.04323692598941729,0.05838578167496261,0.04282901536278327,0.05898417837481058
diabetes,missing_completely_at_random,5,tabcsdi_imputation,9,0.3008831109149376,0.03896854137680575,0.30325381090700104,0.2806726436709944,0.31252096577016464,0.2709292383956747,0.3308369834342005,0.05048121713465196,0.004450837844093535,0.05135755088274709,0.04772130353100912,0.05356086945469865,0.047060000310117665,0.05390243395918625
diabetes,missing_completely_at_random,5,otimpute_imputation,9,0.20570323290169373,0.014594205648235409,0.20694162929729126,0.19774960159920926,0.21777629591529227,0.19448513337674345,0.21692133242664402,0.03145798832600247,0.002765467903722263,0.03218731964751837,0.031375415564508936,0.03322916047042904,0.029332261518749823,0.033583715133255115
diabetes,missing_completely_at_random,15,k_nearest_neighbors_imputation,1,0.3621312775974217,0.0,0.3621312775974217,0.3621312775974217,0.3621312775974217,0.3621312775974217,0.3621312775974217,0.09749755889444896,0.0,0.09749755889444896,0.09749755889444896,0.09749755889444896,0.09749755889444896,0.09749755889444896
diabetes,missing_completely_at_random,10,constant_imputation,1,0.34190259696242953,0.0,0.34190259696242953,0.34190259696242953,0.34190259696242953,0.34190259696242953,0.34190259696242953,0.08063573378246426,0.0,0.08063573378246426,0.08063573378246426,0.08063573378246426,0.08063573378246426,0.08063573378246426
diabetes,missing_completely_at_random,10,mean_imputation,1,0.34280759221343765,0.0,0.34280759221343765,0.34280759221343765,0.34280759221343765,0.34280759221343765,0.34280759221343765,0.08028199242943544,0.0,0.08028199242943544,0.08028199242943544,0.08028199242943544,0.08028199242943544,0.08028199242943544
diabetes,missing_completely_at_random,10,median_imputation,1,0.37816326540545275,0.0,0.37816326540545275,0.37816326540545275,0.37816326540545275,0.37816326540545275,0.37816326540545275,0.08095542028101312,0.0,0.08095542028101312,0.08095542028101312,0.08095542028101312,0.08095542028101312,0.08095542028101312
diabetes,missing_completely_at_random,10,k_nearest_neighbors_imputation,1,0.2989145785109354,0.0,0.2989145785109354,0.2989145785109354,0.2989145785109354,0.2989145785109354,0.2989145785109354,0.06503497921286998,0.0,0.06503497921286998,0.06503497921286998,0.06503497921286998,0.06503497921286998,0.06503497921286998
diabetes,missing_completely_at_random,10,mice_imputation,9,0.38390807914069086,0.020430474807365692,0.3885327240336756,0.375284566352441,0.39573463945153803,0.3682038260107009,0.3996123322706808,0.08715485565597747,0.005380723379877954,0.08837290206604027,0.08725562339047661,0.09063134144512223,0.08301886553451471,0.09129084577744023
diabetes,missing_completely_at_random,10,random_forest_imputation,9,0.28896754508500644,0.015769980633352988,0.2909108701727658,0.28157144495614517,0.2962461720175309,0.2768456649008059,0.30108942526920696,0.06420535723603168,0.004485621254832947,0.06565722846802251,0.06349817872157189,0.06780145846411934,0.060757403515163524,0.06765331095689985
diabetes,missing_completely_at_random,10,gain_imputation,9,0.39474221514737057,0.061637073895551245,0.38669792481858706,0.3552353052485172,0.41726765737936405,0.3473637660523619,0.4421206642423792,0.09499444883879096,0.015665082749207433,0.09389200111443945,0.08739619359335259,0.10224075207130852,0.08295320030612836,0.10703569737145356
diabetes,missing_completely_at_random,10,tabcsdi_imputation,9,0.4286381381870668,0.022817201850710594,0.4280499738227919,0.4170726410246159,0.4398917198104594,0.4110992842465579,0.4461769921275757,0.10211750178728107,0.006284262485007185,0.10335392985828118,0.09641531563114696,0.10721985159919274,0.09728699002823608,0.10694801354632606
diabetes,missing_completely_at_random,10,otimpute_imputation,9,0.29121310236219666,0.017132895968510163,0.29165383147813423,0.2795911241579538,0.2984383117878175,0.27804359271172757,0.30438261201266575,0.06312941484850408,0.004832950357964122,0.06500605509440917,0.06397396383724872,0.06535233238055052,0.05941448034493684,0.06684434935207131
diabetes,missing_completely_at_random,20,k_nearest_neighbors_imputation,1,0.4175270701365019,0.0,0.4175270701365019,0.4175270701365019,0.4175270701365019,0.4175270701365019,0.4175270701365019,0.130836302591701,0.0,0.130836302591701,0.130836302591701,0.130836302591701,0.130836302591701,0.130836302591701
diabetes,missing_completely_at_random,25,constant_imputation,1,0.5178976268994253,0.0,0.5178976268994253,0.5178976268994253,0.5178976268994253,0.5178976268994253,0.5178976268994253,0.1933392588181048,0.0,0.1933392588181048,0.1933392588181048,0.1933392588181048,0.1933392588181048,0.1933392588181048
diabetes,missing_completely_at_random,25,mean_imputation,1,0.5197881972019046,0.0,0.5197881972019046,0.5197881972019046,0.5197881972019046,0.5197881972019046,0.5197881972019046,0.19207108546746346,0.0,0.19207108546746346,0.19207108546746346,0.19207108546746346,0.19207108546746346,0.19207108546746346
diabetes,missing_completely_at_random,25,median_imputation,1,0.5677284422601078,0.0,0.5677284422601078,0.5677284422601078,0.5677284422601078,0.5677284422601078,0.5677284422601078,0.18866192418455072,0.0,0.18866192418455072,0.18866192418455072,0.18866192418455072,0.18866192418455072,0.18866192418455072
diabetes,missing_completely_at_random,25,k_nearest_neighbors_imputation,1,0.47185235170125783,0.0,0.47185235170125783,0.47185235170125783,0.47185235170125783,0.47185235170125783,0.47185235170125783,0.16485615884094776,0.0,0.16485615884094776,0.16485615884094776,0.16485615884094776,0.16485615884094776,0.16485615884094776
diabetes,missing_completely_at_random,25,mice_imputation,9,0.6165485155272561,0.02067479652425656,0.6129336079390586,0.6013195990749469,0.6253831077398798,0.600656460100776,0.6324405709537362,0.2203469673943128,0.012198908043424883,0.22355597864578033,0.20794889741612652,0.22887247899587462,0.21097005659660842,0.2297238781920172
diabetes,missing_completely_at_random,25,random_forest_imputation,9,0.4879207801944783,0.029388974001028093,0.4768136483466729,0.4694738860195055,0.5037111681757999,0.4653304150025522,0.5105111453864045,0.17186246689488383,0.012759794200318867,0.16985007443241562,0.16596000266043534,0.17518668471471774,0.16205442083145402,0.18167051295831363
diabetes,missing_completely_at_random,25,gain_imputation,9,0.5387975042179555,0.050406629317594855,0.5292585692873991,0.5078926081080098,0.5676398101093503,0.5000515390019297,0.5775434694339813,0.20261383407588146,0.02121836221041056,0.20361426104185135,0.1820690838379406,0.21993548829574247,0.18630395707605926,0.21892371107570366
diabetes,missing_completely_at_random,25,tabcsdi_imputation,9,0.6610233409071049,0.03963121119331201,0.6679166337209518,0.629442999582344,0.6768740785458864,0.6305600952754625,0.6914865865387473,0.24788855993729245,0.012406181199386792,0.24800450676958996,0.23965630411088643,0.25633504547287717,0.23835232488799973,0.25742479498658516
diabetes,missing_completely_at_random,25,otimpute_imputation,9,0.4671034214509613,0.01867348372830012,0.46773310912989324,0.4639293181978966,0.47411445197656726,0.4527497112189187,0.48145713168300386,0.16252865320595047,0.00761184325683145,0.16658213275665448,0.15836348417112645,0.1678941121030116,0.1566776725303574,0.16837963388154356
diabetes,missing_completely_at_random,30,k_nearest_neighbors_imputation,1,0.5245775418513227,0.0,0.5245775418513227,0.5245775418513227,0.5245775418513227,0.5245775418513227,0.5245775418513227,0.20333762450864243,0.0,0.20333762450864243,0.20333762450864243,0.20333762450864243,0.20333762450864243,0.20333762450864243
diabetes,missing_completely_at_random,40,k_nearest_neighbors_imputation,1,0.6132622282878023,0.0,0.6132622282878023,0.6132622282878023,0.6132622282878023,0.6132622282878023,0.6132622282878023,0.2755278245307948,0.0,0.2755278245307948,0.2755278245307948,0.2755278245307948,0.2755278245307948,0.2755278245307948
diabetes,missing_at_random,1,k_nearest_neighbors_imputation,1,0.11788944752146269,0.0,0.11788944752146269,0.11788944752146269,0.11788944752146269,0.11788944752146269,0.11788944752146269,0.007537613869286378,0.0,0.007537613869286378,0.007537613869286378,0.007537613869286378,0.007537613869286378,0.007537613869286378
diabetes,missing_at_random,2,k_nearest_neighbors_imputation,1,0.15776366083896498,0.0,0.15776366083896498,0.15776366083896498,0.15776366083896498,0.15776366083896498,0.15776366083896498,0.01379269636771069,0.0,0.01379269636771069,0.01379269636771069,0.01379269636771069,0.01379269636771069,0.01379269636771069
diabetes,missing_at_random,4,k_nearest_neighbors_imputation,1,0.1849255043617928,0.0,0.1849255043617928,0.1849255043617928,0.1849255043617928,0.1849255043617928,0.1849255043617928,0.022947800926375203,0.0,0.022947800926375203,0.022947800926375203,0.022947800926375203,0.022947800926375203,0.022947800926375203
diabetes,missing_at_random,3,k_nearest_neighbors_imputation,1,0.17335784662346235,0.0,0.17335784662346235,0.17335784662346235,0.17335784662346235,0.17335784662346235,0.17335784662346235,0.018356649594669712,0.0,0.018356649594669712,0.018356649594669712,0.018356649594669712,0.018356649594669712,0.018356649594669712
diabetes,missing_at_random,6,k_nearest_neighbors_imputation,1,0.21472204371790038,0.0,0.21472204371790038,0.21472204371790038,0.21472204371790038,0.21472204371790038,0.21472204371790038,0.03438412743850764,0.0,0.03438412743850764,0.03438412743850764,0.03438412743850764,0.03438412743850764,0.03438412743850764
diabetes,missing_at_random,10,constant_imputation,1,0.29992279585481674,0.0,0.29992279585481674,0.29992279585481674,0.29992279585481674,0.29992279585481674,0.29992279585481674,0.07639110842108128,0.0,0.07639110842108128,0.07639110842108128,0.07639110842108128,0.07639110842108128,0.07639110842108128
diabetes,missing_at_random,10,mean_imputation,1,0.31930443751651083,0.0,0.31930443751651083,0.31930443751651083,0.31930443751651083,0.31930443751651083,0.31930443751651083,0.08374561471502733,0.0,0.08374561471502733,0.08374561471502733,0.08374561471502733,0.08374561471502733,0.08374561471502733
diabetes,missing_at_random,10,median_imputation,1,0.29425873029574695,0.0,0.29425873029574695,0.29425873029574695,0.29425873029574695,0.29425873029574695,0.29425873029574695,0.07222908433611666,0.0,0.07222908433611666,0.07222908433611666,0.07222908433611666,0.07222908433611666,0.07222908433611666
diabetes,missing_at_random,10,k_nearest_neighbors_imputation,1,0.25178477030376234,0.0,0.25178477030376234,0.25178477030376234,0.25178477030376234,0.25178477030376234,0.25178477030376234,0.05617692987055656,0.0,0.05617692987055656,0.05617692987055656,0.05617692987055656,0.05617692987055656,0.05617692987055656
diabetes,missing_at_random,10,mice_imputation,1,0.3377750549946499,0.0,0.3377750549946499,0.3377750549946499,0.3377750549946499,0.3377750549946499,0.3377750549946499,0.07052744211098179,0.0,0.07052744211098179,0.07052744211098179,0.07052744211098179,0.07052744211098179,0.07052744211098179
diabetes,missing_at_random,10,random_forest_imputation,1,0.24149635496896701,0.0,0.24149635496896701,0.24149635496896701,0.24149635496896701,0.24149635496896701,0.24149635496896701,0.047437256031994446,0.0,0.047437256031994446,0.047437256031994446,0.047437256031994446,0.047437256031994446,0.047437256031994446
diabetes,missing_at_random,10,gain_imputation,1,0.30185797944624854,0.0,0.30185797944624854,0.30185797944624854,0.30185797944624854,0.30185797944624854,0.30185797944624854,0.0671528742930106,0.0,0.0671528742930106,0.0671528742930106,0.0671528742930106,0.0671528742930106,0.0671528742930106
diabetes,missing_at_random,10,tabcsdi_imputation,1,0.3756583404929709,0.0,0.3756583404929709,0.3756583404929709,0.3756583404929709,0.3756583404929709,0.3756583404929709,0.08918267086185046,0.0,0.08918267086185046,0.08918267086185046,0.08918267086185046,0.08918267086185046,0.08918267086185046
diabetes,missing_at_random,10,otimpute_imputation,1,0.2549128938276783,0.0,0.2549128938276783,0.2549128938276783,0.2549128938276783,0.2549128938276783,0.2549128938276783,0.05249345976096908,0.0,0.05249345976096908,0.05249345976096908,0.05249345976096908,0.05249345976096908,0.05249345976096908
diabetes,missing_at_random,5,constant_imputation,1,0.24559611100664885,0.0,0.24559611100664885,0.24559611100664885,0.24559611100664885,0.24559611100664885,0.24559611100664885,0.04236840339395235,0.0,0.04236840339395235,0.04236840339395235,0.04236840339395235,0.04236840339395235,0.04236840339395235
diabetes,missing_at_random,5,mean_imputation,1,0.2507697681385607,0.0,0.2507697681385607,0.2507697681385607,0.2507697681385607,0.2507697681385607,0.2507697681385607,0.04396802769878717,0.0,0.04396802769878717,0.04396802769878717,0.04396802769878717,0.04396802769878717,0.04396802769878717
diabetes,missing_at_random,5,median_imputation,1,0.23549960550978188,0.0,0.23549960550978188,0.23549960550978188,0.23549960550978188,0.23549960550978188,0.23549960550978188,0.03726147033104877,0.0,0.03726147033104877,0.03726147033104877,0.03726147033104877,0.03726147033104877,0.03726147033104877
diabetes,missing_at_random,5,k_nearest_neighbors_imputation,1,0.2058898333289192,0.0,0.2058898333289192,0.2058898333289192,0.2058898333289192,0.2058898333289192,0.2058898333289192,0.02933940563404271,0.0,0.02933940563404271,0.02933940563404271,0.02933940563404271,0.02933940563404271,0.02933940563404271
diabetes,missing_at_random,5,mice_imputation,1,0.2616139044077571,0.0,0.2616139044077571,0.2616139044077571,0.2616139044077571,0.2616139044077571,0.2616139044077571,0.036553182328244914,0.0,0.036553182328244914,0.036553182328244914,0.036553182328244914,0.036553182328244914,0.036553182328244914
diabetes,missing_at_random,5,random_forest_imputation,1,0.19968036359078198,0.0,0.19968036359078198,0.19968036359078198,0.19968036359078198,0.19968036359078198,0.19968036359078198,0.02630206040176007,0.0,0.02630206040176007,0.02630206040176007,0.02630206040176007,0.02630206040176007,0.02630206040176007
diabetes,missing_at_random,5,gain_imputation,1,0.26329661425799566,0.0,0.26329661425799566,0.26329661425799566,0.26329661425799566,0.26329661425799566,0.26329661425799566,0.04180526183442901,0.0,0.04180526183442901,0.04180526183442901,0.04180526183442901,0.04180526183442901,0.04180526183442901
diabetes,missing_at_random,5,tabcsdi_imputation,1,0.28705351438617616,0.0,0.28705351438617616,0.28705351438617616,0.28705351438617616,0.28705351438617616,0.28705351438617616,0.04636913230477229,0.0,0.04636913230477229,0.04636913230477229,0.04636913230477229,0.04636913230477229,0.04636913230477229
diabetes,missing_at_random,5,otimpute_imputation,1,0.21045878104297586,0.0,0.21045878104297586,0.21045878104297586,0.21045878104297586,0.21045878104297586,0.21045878104297586,0.027336069272744123,0.0,0.027336069272744123,0.027336069272744123,0.027336069272744123,0.027336069272744123,0.027336069272744123
diabetes,missing_at_random,8,k_nearest_neighbors_imputation,1,0.23078993539686948,0.0,0.23078993539686948,0.23078993539686948,0.23078993539686948,0.23078993539686948,0.23078993539686948,0.04425382142424375,0.0,0.04425382142424375,0.04425382142424375,0.04425382142424375,0.04425382142424375,0.04425382142424375
diabetes,missing_at_random,15,k_nearest_neighbors_imputation,1,0.3369865976390711,0.0,0.3369865976390711,0.3369865976390711,0.3369865976390711,0.3369865976390711,0.3369865976390711,0.100606839908076,0.0,0.100606839908076,0.100606839908076,0.100606839908076,0.100606839908076,0.100606839908076
diabetes,missing_at_random,20,k_nearest_neighbors_imputation,1,0.3844280246620603,0.0,0.3844280246620603,0.3844280246620603,0.3844280246620603,0.3844280246620603,0.3844280246620603,0.13128440272624756,0.0,0.13128440272624756,0.13128440272624756,0.13128440272624756,0.13128440272624756,0.13128440272624756
diabetes,missing_at_random,25,constant_imputation,1,0.450879845770235,0.0,0.450879845770235,0.450879845770235,0.450879845770235,0.450879845770235,0.450879845770235,0.1826683987849178,0.0,0.1826683987849178,0.1826683987849178,0.1826683987849178,0.1826683987849178,0.1826683987849178
diabetes,missing_at_random,25,mean_imputation,1,0.5361813998719779,0.0,0.5361813998719779,0.5361813998719779,0.5361813998719779,0.5361813998719779,0.5361813998719779,0.22862467165131198,0.0,0.22862467165131198,0.22862467165131198,0.22862467165131198,0.22862467165131198,0.22862467165131198
diabetes,missing_at_random,25,median_imputation,1,0.5071441207259958,0.0,0.5071441207259958,0.5071441207259958,0.5071441207259958,0.5071441207259958,0.5071441207259958,0.21246395366166648,0.0,0.21246395366166648,0.21246395366166648,0.21246395366166648,0.21246395366166648,0.21246395366166648
diabetes,missing_at_random,25,k_nearest_neighbors_imputation,1,0.44789832419000597,0.0,0.44789832419000597,0.44789832419000597,0.44789832419000597,0.44789832419000597,0.44789832419000597,0.17708298333173889,0.0,0.17708298333173889,0.17708298333173889,0.17708298333173889,0.17708298333173889,0.17708298333173889
diabetes,missing_at_random,25,mice_imputation,1,0.6496384232758725,0.0,0.6496384232758725,0.6496384232758725,0.6496384232758725,0.6496384232758725,0.6496384232758725,0.23247955243645332,0.0,0.23247955243645332,0.23247955243645332,0.23247955243645332,0.23247955243645332,0.23247955243645332
diabetes,missing_at_random,25,random_forest_imputation,1,0.5624510635047514,0.0,0.5624510635047514,0.5624510635047514,0.5624510635047514,0.5624510635047514,0.5624510635047514,0.2081293970234638,0.0,0.2081293970234638,0.2081293970234638,0.2081293970234638,0.2081293970234638,0.2081293970234638
diabetes,missing_at_random,25,gain_imputation,1,0.4334831826153436,0.0,0.4334831826153436,0.4334831826153436,0.4334831826153436,0.4334831826153436,0.4334831826153436,0.1608587394026432,0.0,0.1608587394026432,0.1608587394026432,0.1608587394026432,0.1608587394026432,0.1608587394026432
diabetes,missing_at_random,25,tabcsdi_imputation,1,0.6710873559573204,0.0,0.6710873559573204,0.6710873559573204,0.6710873559573204,0.6710873559573204,0.6710873559573204,0.26063750650042156,0.0,0.26063750650042156,0.26063750650042156,0.26063750650042156,0.26063750650042156,0.26063750650042156
diabetes,missing_at_random,25,otimpute_imputation,1,0.45582358010363744,0.0,0.45582358010363744,0.45582358010363744,0.45582358010363744,0.45582358010363744,0.45582358010363744,0.18421723324016856,0.0,0.18421723324016856,0.18421723324016856,0.18421723324016856,0.18421723324016856,0.18421723324016856
diabetes,missing_at_random,30,k_nearest_neighbors_imputation,1,0.5131690305634935,0.0,0.5131690305634935,0.5131690305634935,0.5131690305634935,0.5131690305634935,0.5131690305634935,0.22287744920225996,0.0,0.22287744920225996,0.22287744920225996,0.22287744920225996,0.22287744920225996,0.22287744920225996
diabetes,missing_at_random,40,k_nearest_neighbors_imputation,1,0.6930159773702048,0.0,0.6930159773702048,0.6930159773702048,0.6930159773702048,0.6930159773702048,0.6930159773702048,0.3611076175464531,0.0,0.3611076175464531,0.3611076175464531,0.3611076175464531,0.3611076175464531,0.3611076175464531
diabetes,missing_not_at_random,2,k_nearest_neighbors_imputation,1,0.27870699328798626,0.0,0.27870699328798626,0.27870699328798626,0.27870699328798626,0.27870699328798626,0.27870699328798626,0.029689166754717767,0.0,0.029689166754717767,0.029689166754717767,0.029689166754717767,0.029689166754717767,0.029689166754717767
diabetes,missing_not_at_random,1,k_nearest_neighbors_imputation,1,0.1863557933440073,0.0,0.1863557933440073,0.1863557933440073,0.1863557933440073,0.1863557933440073,0.1863557933440073,0.013976961807605943,0.0,0.013976961807605943,0.013976961807605943,0.013976961807605943,0.013976961807605943,0.013976961807605943
diabetes,missing_not_at_random,3,k_nearest_neighbors_imputation,1,0.3187307121940404,0.0,0.3187307121940404,0.3187307121940404,0.3187307121940404,0.3187307121940404,0.3187307121940404,0.041011862253832514,0.0,0.041011862253832514,0.041011862253832514,0.041011862253832514,0.041011862253832514,0.041011862253832514
diabetes,missing_not_at_random,4,k_nearest_neighbors_imputation,1,0.36132209796717607,0.0,0.36132209796717607,0.36132209796717607,0.36132209796717607,0.36132209796717607,0.36132209796717607,0.057683698485486844,0.0,0.057683698485486844,0.057683698485486844,0.057683698485486844,0.057683698485486844,0.057683698485486844
diabetes,missing_not_at_random,5,constant_imputation,1,0.3426012869263469,0.0,0.3426012869263469,0.3426012869263469,0.3426012869263469,0.3426012869263469,0.3426012869263469,0.06372859888999881,0.0,0.06372859888999881,0.06372859888999881,0.06372859888999881,0.06372859888999881,0.06372859888999881
diabetes,missing_not_at_random,5,mean_imputation,1,0.3746566951171535,0.0,0.3746566951171535,0.3746566951171535,0.3746566951171535,0.3746566951171535,0.3746566951171535,0.07083004912810288,0.0,0.07083004912810288,0.07083004912810288,0.07083004912810288,0.07083004912810288,0.07083004912810288
diabetes,missing_not_at_random,5,median_imputation,1,0.3443149556275695,0.0,0.3443149556275695,0.3443149556275695,0.3443149556275695,0.3443149556275695,0.3443149556275695,0.05878976186214777,0.0,0.05878976186214777,0.05878976186214777,0.05878976186214777,0.05878976186214777,0.05878976186214777
diabetes,missing_not_at_random,5,k_nearest_neighbors_imputation,1,0.3587163792293528,0.0,0.3587163792293528,0.3587163792293528,0.3587163792293528,0.3587163792293528,0.3587163792293528,0.06166849824104061,0.0,0.06166849824104061,0.06166849824104061,0.06166849824104061,0.06166849824104061,0.06166849824104061
diabetes,missing_not_at_random,5,mice_imputation,1,0.3864967266522318,0.0,0.3864967266522318,0.3864967266522318,0.3864967266522318,0.3864967266522318,0.3864967266522318,0.06189246971650275,0.0,0.06189246971650275,0.06189246971650275,0.06189246971650275,0.06189246971650275,0.06189246971650275
diabetes,missing_not_at_random,5,random_forest_imputation,1,0.36055183469402247,0.0,0.36055183469402247,0.36055183469402247,0.36055183469402247,0.36055183469402247,0.36055183469402247,0.05841020246763564,0.0,0.05841020246763564,0.05841020246763564,0.05841020246763564,0.05841020246763564,0.05841020246763564
diabetes,missing_not_at_random,5,gain_imputation,1,0.4986795925709829,0.0,0.4986795925709829,0.4986795925709829,0.4986795925709829,0.4986795925709829,0.4986795925709829,0.0917783293765964,0.0,0.0917783293765964,0.0917783293765964,0.0917783293765964,0.0917783293765964,0.0917783293765964
diabetes,missing_not_at_random,5,tabcsdi_imputation,1,0.4132908618686893,0.0,0.4132908618686893,0.4132908618686893,0.4132908618686893,0.4132908618686893,0.4132908618686893,0.07279295939164358,0.0,0.07279295939164358,0.07279295939164358,0.07279295939164358,0.07279295939164358,0.07279295939164358
diabetes,missing_not_at_random,5,otimpute_imputation,1,0.3457301122641267,0.0,0.3457301122641267,0.3457301122641267,0.3457301122641267,0.3457301122641267,0.3457301122641267,0.0558027793160363,0.0,0.0558027793160363,0.0558027793160363,0.0558027793160363,0.0558027793160363,0.0558027793160363
diabetes,missing_not_at_random,6,k_nearest_neighbors_imputation,1,0.3984796936533845,0.0,0.3984796936533845,0.3984796936533845,0.3984796936533845,0.3984796936533845,0.3984796936533845,0.07883670447865519,0.0,0.07883670447865519,0.07883670447865519,0.07883670447865519,0.07883670447865519,0.07883670447865519
diabetes,missing_not_at_random,8,k_nearest_neighbors_imputation,1,0.40129858729774365,0.0,0.40129858729774365,0.40129858729774365,0.40129858729774365,0.40129858729774365,0.40129858729774365,0.08877178049306533,0.0,0.08877178049306533,0.08877178049306533,0.08877178049306533,0.08877178049306533,0.08877178049306533
diabetes,missing_not_at_random,10,constant_imputation,1,0.3857793873447499,0.0,0.3857793873447499,0.3857793873447499,0.3857793873447499,0.3857793873447499,0.3857793873447499,0.10241064753080455,0.0,0.10241064753080455,0.10241064753080455,0.10241064753080455,0.10241064753080455,0.10241064753080455
diabetes,missing_not_at_random,10,mean_imputation,1,0.4599887345540335,0.0,0.4599887345540335,0.4599887345540335,0.4599887345540335,0.4599887345540335,0.4599887345540335,0.1280967057062832,0.0,0.1280967057062832,0.1280967057062832,0.1280967057062832,0.1280967057062832,0.1280967057062832
diabetes,missing_not_at_random,10,median_imputation,1,0.40770849272196796,0.0,0.40770849272196796,0.40770849272196796,0.40770849272196796,0.40770849272196796,0.40770849272196796,0.10700236092857174,0.0,0.10700236092857174,0.10700236092857174,0.10700236092857174,0.10700236092857174,0.10700236092857174
diabetes,missing_not_at_random,10,k_nearest_neighbors_imputation,1,0.428277493522023,0.0,0.428277493522023,0.428277493522023,0.428277493522023,0.428277493522023,0.428277493522023,0.10751878520299248,0.0,0.10751878520299248,0.10751878520299248,0.10751878520299248,0.10751878520299248,0.10751878520299248
diabetes,missing_not_at_random,10,mice_imputation,1,0.4684525034345277,0.0,0.4684525034345277,0.4684525034345277,0.4684525034345277,0.4684525034345277,0.4684525034345277,0.1055888948263129,0.0,0.1055888948263129,0.1055888948263129,0.1055888948263129,0.1055888948263129,0.1055888948263129
diabetes,missing_not_at_random,10,random_forest_imputation,1,0.43292989615774274,0.0,0.43292989615774274,0.43292989615774274,0.43292989615774274,0.43292989615774274,0.43292989615774274,0.1026239714045528,0.0,0.1026239714045528,0.1026239714045528,0.1026239714045528,0.1026239714045528,0.1026239714045528
diabetes,missing_not_at_random,10,gain_imputation,1,0.5783586631431387,0.0,0.5783586631431387,0.5783586631431387,0.5783586631431387,0.5783586631431387,0.5783586631431387,0.14595313192851275,0.0,0.14595313192851275,0.14595313192851275,0.14595313192851275,0.14595313192851275,0.14595313192851275
diabetes,missing_not_at_random,10,tabcsdi_imputation,1,0.46734632970983064,0.0,0.46734632970983064,0.46734632970983064,0.46734632970983064,0.46734632970983064,0.46734632970983064,0.11192976443224817,0.0,0.11192976443224817,0.11192976443224817,0.11192976443224817,0.11192976443224817,0.11192976443224817
diabetes,missing_not_at_random,10,otimpute_imputation,1,0.4016310498951172,0.0,0.4016310498951172,0.4016310498951172,0.4016310498951172,0.4016310498951172,0.4016310498951172,0.09624772903177269,0.0,0.09624772903177269,0.09624772903177269,0.09624772903177269,0.09624772903177269,0.09624772903177269
diabetes,missing_not_at_random,15,k_nearest_neighbors_imputation,1,0.503418919591407,0.0,0.503418919591407,0.503418919591407,0.503418919591407,0.503418919591407,0.503418919591407,0.1615285939638688,0.0,0.1615285939638688,0.1615285939638688,0.1615285939638688,0.1615285939638688,0.1615285939638688
diabetes,missing_not_at_random,20,k_nearest_neighbors_imputation,1,0.5881684158960965,0.0,0.5881684158960965,0.5881684158960965,0.5881684158960965,0.5881684158960965,0.5881684158960965,0.22730772349785666,0.0,0.22730772349785666,0.22730772349785666,0.22730772349785666,0.22730772349785666,0.22730772349785666
diabetes,missing_not_at_random,25,constant_imputation,1,0.47791482102772076,0.0,0.47791482102772076,0.47791482102772076,0.47791482102772076,0.47791482102772076,0.47791482102772076,0.18842650898764599,0.0,0.18842650898764599,0.18842650898764599,0.18842650898764599,0.18842650898764599,0.18842650898764599
diabetes,missing_not_at_random,25,mean_imputation,1,0.8071267491551709,0.0,0.8071267491551709,0.8071267491551709,0.8071267491551709,0.8071267491551709,0.8071267491551709,0.3742600842608809,0.0,0.3742600842608809,0.3742600842608809,0.3742600842608809,0.3742600842608809,0.3742600842608809
diabetes,missing_not_at_random,25,median_imputation,1,0.7465363575999635,0.0,0.7465363575999635,0.7465363575999635,0.7465363575999635,0.7465363575999635,0.7465363575999635,0.3419407198078779,0.0,0.3419407198078779,0.3419407198078779,0.3419407198078779,0.3419407198078779,0.3419407198078779
diabetes,missing_not_at_random,25,k_nearest_neighbors_imputation,1,0.7782889277765874,0.0,0.7782889277765874,0.7782889277765874,0.7782889277765874,0.7782889277765874,0.7782889277765874,0.3551639660293098,0.0,0.3551639660293098,0.3551639660293098,0.3551639660293098,0.3551639660293098,0.3551639660293098
diabetes,missing_not_at_random,25,mice_imputation,1,0.8788679649658497,0.0,0.8788679649658497,0.8788679649658497,0.8788679649658497,0.8788679649658497,0.8788679649658497,0.3716594848399135,0.0,0.3716594848399135,0.3716594848399135,0.3716594848399135,0.3716594848399135,0.3716594848399135
diabetes,missing_not_at_random,25,random_forest_imputation,1,0.8104852555295989,0.0,0.8104852555295989,0.8104852555295989,0.8104852555295989,0.8104852555295989,0.8104852555295989,0.36153345250176194,0.0,0.36153345250176194,0.36153345250176194,0.36153345250176194,0.36153345250176194,0.36153345250176194
diabetes,missing_not_at_random,25,gain_imputation,1,0.9391037135659747,0.0,0.9391037135659747,0.9391037135659747,0.9391037135659747,0.9391037135659747,0.9391037135659747,0.4052405229886555,0.0,0.4052405229886555,0.4052405229886555,0.4052405229886555,0.4052405229886555,0.4052405229886555
diabetes,missing_not_at_random,25,tabcsdi_imputation,1,0.8700770819012457,0.0,0.8700770819012457,0.8700770819012457,0.8700770819012457,0.8700770819012457,0.8700770819012457,0.37807224390513167,0.0,0.37807224390513167,0.37807224390513167,0.37807224390513167,0.37807224390513167,0.37807224390513167
diabetes,missing_not_at_random,25,otimpute_imputation,1,0.7296792031662908,0.0,0.7296792031662908,0.7296792031662908,0.7296792031662908,0.7296792031662908,0.7296792031662908,0.32927778002109087,0.0,0.32927778002109087,0.32927778002109087,0.32927778002109087,0.32927778002109087,0.32927778002109087
diabetes,missing_not_at_random,30,k_nearest_neighbors_imputation,1,0.9156038578875471,0.0,0.9156038578875471,0.9156038578875471,0.9156038578875471,0.9156038578875471,0.9156038578875471,0.47625890208308547,0.0,0.47625890208308547,0.47625890208308547,0.47625890208308547,0.47625890208308547,0.47625890208308547
diabetes,missing_not_at_random,40,k_nearest_neighbors_imputation,1,1.279243468616205,0.0,1.279243468616205,1.279243468616205,1.279243468616205,1.279243468616205,1.279243468616205,0.7588629290294978,0.0,0.7588629290294978,0.7588629290294978,0.7588629290294978,0.7588629290294978,0.7588629290294978
stock,missing_completely_at_random,1,k_nearest_neighbors_imputation,1,0.021597075878072292,0.0,0.021597075878072292,0.021597075878072292,0.021597075878072292,0.021597075878072292,0.021597075878072292,0.001516126484883215,0.0,0.001516126484883215,0.001516126484883215,0.001516126484883215,0.001516126484883215,0.001516126484883215
stock,missing_completely_at_random,2,k_nearest_neighbors_imputation,1,0.03440556641165206,0.0,0.03440556641165206,0.03440556641165206,0.03440556641165206,0.03440556641165206,0.03440556641165206,0.003299375436277151,0.0,0.003299375436277151,0.003299375436277151,0.003299375436277151,0.003299375436277151,0.003299375436277151
stock,missing_completely_at_random,3,k_nearest_neighbors_imputation,1,0.040404133875621986,0.0,0.040404133875621986,0.040404133875621986,0.040404133875621986,0.040404133875621986,0.040404133875621986,0.004724571468256283,0.0,0.004724571468256283,0.004724571468256283,0.004724571468256283,0.004724571468256283,0.004724571468256283
stock,missing_completely_at_random,4,k_nearest_neighbors_imputation,1,0.050840937748942786,0.0,0.050840937748942786,0.050840937748942786,0.050840937748942786,0.050840937748942786,0.050840937748942786,0.00681745753957396,0.0,0.00681745753957396,0.00681745753957396,0.00681745753957396,0.00681745753957396,0.00681745753957396
stock,missing_completely_at_random,5,constant_imputation,1,0.2196929524225401,0.0,0.2196929524225401,0.2196929524225401,0.2196929524225401,0.2196929524225401,0.2196929524225401,0.04262164864933268,0.0,0.04262164864933268,0.04262164864933268,0.04262164864933268,0.04262164864933268,0.04262164864933268
stock,missing_completely_at_random,5,mean_imputation,1,0.22004663662759552,0.0,0.22004663662759552,0.22004663662759552,0.22004663662759552,0.22004663662759552,0.22004663662759552,0.04270435142857014,0.0,0.04270435142857014,0.04270435142857014,0.04270435142857014,0.04270435142857014,0.04270435142857014
stock,missing_completely_at_random,5,median_imputation,1,0.22267809544830416,0.0,0.22267809544830416,0.22267809544830416,0.22267809544830416,0.22267809544830416,0.22267809544830416,0.04166345390436581,0.0,0.04166345390436581,0.04166345390436581,0.04166345390436581,0.04166345390436581,0.04166345390436581
stock,missing_completely_at_random,5,k_nearest_neighbors_imputation,1,0.05662364435118963,0.0,0.05662364435118963,0.05662364435118963,0.05662364435118963,0.05662364435118963,0.05662364435118963,0.00850166938408987,0.0,0.00850166938408987,0.00850166938408987,0.00850166938408987,0.00850166938408987,0.00850166938408987
stock,missing_completely_at_random,5,mice_imputation,9,0.13157791026490007,0.01161423979649994,0.12857167532756428,0.12609243290905306,0.13492700134911473,0.12265041526557285,0.14050540526422728,0.021482889725657442,0.002078466576646395,0.021150526925695405,0.020422082714635394,0.021631748806181073,0.019885238885447364,0.02308054056586752
stock,missing_completely_at_random,5,random_forest_imputation,9,0.03731616609121386,0.009362712888738793,0.03367806067809843,0.03246423441059375,0.038402688169645344,0.03011934787849353,0.044512984303934196,0.0052578608811690965,0.0006519159862671407,0.005147950290674046,0.004999384777163004,0.005824568948982868,0.00475675389445652,0.005758967867881673
stock,missing_completely_at_random,5,gain_imputation,9,0.14729878041658237,0.023064399460622668,0.15024468396454407,0.13775899127909602,0.16502489090955896,0.12956991357251685,0.1650276472606479,0.02457509608495417,0.0033182208209000183,0.024694152086127727,0.02383019912322626,0.026773476563577574,0.022024485773448836,0.027125706396459504
stock,missing_completely_at_random,5,tabcsdi_imputation,9,0.23795434500254561,0.07356872227382834,0.2744529815046102,0.2335991516278319,0.2774467132896509,0.1814044190741673,0.2945042709309239,0.04210054574205761,0.013559766496287474,0.04894507927610529,0.040463096047664064,0.049267170323901155,0.031677586537777004,0.05252350494633822
stock,missing_completely_at_random,5,otimpute_imputation,9,0.09004255280702186,0.007941528405509886,0.09202258885332501,0.08428437162156806,0.09701251171686452,0.08393815369270614,0.09614695192133758,0.015357185811157957,0.0013236789062321002,0.01563433701471322,0.014917318603604748,0.016428096572286877,0.014339716134006707,0.016374655488309207
stock,missing_completely_at_random,6,k_nearest_neighbors_imputation,1,0.061556112833121464,0.0,0.061556112833121464,0.061556112833121464,0.061556112833121464,0.061556112833121464,0.061556112833121464,0.010070733643612967,0.0,0.010070733643612967,0.010070733643612967,0.010070733643612967,0.010070733643612967,0.010070733643612967
stock,missing_completely_at_random,8,k_nearest_neighbors_imputation,1,0.07116273230979063,0.0,0.07116273230979063,0.07116273230979063,0.07116273230979063,0.07116273230979063,0.07116273230979063,0.013885270414888911,0.0,0.013885270414888911,0.013885270414888911,0.013885270414888911,0.013885270414888911,0.013885270414888911
stock,missing_completely_at_random,10,constant_imputation,1,0.30937079133665474,0.0,0.30937079133665474,0.30937079133665474,0.30937079133665474,0.30937079133665474,0.30937079133665474,0.08386764096144926,0.0,0.08386764096144926,0.08386764096144926,0.08386764096144926,0.08386764096144926,0.08386764096144926
stock,missing_completely_at_random,10,mean_imputation,1,0.30958485249499784,0.0,0.30958485249499784,0.30958485249499784,0.30958485249499784,0.30958485249499784,0.30958485249499784,0.08399648114451237,0.0,0.08399648114451237,0.08399648114451237,0.08399648114451237,0.08399648114451237,0.08399648114451237
stock,missing_completely_at_random,10,median_imputation,1,0.31279001596212974,0.0,0.31279001596212974,0.31279001596212974,0.31279001596212974,0.31279001596212974,0.31279001596212974,0.08247309591028214,0.0,0.08247309591028214,0.08247309591028214,0.08247309591028214,0.08247309591028214,0.08247309591028214
stock,missing_completely_at_random,10,k_nearest_neighbors_imputation,1,0.08073576481932004,0.0,0.08073576481932004,0.08073576481932004,0.08073576481932004,0.08073576481932004,0.08073576481932004,0.018060730546778887,0.0,0.018060730546778887,0.018060730546778887,0.018060730546778887,0.018060730546778887,0.018060730546778887
stock,missing_completely_at_random,10,mice_imputation,9,0.18692678660334947,0.01703993950364273,0.18514898522135348,0.17805227532546106,0.1955571301559907,0.1738287296170065,0.20002484358969244,0.043598943163856006,0.004337087344916471,0.04281282219319542,0.04125766229028141,0.04478104170877946,0.04026516271314966,0.046932723614562355
stock,missing_completely_at_random,10,random_forest_imputation,9,0.0522043703100767,0.004779509631215824,0.050324006353508886,0.04857962173749468,0.055910685486152786,0.04853051398546609,0.05587822663468731,0.011100271819629137,0.0009467225886839393,0.010829944706772137,0.010647516190995193,0.011757649090974674,0.010372556418163686,0.011827987221094589
stock,missing_completely_at_random,10,gain_imputation,9,0.18987525836420396,0.033796064906725994,0.1970539565597115,0.16715159839491958,0.20871251230980137,0.1638973032213578,0.21585321350705014,0.04468910048155655,0.007427093313173632,0.04473154387544932,0.040724582822532315,0.0472755027908753,0.038980131183981345,0.05039806977913175
stock,missing_completely_at_random,10,tabcsdi_imputation,9,0.36896705257248424,0.07131174495071141,0.39788708293543795,0.37618224690362884,0.40217984355477243,0.31415199299082913,0.42378211215413936,0.09266780489720289,0.01911224035516376,0.09944013490200362,0.09351947633524854,0.10137991611587893,0.07797683646652837,0.10735877332787741
stock,missing_completely_at_random,10,otimpute_imputation,9,0.13124727944713643,0.011856027813602878,0.1331784649578909,0.12284745758833986,0.1357680611471018,0.12213392972538181,0.14036062916889105,0.03136483109012882,0.002580803411450422,0.03217452793550293,0.029705214129875045,0.032730382076355674,0.029381049977144254,0.03334861220311338
stock,missing_completely_at_random,15,k_nearest_neighbors_imputation,1,0.10620602944423223,0.0,0.10620602944423223,0.10620602944423223,0.10620602944423223,0.10620602944423223,0.10620602944423223,0.02921326065802472,0.0,0.02921326065802472,0.02921326065802472,0.02921326065802472,0.02921326065802472,0.02921326065802472
stock,missing_completely_at_random,20,k_nearest_neighbors_imputation,1,0.13825968830245003,0.0,0.13825968830245003,0.13825968830245003,0.13825968830245003,0.13825968830245003,0.13825968830245003,0.0440270931676073,0.0,0.0440270931676073,0.0440270931676073,0.0440270931676073,0.0440270931676073,0.0440270931676073
stock,missing_completely_at_random,25,constant_imputation,1,0.49230896126593005,0.0,0.49230896126593005,0.49230896126593005,0.49230896126593005,0.49230896126593005,0.49230896126593005,0.2108130295964622,0.0,0.2108130295964622,0.2108130295964622,0.2108130295964622,0.2108130295964622,0.2108130295964622
stock,missing_completely_at_random,25,mean_imputation,1,0.49473177958792347,0.0,0.49473177958792347,0.49473177958792347,0.49473177958792347,0.49473177958792347,0.49473177958792347,0.21324694522249862,0.0,0.21324694522249862,0.21324694522249862,0.21324694522249862,0.21324694522249862,0.21324694522249862
stock,missing_completely_at_random,25,median_imputation,1,0.493472367296781,0.0,0.493472367296781,0.493472367296781,0.493472367296781,0.493472367296781,0.493472367296781,0.20765217948906398,0.0,0.20765217948906398,0.20765217948906398,0.20765217948906398,0.20765217948906398,0.20765217948906398
stock,missing_completely_at_random,25,k_nearest_neighbors_imputation,1,0.1768181833373058,0.0,0.1768181833373058,0.1768181833373058,0.1768181833373058,0.1768181833373058,0.1768181833373058,0.06265507418489935,0.0,0.06265507418489935,0.06265507418489935,0.06265507418489935,0.06265507418489935,0.06265507418489935
stock,missing_completely_at_random,25,mice_imputation,9,0.31948311594570017,0.03345071492645766,0.30468573266465615,0.29794225633623234,0.3505609788075655,0.29377062029705114,0.3451956115943492,0.11814908092377076,0.012551888167470868,0.1134069312250227,0.10941901559699109,0.12907791388177425,0.10850084558416807,0.12779731626337346
stock,missing_completely_at_random,25,random_forest_imputation,9,0.11842899694634997,0.009593157340914251,0.12028032161767138,0.10851859914411904,0.1255299435466904,0.11105504344707914,0.1258029504456208,0.03811935798997358,0.002835131459557096,0.0375834203020912,0.036563663420403514,0.0390023117650297,0.03594008303344488,0.04029863294650228
stock,missing_completely_at_random,25,gain_imputation,9,0.27884693253797693,0.05217282451660527,0.2544412085386191,0.23854513765603944,0.3090765799448324,0.23874334951111925,0.3189505155648346,0.10477924436583022,0.01574851713403227,0.09867436762174026,0.09353971773251953,0.11239448806760942,0.09267386248769287,0.11688462624396757
stock,missing_completely_at_random,25,tabcsdi_imputation,9,0.6180807586306716,0.10682418510101682,0.6488040232626672,0.6479326895969125,0.6583822935487196,0.5359684211030848,0.7001930961582583,0.24851703031351124,0.0448200345997777,0.26366072627040205,0.2577761536187131,0.26583329197126465,0.21406530193781753,0.28296875868920496
stock,missing_completely_at_random,25,otimpute_imputation,9,0.2396709143187516,0.018864150021511913,0.24097754975744098,0.22883384922048566,0.2499217358643734,0.22517064499984552,0.25417118363765767,0.09068707513892436,0.0054521964947035215,0.09029004541014551,0.08688953086140629,0.09557239318523075,0.0864961459180137,0.09487800435983502
stock,missing_completely_at_random,40,k_nearest_neighbors_imputation,1,0.398289447444444,0.0,0.398289447444444,0.398289447444444,0.398289447444444,0.398289447444444,0.398289447444444,0.18664462281213434,0.0,0.18664462281213434,0.18664462281213434,0.18664462281213434,0.18664462281213434,0.18664462281213434
stock,missing_completely_at_random,30,k_nearest_neighbors_imputation,1,0.22788569123558947,0.0,0.22788569123558947,0.22788569123558947,0.22788569123558947,0.22788569123558947,0.22788569123558947,0.0882171588566929,0.0,0.0882171588566929,0.0882171588566929,0.0882171588566929,0.0882171588566929,0.0882171588566929
stock,missing_at_random,1,k_nearest_neighbors_imputation,1,0.03864597008204986,0.0,0.03864597008204986,0.03864597008204986,0.03864597008204986,0.03864597008204986,0.03864597008204986,0.0031260225821924297,0.0,0.0031260225821924297,0.0031260225821924297,0.0031260225821924297,0.0031260225821924297,0.0031260225821924297
stock,missing_at_random,4,k_nearest_neighbors_imputation,1,0.09413211332136895,0.0,0.09413211332136895,0.09413211332136895,0.09413211332136895,0.09413211332136895,0.09413211332136895,0.014338761844235992,0.0,0.014338761844235992,0.014338761844235992,0.014338761844235992,0.014338761844235992,0.014338761844235992
stock,missing_at_random,2,k_nearest_neighbors_imputation,1,0.05477362502781585,0.0,0.05477362502781585,0.05477362502781585,0.05477362502781585,0.05477362502781585,0.05477362502781585,0.00599500908969958,0.0,0.00599500908969958,0.00599500908969958,0.00599500908969958,0.00599500908969958,0.00599500908969958
stock,missing_at_random,8,k_nearest_neighbors_imputation,1,0.16502393042371244,0.0,0.16502393042371244,0.16502393042371244,0.16502393042371244,0.16502393042371244,0.16502393042371244,0.03462305895545373,0.0,0.03462305895545373,0.03462305895545373,0.03462305895545373,0.03462305895545373,0.03462305895545373
stock,missing_at_random,3,k_nearest_neighbors_imputation,1,0.0714944914897027,0.0,0.0714944914897027,0.0714944914897027,0.0714944914897027,0.0714944914897027,0.0714944914897027,0.009456600994265471,0.0,0.009456600994265471,0.009456600994265471,0.009456600994265471,0.009456600994265471,0.009456600994265471
stock,missing_at_random,5,constant_imputation,1,0.3004245605511853,0.0,0.3004245605511853,0.3004245605511853,0.3004245605511853,0.3004245605511853,0.3004245605511853,0.06344577501032694,0.0,0.06344577501032694,0.06344577501032694,0.06344577501032694,0.06344577501032694,0.06344577501032694
stock,missing_at_random,5,mean_imputation,1,0.32815489950844456,0.0,0.32815489950844456,0.32815489950844456,0.32815489950844456,0.32815489950844456,0.32815489950844456,0.06931268706531098,0.0,0.06931268706531098,0.06931268706531098,0.06931268706531098,0.06931268706531098,0.06931268706531098
stock,missing_at_random,5,median_imputation,1,0.34563215499570127,0.0,0.34563215499570127,0.34563215499570127,0.34563215499570127,0.34563215499570127,0.34563215499570127,0.07190757017917974,0.0,0.07190757017917974,0.07190757017917974,0.07190757017917974,0.07190757017917974,0.07190757017917974
stock,missing_at_random,5,k_nearest_neighbors_imputation,1,0.10837397659523275,0.0,0.10837397659523275,0.10837397659523275,0.10837397659523275,0.10837397659523275,0.10837397659523275,0.018488793438165983,0.0,0.018488793438165983,0.018488793438165983,0.018488793438165983,0.018488793438165983,0.018488793438165983
stock,missing_at_random,5,mice_imputation,1,0.1305910873069599,0.0,0.1305910873069599,0.1305910873069599,0.1305910873069599,0.1305910873069599,0.1305910873069599,0.022018370249597578,0.0,0.022018370249597578,0.022018370249597578,0.022018370249597578,0.022018370249597578,0.022018370249597578
stock,missing_at_random,5,random_forest_imputation,1,0.0814911525585403,0.0,0.0814911525585403,0.0814911525585403,0.0814911525585403,0.0814911525585403,0.0814911525585403,0.01294943426854402,0.0,0.01294943426854402,0.01294943426854402,0.01294943426854402,0.01294943426854402,0.01294943426854402
stock,missing_at_random,5,gain_imputation,1,0.1688432932281219,0.0,0.1688432932281219,0.1688432932281219,0.1688432932281219,0.1688432932281219,0.1688432932281219,0.02876838475046116,0.0,0.02876838475046116,0.02876838475046116,0.02876838475046116,0.02876838475046116,0.02876838475046116
stock,missing_at_random,5,tabcsdi_imputation,1,0.3240180467177268,0.0,0.3240180467177268,0.3240180467177268,0.3240180467177268,0.3240180467177268,0.3240180467177268,0.05891912957157523,0.0,0.05891912957157523,0.05891912957157523,0.05891912957157523,0.05891912957157523,0.05891912957157523
stock,missing_at_random,5,otimpute_imputation,1,0.1560563350634686,0.0,0.1560563350634686,0.1560563350634686,0.1560563350634686,0.1560563350634686,0.1560563350634686,0.028899844811361253,0.0,0.028899844811361253,0.028899844811361253,0.028899844811361253,0.028899844811361253,0.028899844811361253
stock,missing_at_random,10,constant_imputation,1,0.3944042016229549,0.0,0.3944042016229549,0.3944042016229549,0.3944042016229549,0.3944042016229549,0.3944042016229549,0.11648744335668829,0.0,0.11648744335668829,0.11648744335668829,0.11648744335668829,0.11648744335668829,0.11648744335668829
stock,missing_at_random,10,mean_imputation,1,0.4686204618822566,0.0,0.4686204618822566,0.4686204618822566,0.4686204618822566,0.4686204618822566,0.4686204618822566,0.1389018354958398,0.0,0.1389018354958398,0.1389018354958398,0.1389018354958398,0.1389018354958398,0.1389018354958398
stock,missing_at_random,10,median_imputation,1,0.4890715855250852,0.0,0.4890715855250852,0.4890715855250852,0.4890715855250852,0.4890715855250852,0.4890715855250852,0.14219121997079218,0.0,0.14219121997079218,0.14219121997079218,0.14219121997079218,0.14219121997079218,0.14219121997079218
stock,missing_at_random,10,k_nearest_neighbors_imputation,1,0.18689850872078492,0.0,0.18689850872078492,0.18689850872078492,0.18689850872078492,0.18689850872078492,0.18689850872078492,0.04432632491888438,0.0,0.04432632491888438,0.04432632491888438,0.04432632491888438,0.04432632491888438,0.04432632491888438
stock,missing_at_random,10,mice_imputation,1,0.24869158662022486,0.0,0.24869158662022486,0.24869158662022486,0.24869158662022486,0.24869158662022486,0.24869158662022486,0.05932527822160408,0.0,0.05932527822160408,0.05932527822160408,0.05932527822160408,0.05932527822160408,0.05932527822160408
stock,missing_at_random,10,random_forest_imputation,1,0.21091323486593513,0.0,0.21091323486593513,0.21091323486593513,0.21091323486593513,0.21091323486593513,0.21091323486593513,0.04595857910233067,0.0,0.04595857910233067,0.04595857910233067,0.04595857910233067,0.04595857910233067,0.04595857910233067
stock,missing_at_random,10,gain_imputation,1,0.25748504928351484,0.0,0.25748504928351484,0.25748504928351484,0.25748504928351484,0.25748504928351484,0.25748504928351484,0.059014548461993846,0.0,0.059014548461993846,0.059014548461993846,0.059014548461993846,0.059014548461993846,0.059014548461993846
stock,missing_at_random,10,tabcsdi_imputation,1,0.4811058984452344,0.0,0.4811058984452344,0.4811058984452344,0.4811058984452344,0.4811058984452344,0.4811058984452344,0.1276509042791853,0.0,0.1276509042791853,0.1276509042791853,0.1276509042791853,0.1276509042791853,0.1276509042791853
stock,missing_at_random,10,otimpute_imputation,1,0.28473139192070823,0.0,0.28473139192070823,0.28473139192070823,0.28473139192070823,0.28473139192070823,0.28473139192070823,0.07882494740606524,0.0,0.07882494740606524,0.07882494740606524,0.07882494740606524,0.07882494740606524,0.07882494740606524
stock,missing_at_random,6,k_nearest_neighbors_imputation,1,0.13920227958840253,0.0,0.13920227958840253,0.13920227958840253,0.13920227958840253,0.13920227958840253,0.13920227958840253,0.02569498466637041,0.0,0.02569498466637041,0.02569498466637041,0.02569498466637041,0.02569498466637041,0.02569498466637041
stock,missing_at_random,15,k_nearest_neighbors_imputation,1,0.3667715897472429,0.0,0.3667715897472429,0.3667715897472429,0.3667715897472429,0.3667715897472429,0.3667715897472429,0.09884083213102679,0.0,0.09884083213102679,0.09884083213102679,0.09884083213102679,0.09884083213102679,0.09884083213102679
stock,missing_at_random,20,k_nearest_neighbors_imputation,1,0.44767794112066805,0.0,0.44767794112066805,0.44767794112066805,0.44767794112066805,0.44767794112066805,0.44767794112066805,0.14661534504230195,0.0,0.14661534504230195,0.14661534504230195,0.14661534504230195,0.14661534504230195,0.14661534504230195
stock,missing_at_random,25,constant_imputation,1,0.5147690747287941,0.0,0.5147690747287941,0.5147690747287941,0.5147690747287941,0.5147690747287941,0.5147690747287941,0.21906057956672614,0.0,0.21906057956672614,0.21906057956672614,0.21906057956672614,0.21906057956672614,0.21906057956672614
stock,missing_at_random,25,mean_imputation,1,0.7522360868528991,0.0,0.7522360868528991,0.7522360868528991,0.7522360868528991,0.7522360868528991,0.7522360868528991,0.33382695311158,0.0,0.33382695311158,0.33382695311158,0.33382695311158,0.33382695311158,0.33382695311158
stock,missing_at_random,25,median_imputation,1,0.7776125379081867,0.0,0.7776125379081867,0.7776125379081867,0.7776125379081867,0.7776125379081867,0.7776125379081867,0.3406327900955312,0.0,0.3406327900955312,0.3406327900955312,0.3406327900955312,0.3406327900955312,0.3406327900955312
stock,missing_at_random,25,k_nearest_neighbors_imputation,1,0.5359431145774912,0.0,0.5359431145774912,0.5359431145774912,0.5359431145774912,0.5359431145774912,0.5359431145774912,0.2045268387987457,0.0,0.2045268387987457,0.2045268387987457,0.2045268387987457,0.2045268387987457,0.2045268387987457
stock,missing_at_random,25,mice_imputation,1,0.5427570384283639,0.0,0.5427570384283639,0.5427570384283639,0.5427570384283639,0.5427570384283639,0.5427570384283639,0.20167011364131818,0.0,0.20167011364131818,0.20167011364131818,0.20167011364131818,0.20167011364131818,0.20167011364131818
stock,missing_at_random,25,random_forest_imputation,1,0.5889337255515346,0.0,0.5889337255515346,0.5889337255515346,0.5889337255515346,0.5889337255515346,0.5889337255515346,0.2291887498019972,0.0,0.2291887498019972,0.2291887498019972,0.2291887498019972,0.2291887498019972,0.2291887498019972
stock,missing_at_random,25,gain_imputation,1,0.5716171685541788,0.0,0.5716171685541788,0.5716171685541788,0.5716171685541788,0.5716171685541788,0.5716171685541788,0.20795380702446137,0.0,0.20795380702446137,0.20795380702446137,0.20795380702446137,0.20795380702446137,0.20795380702446137
stock,missing_at_random,25,tabcsdi_imputation,1,0.8146457769763986,0.0,0.8146457769763986,0.8146457769763986,0.8146457769763986,0.8146457769763986,0.8146457769763986,0.35204795163712005,0.0,0.35204795163712005,0.35204795163712005,0.35204795163712005,0.35204795163712005,0.35204795163712005
stock,missing_at_random,25,otimpute_imputation,1,0.6634825336343333,0.0,0.6634825336343333,0.6634825336343333,0.6634825336343333,0.6634825336343333,0.6634825336343333,0.27989431209740023,0.0,0.27989431209740023,0.27989431209740023,0.27989431209740023,0.27989431209740023,0.27989431209740023
stock,missing_at_random,30,k_nearest_neighbors_imputation,1,0.7528439176744237,0.0,0.7528439176744237,0.7528439176744237,0.7528439176744237,0.7528439176744237,0.7528439176744237,0.3325829788277655,0.0,0.3325829788277655,0.3325829788277655,0.3325829788277655,0.3325829788277655,0.3325829788277655
stock,missing_at_random,40,k_nearest_neighbors_imputation,1,0.8569737346599324,0.0,0.8569737346599324,0.8569737346599324,0.8569737346599324,0.8569737346599324,0.8569737346599324,0.42407532323137587,0.0,0.42407532323137587,0.42407532323137587,0.42407532323137587,0.42407532323137587,0.42407532323137587
stock,missing_not_at_random,1,k_nearest_neighbors_imputation,1,0.06976123091032367,0.0,0.06976123091032367,0.06976123091032367,0.06976123091032367,0.06976123091032367,0.06976123091032367,0.006086785132996597,0.0,0.006086785132996597,0.006086785132996597,0.006086785132996597,0.006086785132996597,0.006086785132996597
stock,missing_not_at_random,2,k_nearest_neighbors_imputation,1,0.09523877477873695,0.0,0.09523877477873695,0.09523877477873695,0.09523877477873695,0.09523877477873695,0.09523877477873695,0.011841663305142237,0.0,0.011841663305142237,0.011841663305142237,0.011841663305142237,0.011841663305142237,0.011841663305142237
stock,missing_not_at_random,3,k_nearest_neighbors_imputation,1,0.12556185539707457,0.0,0.12556185539707457,0.12556185539707457,0.12556185539707457,0.12556185539707457,0.12556185539707457,0.019156711535154514,0.0,0.019156711535154514,0.019156711535154514,0.019156711535154514,0.019156711535154514,0.019156711535154514
stock,missing_not_at_random,4,k_nearest_neighbors_imputation,1,0.18135340485548948,0.0,0.18135340485548948,0.18135340485548948,0.18135340485548948,0.18135340485548948,0.18135340485548948,0.030490988521290056,0.0,0.030490988521290056,0.030490988521290056,0.030490988521290056,0.030490988521290056,0.030490988521290056
stock,missing_not_at_random,5,constant_imputation,1,0.3890850765934103,0.0,0.3890850765934103,0.3890850765934103,0.3890850765934103,0.3890850765934103,0.3890850765934103,0.08535514770995853,0.0,0.08535514770995853,0.08535514770995853,0.08535514770995853,0.08535514770995853,0.08535514770995853
stock,missing_not_at_random,5,mean_imputation,1,0.4369926858401028,0.0,0.4369926858401028,0.4369926858401028,0.4369926858401028,0.4369926858401028,0.4369926858401028,0.09618907511798411,0.0,0.09618907511798411,0.09618907511798411,0.09618907511798411,0.09618907511798411,0.09618907511798411
stock,missing_not_at_random,5,median_imputation,1,0.4398334508207677,0.0,0.4398334508207677,0.4398334508207677,0.4398334508207677,0.4398334508207677,0.4398334508207677,0.09657842008848909,0.0,0.09657842008848909,0.09657842008848909,0.09657842008848909,0.09657842008848909,0.09657842008848909
stock,missing_not_at_random,5,k_nearest_neighbors_imputation,1,0.2637128181216657,0.0,0.2637128181216657,0.2637128181216657,0.2637128181216657,0.2637128181216657,0.2637128181216657,0.047006764627901265,0.0,0.047006764627901265,0.047006764627901265,0.047006764627901265,0.047006764627901265,0.047006764627901265
stock,missing_not_at_random,5,mice_imputation,1,0.2864401308184353,0.0,0.2864401308184353,0.2864401308184353,0.2864401308184353,0.2864401308184353,0.2864401308184353,0.05631041870639836,0.0,0.05631041870639836,0.05631041870639836,0.05631041870639836,0.05631041870639836,0.05631041870639836
stock,missing_not_at_random,5,random_forest_imputation,1,0.20318862113854322,0.0,0.20318862113854322,0.20318862113854322,0.20318862113854322,0.20318862113854322,0.20318862113854322,0.03893162192627743,0.0,0.03893162192627743,0.03893162192627743,0.03893162192627743,0.03893162192627743,0.03893162192627743
stock,missing_not_at_random,5,gain_imputation,1,0.33147031748784556,0.0,0.33147031748784556,0.33147031748784556,0.33147031748784556,0.33147031748784556,0.33147031748784556,0.06038311654574279,0.0,0.06038311654574279,0.06038311654574279,0.06038311654574279,0.06038311654574279,0.06038311654574279
stock,missing_not_at_random,5,tabcsdi_imputation,1,0.4384463006303367,0.0,0.4384463006303367,0.4384463006303367,0.4384463006303367,0.4384463006303367,0.4384463006303367,0.08878397920145269,0.0,0.08878397920145269,0.08878397920145269,0.08878397920145269,0.08878397920145269,0.08878397920145269
stock,missing_not_at_random,5,otimpute_imputation,1,0.30515104258487447,0.0,0.30515104258487447,0.30515104258487447,0.30515104258487447,0.30515104258487447,0.30515104258487447,0.06200954026963895,0.0,0.06200954026963895,0.06200954026963895,0.06200954026963895,0.06200954026963895,0.06200954026963895
stock,missing_not_at_random,6,k_nearest_neighbors_imputation,1,0.3034924420654762,0.0,0.3034924420654762,0.3034924420654762,0.3034924420654762,0.3034924420654762,0.3034924420654762,0.056327485439585,0.0,0.056327485439585,0.056327485439585,0.056327485439585,0.056327485439585,0.056327485439585
stock,missing_not_at_random,8,k_nearest_neighbors_imputation,1,0.34324698946867865,0.0,0.34324698946867865,0.34324698946867865,0.34324698946867865,0.34324698946867865,0.34324698946867865,0.07217537821657564,0.0,0.07217537821657564,0.07217537821657564,0.07217537821657564,0.07217537821657564,0.07217537821657564
stock,missing_not_at_random,10,constant_imputation,1,0.43162200875645335,0.0,0.43162200875645335,0.43162200875645335,0.43162200875645335,0.43162200875645335,0.43162200875645335,0.13012448714886693,0.0,0.13012448714886693,0.13012448714886693,0.13012448714886693,0.13012448714886693,0.13012448714886693
stock,missing_not_at_random,10,mean_imputation,1,0.5477084863098448,0.0,0.5477084863098448,0.5477084863098448,0.5477084863098448,0.5477084863098448,0.5477084863098448,0.16795959618399947,0.0,0.16795959618399947,0.16795959618399947,0.16795959618399947,0.16795959618399947,0.16795959618399947
stock,missing_not_at_random,10,median_imputation,1,0.5342101341290102,0.0,0.5342101341290102,0.5342101341290102,0.5342101341290102,0.5342101341290102,0.5342101341290102,0.16124789087408864,0.0,0.16124789087408864,0.16124789087408864,0.16124789087408864,0.16124789087408864,0.16124789087408864
stock,missing_not_at_random,10,k_nearest_neighbors_imputation,1,0.3851755701723363,0.0,0.3851755701723363,0.3851755701723363,0.3851755701723363,0.3851755701723363,0.3851755701723363,0.09028826889612675,0.0,0.09028826889612675,0.09028826889612675,0.09028826889612675,0.09028826889612675,0.09028826889612675
stock,missing_not_at_random,10,mice_imputation,1,0.35415460874432886,0.0,0.35415460874432886,0.35415460874432886,0.35415460874432886,0.35415460874432886,0.35415460874432886,0.0972468394795353,0.0,0.0972468394795353,0.0972468394795353,0.0972468394795353,0.0972468394795353,0.0972468394795353
stock,missing_not_at_random,10,random_forest_imputation,1,0.29305187462687804,0.0,0.29305187462687804,0.29305187462687804,0.29305187462687804,0.29305187462687804,0.29305187462687804,0.07527820342407547,0.0,0.07527820342407547,0.07527820342407547,0.07527820342407547,0.07527820342407547,0.07527820342407547
stock,missing_not_at_random,10,gain_imputation,1,0.4567727010952211,0.0,0.4567727010952211,0.4567727010952211,0.4567727010952211,0.4567727010952211,0.4567727010952211,0.11538695451400918,0.0,0.11538695451400918,0.11538695451400918,0.11538695451400918,0.11538695451400918,0.11538695451400918
stock,missing_not_at_random,10,tabcsdi_imputation,1,0.5609523385698192,0.0,0.5609523385698192,0.5609523385698192,0.5609523385698192,0.5609523385698192,0.5609523385698192,0.15985145462318576,0.0,0.15985145462318576,0.15985145462318576,0.15985145462318576,0.15985145462318576,0.15985145462318576
stock,missing_not_at_random,10,otimpute_imputation,1,0.39953945038738764,0.0,0.39953945038738764,0.39953945038738764,0.39953945038738764,0.39953945038738764,0.39953945038738764,0.11102080658256303,0.0,0.11102080658256303,0.11102080658256303,0.11102080658256303,0.11102080658256303,0.11102080658256303
stock,missing_not_at_random,15,k_nearest_neighbors_imputation,1,0.47175195579269064,0.0,0.47175195579269064,0.47175195579269064,0.47175195579269064,0.47175195579269064,0.47175195579269064,0.14562442485756277,0.0,0.14562442485756277,0.14562442485756277,0.14562442485756277,0.14562442485756277,0.14562442485756277
stock,missing_not_at_random,20,k_nearest_neighbors_imputation,1,0.6212953127605481,0.0,0.6212953127605481,0.6212953127605481,0.6212953127605481,0.6212953127605481,0.6212953127605481,0.23546665100969374,0.0,0.23546665100969374,0.23546665100969374,0.23546665100969374,0.23546665100969374,0.23546665100969374
stock,missing_not_at_random,25,constant_imputation,1,0.4758205911694837,0.0,0.4758205911694837,0.4758205911694837,0.4758205911694837,0.4758205911694837,0.4758205911694837,0.20101313943920363,0.0,0.20101313943920363,0.20101313943920363,0.20101313943920363,0.20101313943920363,0.20101313943920363
stock,missing_not_at_random,25,mean_imputation,1,0.8904232719230851,0.0,0.8904232719230851,0.8904232719230851,0.8904232719230851,0.8904232719230851,0.8904232719230851,0.41836188559370013,0.0,0.41836188559370013,0.41836188559370013,0.41836188559370013,0.41836188559370013,0.41836188559370013
stock,missing_not_at_random,25,median_imputation,1,0.8936851811776649,0.0,0.8936851811776649,0.8936851811776649,0.8936851811776649,0.8936851811776649,0.8936851811776649,0.4194540821276248,0.0,0.4194540821276248,0.4194540821276248,0.4194540821276248,0.4194540821276248,0.4194540821276248
stock,missing_not_at_random,25,k_nearest_neighbors_imputation,1,0.7897510200186607,0.0,0.7897510200186607,0.7897510200186607,0.7897510200186607,0.7897510200186607,0.7897510200186607,0.35137831090749844,0.0,0.35137831090749844,0.35137831090749844,0.35137831090749844,0.35137831090749844,0.35137831090749844
stock,missing_not_at_random,25,mice_imputation,1,0.7846243201310528,0.0,0.7846243201310528,0.7846243201310528,0.7846243201310528,0.7846243201310528,0.7846243201310528,0.33817762881364677,0.0,0.33817762881364677,0.33817762881364677,0.33817762881364677,0.33817762881364677,0.33817762881364677
stock,missing_not_at_random,25,random_forest_imputation,1,0.7642826676081667,0.0,0.7642826676081667,0.7642826676081667,0.7642826676081667,0.7642826676081667,0.7642826676081667,0.33477801121600764,0.0,0.33477801121600764,0.33477801121600764,0.33477801121600764,0.33477801121600764,0.33477801121600764
stock,missing_not_at_random,25,gain_imputation,1,0.7117633221780224,0.0,0.7117633221780224,0.7117633221780224,0.7117633221780224,0.7117633221780224,0.7117633221780224,0.31945804651877163,0.0,0.31945804651877163,0.31945804651877163,0.31945804651877163,0.31945804651877163,0.31945804651877163
stock,missing_not_at_random,25,tabcsdi_imputation,1,0.9030144471704507,0.0,0.9030144471704507,0.9030144471704507,0.9030144471704507,0.9030144471704507,0.9030144471704507,0.41231051046119205,0.0,0.41231051046119205,0.41231051046119205,0.41231051046119205,0.41231051046119205,0.41231051046119205
stock,missing_not_at_random,25,otimpute_imputation,1,0.8123123907181128,0.0,0.8123123907181128,0.8123123907181128,0.8123123907181128,0.8123123907181128,0.8123123907181128,0.3702075692325789,0.0,0.3702075692325789,0.3702075692325789,0.3702075692325789,0.3702075692325789,0.3702075692325789
stock,missing_not_at_random,30,k_nearest_neighbors_imputation,1,0.8744004750021617,0.0,0.8744004750021617,0.8744004750021617,0.8744004750021617,0.8744004750021617,0.8744004750021617,0.42521394096289844,0.0,0.42521394096289844,0.42521394096289844,0.42521394096289844,0.42521394096289844,0.42521394096289844
stock,missing_not_at_random,40,k_nearest_neighbors_imputation,1,1.3048033993807042,0.0,1.3048033993807042,1.3048033993807042,1.3048033993807042,1.3048033993807042,1.3048033993807042,0.743470919518388,0.0,0.743470919518388,0.743470919518388,0.743470919518388,0.743470919518388,0.743470919518388
sphere,missing_completely_at_random,1,k_nearest_neighbors_imputation,1,0.007410620286286266,0.0,0.007410620286286266,0.007410620286286266,0.007410620286286266,0.007410620286286266,0.007410620286286266,0.0005855012488727833,0.0,0.0005855012488727833,0.0005855012488727833,0.0005855012488727833,0.0005855012488727833,0.0005855012488727833
sphere,missing_completely_at_random,2,k_nearest_neighbors_imputation,1,0.010669433907694979,0.0,0.010669433907694979,0.010669433907694979,0.010669433907694979,0.010669433907694979,0.010669433907694979,0.001185107249118299,0.0,0.001185107249118299,0.001185107249118299,0.001185107249118299,0.001185107249118299,0.001185107249118299
sphere,missing_completely_at_random,3,k_nearest_neighbors_imputation,1,0.013275592183909722,0.0,0.013275592183909722,0.013275592183909722,0.013275592183909722,0.013275592183909722,0.013275592183909722,0.0018043034993100572,0.0,0.0018043034993100572,0.0018043034993100572,0.0018043034993100572,0.0018043034993100572,0.0018043034993100572
sphere,missing_completely_at_random,5,constant_imputation,1,0.2252346321156501,0.0,0.2252346321156501,0.2252346321156501,0.2252346321156501,0.2252346321156501,0.2252346321156501,0.04361133630669314,0.0,0.04361133630669314,0.04361133630669314,0.04361133630669314,0.04361133630669314,0.04361133630669314
sphere,missing_completely_at_random,5,mean_imputation,1,0.22554647328620067,0.0,0.22554647328620067,0.22554647328620067,0.22554647328620067,0.22554647328620067,0.22554647328620067,0.04365869490505123,0.0,0.04365869490505123,0.04365869490505123,0.04365869490505123,0.04365869490505123,0.04365869490505123
sphere,missing_completely_at_random,5,median_imputation,1,0.22580900440279916,0.0,0.22580900440279916,0.22580900440279916,0.22580900440279916,0.22580900440279916,0.22580900440279916,0.04368840982323511,0.0,0.04368840982323511,0.04368840982323511,0.04368840982323511,0.04368840982323511,0.04368840982323511
sphere,missing_completely_at_random,5,k_nearest_neighbors_imputation,1,0.01807731496585778,0.0,0.01807731496585778,0.01807731496585778,0.01807731496585778,0.01807731496585778,0.01807731496585778,0.0031722967611881358,0.0,0.0031722967611881358,0.0031722967611881358,0.0031722967611881358,0.0031722967611881358,0.0031722967611881358
sphere,missing_completely_at_random,5,mice_imputation,9,0.005685181568931572,0.00026385612808827195,0.005644844528963894,0.005503302174205393,0.005886255403747191,0.0054823637947747335,0.005887999343088411,0.0010248104736589336,4.757377875601156e-05,0.0010100013708570605,0.0009905892801036155,0.0010672890897173632,0.00098824203014605,0.0010613789171718172
sphere,missing_completely_at_random,5,random_forest_imputation,9,0.008094516847408152,0.0019654702860112706,0.007390390249065089,0.007070476626419462,0.0074955219584275385,0.006583722645020517,0.009605311049795787,0.0011456314018016738,4.0242877304270516e-05,0.0011349370830580296,0.0011255261054236786,0.0011625736915102465,0.0011146979879762865,0.001176564815627061
sphere,missing_completely_at_random,5,gain_imputation,9,0.02244795407579176,0.0015654475464810386,0.022115944840771347,0.02133223868679009,0.023141562771185953,0.021244644570581596,0.023651263581001926,0.003934950330295641,0.00026315532041851117,0.003864986324219648,0.003790043353254734,0.004069474012681415,0.0037326712446002865,0.004137229415990996
sphere,missing_completely_at_random,5,tabcsdi_imputation,9,0.29083197045916614,0.009863540507526077,0.2864636345408747,0.2846488165206792,0.2954852042393133,0.2832501820597965,0.29841375885853577,0.05281723089785134,0.0019588207331835907,0.05191622485371249,0.05165968764822624,0.05421008058342901,0.05131154799423634,0.054322913801466345
sphere,missing_completely_at_random,5,otimpute_imputation,9,0.04559584096171877,0.0013049334615898728,0.04608890519821592,0.0447005969494442,0.04625625181496122,0.04459278030885459,0.04659890161458295,0.00845515353275252,0.00025667216746502725,0.008508524161869506,0.008345677746146588,0.008625499728969985,0.008257857839563796,0.008652449225941243
sphere,missing_completely_at_random,4,k_nearest_neighbors_imputation,1,0.015688464121733612,0.0,0.015688464121733612,0.015688464121733612,0.015688464121733612,0.015688464121733612,0.015688464121733612,0.0024825232976393983,0.0,0.0024825232976393983,0.0024825232976393983,0.0024825232976393983,0.0024825232976393983,0.0024825232976393983
sphere,missing_completely_at_random,8,k_nearest_neighbors_imputation,1,0.024579741109977515,0.0,0.024579741109977515,0.024579741109977515,0.024579741109977515,0.024579741109977515,0.024579741109977515,0.005497527305028694,0.0,0.005497527305028694,0.005497527305028694,0.005497527305028694,0.005497527305028694,0.005497527305028694
sphere,missing_completely_at_random,6,k_nearest_neighbors_imputation,1,0.020177804374266698,0.0,0.020177804374266698,0.020177804374266698,0.020177804374266698,0.020177804374266698,0.020177804374266698,0.003918321579698063,0.0,0.003918321579698063,0.003918321579698063,0.003918321579698063,0.003918321579698063,0.003918321579698063
sphere,missing_completely_at_random,10,constant_imputation,1,0.3164300385314126,0.0,0.3164300385314126,0.3164300385314126,0.3164300385314126,0.3164300385314126,0.3164300385314126,0.08627681518534358,0.0,0.08627681518534358,0.08627681518534358,0.08627681518534358,0.08627681518534358,0.08627681518534358
sphere,missing_completely_at_random,10,mean_imputation,1,0.3171701502179813,0.0,0.3171701502179813,0.3171701502179813,0.3171701502179813,0.3171701502179813,0.3171701502179813,0.08639012404230507,0.0,0.08639012404230507,0.08639012404230507,0.08639012404230507,0.08639012404230507,0.08639012404230507
sphere,missing_completely_at_random,10,median_imputation,1,0.31787446210560477,0.0,0.31787446210560477,0.31787446210560477,0.31787446210560477,0.31787446210560477,0.31787446210560477,0.08649598038913188,0.0,0.08649598038913188,0.08649598038913188,0.08649598038913188,0.08649598038913188,0.08649598038913188
sphere,missing_completely_at_random,10,k_nearest_neighbors_imputation,1,0.028439644852694575,0.0,0.028439644852694575,0.028439644852694575,0.028439644852694575,0.028439644852694575,0.028439644852694575,0.007116689104760576,0.0,0.007116689104760576,0.007116689104760576,0.007116689104760576,0.007116689104760576,0.007116689104760576
sphere,missing_completely_at_random,10,mice_imputation,9,0.009199560836451511,0.00018525257049507816,0.009123525542779561,0.009077703954894227,0.009329250939008223,0.009057163105245227,0.009341958567657795,0.00235467372604341,3.525168929136864e-05,0.0023436657863220634,0.0023394330407759518,0.002378397199182279,0.002327576878950467,0.002381770573136353
sphere,missing_completely_at_random,10,random_forest_imputation,9,0.011169877628550564,0.00020488662089790494,0.011100760935445417,0.01104398228628647,0.01128568021753555,0.011012387830204372,0.011327367426896755,0.002462423316022062,7.331211040573268e-05,0.002456927472269374,0.0024243882303132645,0.002493867460305907,0.002406070639436674,0.00251877599260745
sphere,missing_completely_at_random,10,gain_imputation,9,0.030790267503216475,0.0007080109195832363,0.03108426061322822,0.030438727893453397,0.03133798296384913,0.030246042133773594,0.03133449287265936,0.007716687636039966,0.00021768268833492562,0.007723204624124336,0.00754771905907908,0.00787113791652272,0.0075493619095524005,0.007884013362527533
sphere,missing_completely_at_random,10,tabcsdi_imputation,9,0.4132098877471529,0.016602377400414554,0.41327418722050235,0.41089025181286337,0.4235298268517223,0.40044817076729416,0.4259716047270116,0.10629042680573936,0.004613549415784119,0.1066677292645008,0.10519252617755832,0.10964961016685297,0.1027441387954837,0.10983671481599501
sphere,missing_completely_at_random,10,otimpute_imputation,9,0.06867629186508303,0.002018791491509287,0.06855405664758382,0.06804703839851459,0.06965440812015833,0.06712451135590457,0.0702280723742615,0.018073183222398006,0.00048604098724472903,0.01806654888966045,0.017970946829204127,0.018174959724368823,0.017699579046909653,0.01844678739788636
sphere,missing_completely_at_random,20,k_nearest_neighbors_imputation,1,0.05159627719144258,0.0,0.05159627719144258,0.05159627719144258,0.05159627719144258,0.05159627719144258,0.05159627719144258,0.018357895299060976,0.0,0.018357895299060976,0.018357895299060976,0.018357895299060976,0.018357895299060976,0.018357895299060976
sphere,missing_completely_at_random,15,k_nearest_neighbors_imputation,1,0.03863415253295161,0.0,0.03863415253295161,0.03863415253295161,0.03863415253295161,0.03863415253295161,0.03863415253295161,0.011854021219276263,0.0,0.011854021219276263,0.011854021219276263,0.011854021219276263,0.011854021219276263,0.011854021219276263
sphere,missing_completely_at_random,25,constant_imputation,1,0.5017387776860026,0.0,0.5017387776860026,0.5017387776860026,0.5017387776860026,0.5017387776860026,0.5017387776860026,0.216178221264573,0.0,0.216178221264573,0.216178221264573,0.216178221264573,0.216178221264573,0.216178221264573
sphere,missing_completely_at_random,25,mean_imputation,1,0.5022959314323598,0.0,0.5022959314323598,0.5022959314323598,0.5022959314323598,0.5022959314323598,0.5022959314323598,0.21637315104822255,0.0,0.21637315104822255,0.21637315104822255,0.21637315104822255,0.21637315104822255,0.21637315104822255
sphere,missing_completely_at_random,25,median_imputation,1,0.5034016050914449,0.0,0.5034016050914449,0.5034016050914449,0.5034016050914449,0.5034016050914449,0.5034016050914449,0.21669642903695258,0.0,0.21669642903695258,0.21669642903695258,0.21669642903695258,0.21669642903695258,0.21669642903695258
sphere,missing_completely_at_random,25,k_nearest_neighbors_imputation,1,0.06717012040043302,0.0,0.06717012040043302,0.06717012040043302,0.06717012040043302,0.06717012040043302,0.06717012040043302,0.026709542545469894,0.0,0.026709542545469894,0.026709542545469894,0.026709542545469894,0.026709542545469894,0.026709542545469894
sphere,missing_completely_at_random,25,mice_imputation,9,0.023396405354961215,0.00043786259622139963,0.023392321837790497,0.02315341821154266,0.02351697534392271,0.023059834369115288,0.023732976340807142,0.009386821266258276,0.0001281662352828594,0.0093955942749514,0.009248624055233192,0.00950299087154058,0.009288303976739668,0.009485338555776884
sphere,missing_completely_at_random,25,random_forest_imputation,9,0.026362292071663712,0.002623388682836353,0.0269815492634803,0.024991299608679084,0.028584929685292478,0.02434577702137423,0.028378807121953193,0.009227992139552237,0.0008075119096306585,0.00918776571488878,0.00878008001113725,0.009674917567629535,0.008607283538607267,0.009848700740497207
sphere,missing_completely_at_random,25,gain_imputation,9,0.052593598498508184,0.0021141131598539542,0.05210961691485994,0.051081550434390166,0.05349171540978546,0.050968547268870595,0.054218649728145774,0.020914108935037964,0.0009083204801754997,0.0206434760787247,0.02038850992631103,0.02136311038858357,0.020215912007246185,0.021612305862829743
sphere,missing_completely_at_random,25,tabcsdi_imputation,9,0.6627204109087277,0.010732318288343043,0.6584009967524879,0.6560725637818351,0.6710035545384494,0.6544708207909788,0.6709700010264765,0.26981359860509924,0.004673725246110882,0.2687260934994351,0.26801716386590024,0.2725934670257104,0.266221055356986,0.2734061418532125
sphere,missing_completely_at_random,25,otimpute_imputation,9,0.14228814272165882,0.0030838964192952322,0.14336025704409253,0.1393774834413944,0.14400022832852208,0.13991765008984677,0.14465863535347087,0.06011362168251279,0.0010274319345831508,0.06045763241375405,0.05944824535309386,0.06076514573676113,0.05932386758591627,0.06090337577910931
sphere,missing_completely_at_random,30,k_nearest_neighbors_imputation,1,0.08900824368372963,0.0,0.08900824368372963,0.08900824368372963,0.08900824368372963,0.08900824368372963,0.08900824368372963,0.03858242632154429,0.0,0.03858242632154429,0.03858242632154429,0.03858242632154429,0.03858242632154429,0.03858242632154429
sphere,missing_completely_at_random,40,k_nearest_neighbors_imputation,1,0.17532506824240773,0.0,0.17532506824240773,0.17532506824240773,0.17532506824240773,0.17532506824240773,0.17532506824240773,0.08679707488694138,0.0,0.08679707488694138,0.08679707488694138,0.08679707488694138,0.08679707488694138,0.08679707488694138
sphere,missing_at_random,1,k_nearest_neighbors_imputation,1,0.019650120247795933,0.0,0.019650120247795933,0.019650120247795933,0.019650120247795933,0.019650120247795933,0.019650120247795933,0.0017405581076397909,0.0,0.0017405581076397909,0.0017405581076397909,0.0017405581076397909,0.0017405581076397909,0.0017405581076397909
sphere,missing_at_random,2,k_nearest_neighbors_imputation,1,0.038645702956383886,0.0,0.038645702956383886,0.038645702956383886,0.038645702956383886,0.038645702956383886,0.038645702956383886,0.004834045940711939,0.0,0.004834045940711939,0.004834045940711939,0.004834045940711939,0.004834045940711939,0.004834045940711939
sphere,missing_at_random,3,k_nearest_neighbors_imputation,1,0.0592616343183109,0.0,0.0592616343183109,0.0592616343183109,0.0592616343183109,0.0592616343183109,0.0592616343183109,0.009013993152263804,0.0,0.009013993152263804,0.009013993152263804,0.009013993152263804,0.009013993152263804,0.009013993152263804
sphere,missing_at_random,4,k_nearest_neighbors_imputation,1,0.07989153462547352,0.0,0.07989153462547352,0.07989153462547352,0.07989153462547352,0.07989153462547352,0.07989153462547352,0.013923135340709311,0.0,0.013923135340709311,0.013923135340709311,0.013923135340709311,0.013923135340709311,0.013923135340709311
sphere,missing_at_random,5,constant_imputation,1,0.31840889144495466,0.0,0.31840889144495466,0.31840889144495466,0.31840889144495466,0.31840889144495466,0.31840889144495466,0.06893304331566748,0.0,0.06893304331566748,0.06893304331566748,0.06893304331566748,0.06893304331566748,0.06893304331566748
sphere,missing_at_random,5,mean_imputation,1,0.35270847550755924,0.0,0.35270847550755924,0.35270847550755924,0.35270847550755924,0.35270847550755924,0.35270847550755924,0.07659227035074162,0.0,0.07659227035074162,0.07659227035074162,0.07659227035074162,0.07659227035074162,0.07659227035074162
sphere,missing_at_random,5,median_imputation,1,0.3582536946451816,0.0,0.3582536946451816,0.3582536946451816,0.3582536946451816,0.3582536946451816,0.3582536946451816,0.07815827272734706,0.0,0.07815827272734706,0.07815827272734706,0.07815827272734706,0.07815827272734706,0.07815827272734706
sphere,missing_at_random,5,k_nearest_neighbors_imputation,1,0.09989842788247429,0.0,0.09989842788247429,0.09989842788247429,0.09989842788247429,0.09989842788247429,0.09989842788247429,0.019366696973704592,0.0,0.019366696973704592,0.019366696973704592,0.019366696973704592,0.019366696973704592,0.019366696973704592
sphere,missing_at_random,5,mice_imputation,1,0.042702504588457875,0.0,0.042702504588457875,0.042702504588457875,0.042702504588457875,0.042702504588457875,0.042702504588457875,0.006232806564135712,0.0,0.006232806564135712,0.006232806564135712,0.006232806564135712,0.006232806564135712,0.006232806564135712
sphere,missing_at_random,5,random_forest_imputation,1,0.0561401384070885,0.0,0.0561401384070885,0.0561401384070885,0.0561401384070885,0.0561401384070885,0.0561401384070885,0.00981835348476388,0.0,0.00981835348476388,0.00981835348476388,0.00981835348476388,0.00981835348476388,0.00981835348476388
sphere,missing_at_random,5,gain_imputation,1,0.06282539635477322,0.0,0.06282539635477322,0.06282539635477322,0.06282539635477322,0.06282539635477322,0.06282539635477322,0.01174734672832649,0.0,0.01174734672832649,0.01174734672832649,0.01174734672832649,0.01174734672832649,0.01174734672832649
sphere,missing_at_random,5,tabcsdi_imputation,1,0.3859533197887704,0.0,0.3859533197887704,0.3859533197887704,0.3859533197887704,0.3859533197887704,0.3859533197887704,0.074829349959422,0.0,0.074829349959422,0.074829349959422,0.074829349959422,0.074829349959422,0.074829349959422
sphere,missing_at_random,5,otimpute_imputation,1,0.16601353689407772,0.0,0.16601353689407772,0.16601353689407772,0.16601353689407772,0.16601353689407772,0.16601353689407772,0.035067771914001046,0.0,0.035067771914001046,0.035067771914001046,0.035067771914001046,0.035067771914001046,0.035067771914001046
sphere,missing_at_random,6,k_nearest_neighbors_imputation,1,0.1182835753827164,0.0,0.1182835753827164,0.1182835753827164,0.1182835753827164,0.1182835753827164,0.1182835753827164,0.025012937305706986,0.0,0.025012937305706986,0.025012937305706986,0.025012937305706986,0.025012937305706986,0.025012937305706986
sphere,missing_at_random,8,k_nearest_neighbors_imputation,1,0.15482871817941216,0.0,0.15482871817941216,0.15482871817941216,0.15482871817941216,0.15482871817941216,0.15482871817941216,0.037777380474528,0.0,0.037777380474528,0.037777380474528,0.037777380474528,0.037777380474528,0.037777380474528
sphere,missing_at_random,10,constant_imputation,1,0.4077153181492805,0.0,0.4077153181492805,0.4077153181492805,0.4077153181492805,0.4077153181492805,0.4077153181492805,0.1230060829474808,0.0,0.1230060829474808,0.1230060829474808,0.1230060829474808,0.1230060829474808,0.1230060829474808
sphere,missing_at_random,10,mean_imputation,1,0.5024532016406688,0.0,0.5024532016406688,0.5024532016406688,0.5024532016406688,0.5024532016406688,0.5024532016406688,0.153067777483734,0.0,0.153067777483734,0.153067777483734,0.153067777483734,0.153067777483734,0.153067777483734
sphere,missing_at_random,10,median_imputation,1,0.5172332076647306,0.0,0.5172332076647306,0.5172332076647306,0.5172332076647306,0.5172332076647306,0.5172332076647306,0.1586949477243056,0.0,0.1586949477243056,0.1586949477243056,0.1586949477243056,0.1586949477243056,0.1586949477243056
sphere,missing_at_random,10,k_nearest_neighbors_imputation,1,0.1948582020736149,0.0,0.1948582020736149,0.1948582020736149,0.1948582020736149,0.1948582020736149,0.1948582020736149,0.05329145329368879,0.0,0.05329145329368879,0.05329145329368879,0.05329145329368879,0.05329145329368879,0.05329145329368879
sphere,missing_at_random,10,mice_imputation,1,0.09720244396694677,0.0,0.09720244396694677,0.09720244396694677,0.09720244396694677,0.09720244396694677,0.09720244396694677,0.020271992396904307,0.0,0.020271992396904307,0.020271992396904307,0.020271992396904307,0.020271992396904307,0.020271992396904307
sphere,missing_at_random,10,random_forest_imputation,1,0.11594469960579952,0.0,0.11594469960579952,0.11594469960579952,0.11594469960579952,0.11594469960579952,0.11594469960579952,0.027974803868575236,0.0,0.027974803868575236,0.027974803868575236,0.027974803868575236,0.027974803868575236,0.027974803868575236
sphere,missing_at_random,10,gain_imputation,1,0.16555820585444708,0.0,0.16555820585444708,0.16555820585444708,0.16555820585444708,0.16555820585444708,0.16555820585444708,0.042385326422137215,0.0,0.042385326422137215,0.042385326422137215,0.042385326422137215,0.042385326422137215,0.042385326422137215
sphere,missing_at_random,10,tabcsdi_imputation,1,0.5432690718180846,0.0,0.5432690718180846,0.5432690718180846,0.5432690718180846,0.5432690718180846,0.5432690718180846,0.15060777531546238,0.0,0.15060777531546238,0.15060777531546238,0.15060777531546238,0.15060777531546238,0.15060777531546238
sphere,missing_at_random,10,otimpute_imputation,1,0.29657766039142897,0.0,0.29657766039142897,0.29657766039142897,0.29657766039142897,0.29657766039142897,0.29657766039142897,0.08838990506628316,0.0,0.08838990506628316,0.08838990506628316,0.08838990506628316,0.08838990506628316,0.08838990506628316
sphere,missing_at_random,20,k_nearest_neighbors_imputation,1,0.41683496321921787,0.0,0.41683496321921787,0.41683496321921787,0.41683496321921787,0.41683496321921787,0.41683496321921787,0.1678826035658578,0.0,0.1678826035658578,0.1678826035658578,0.1678826035658578,0.1678826035658578,0.1678826035658578
sphere,missing_at_random,25,constant_imputation,1,0.49801729924352,0.0,0.49801729924352,0.49801729924352,0.49801729924352,0.49801729924352,0.49801729924352,0.21726941290246005,0.0,0.21726941290246005,0.21726941290246005,0.21726941290246005,0.21726941290246005,0.21726941290246005
sphere,missing_at_random,25,mean_imputation,1,0.8469515389137665,0.0,0.8469515389137665,0.8469515389137665,0.8469515389137665,0.8469515389137665,0.8469515389137665,0.395553167020193,0.0,0.395553167020193,0.395553167020193,0.395553167020193,0.395553167020193,0.395553167020193
sphere,missing_at_random,25,median_imputation,1,0.8799533601966887,0.0,0.8799533601966887,0.8799533601966887,0.8799533601966887,0.8799533601966887,0.8799533601966887,0.41251872534060097,0.0,0.41251872534060097,0.41251872534060097,0.41251872534060097,0.41251872534060097,0.41251872534060097
sphere,missing_at_random,25,k_nearest_neighbors_imputation,1,0.5551008900683647,0.0,0.5551008900683647,0.5551008900683647,0.5551008900683647,0.5551008900683647,0.5551008900683647,0.2514930767649853,0.0,0.2514930767649853,0.2514930767649853,0.2514930767649853,0.2514930767649853,0.2514930767649853
sphere,missing_at_random,25,mice_imputation,1,0.36637925344287037,0.0,0.36637925344287037,0.36637925344287037,0.36637925344287037,0.36637925344287037,0.36637925344287037,0.13534873785129636,0.0,0.13534873785129636,0.13534873785129636,0.13534873785129636,0.13534873785129636,0.13534873785129636
sphere,missing_at_random,25,random_forest_imputation,1,0.42695030333895395,0.0,0.42695030333895395,0.42695030333895395,0.42695030333895395,0.42695030333895395,0.42695030333895395,0.1791180987004956,0.0,0.1791180987004956,0.1791180987004956,0.1791180987004956,0.1791180987004956,0.1791180987004956
sphere,missing_at_random,25,gain_imputation,1,0.5092293789787395,0.0,0.5092293789787395,0.5092293789787395,0.5092293789787395,0.5092293789787395,0.5092293789787395,0.21483116088648993,0.0,0.21483116088648993,0.21483116088648993,0.21483116088648993,0.21483116088648993,0.21483116088648993
sphere,missing_at_random,25,tabcsdi_imputation,1,0.8799649111542792,0.0,0.8799649111542792,0.8799649111542792,0.8799649111542792,0.8799649111542792,0.8799649111542792,0.39368643527999175,0.0,0.39368643527999175,0.39368643527999175,0.39368643527999175,0.39368643527999175,0.39368643527999175
sphere,missing_at_random,25,otimpute_imputation,1,0.7127846734466619,0.0,0.7127846734466619,0.7127846734466619,0.7127846734466619,0.7127846734466619,0.7127846734466619,0.3271464530109881,0.0,0.3271464530109881,0.3271464530109881,0.3271464530109881,0.3271464530109881,0.3271464530109881
sphere,missing_at_random,15,k_nearest_neighbors_imputation,1,0.298958410837806,0.0,0.298958410837806,0.298958410837806,0.298958410837806,0.298958410837806,0.298958410837806,0.10134674058952296,0.0,0.10134674058952296,0.10134674058952296,0.10134674058952296,0.10134674058952296,0.10134674058952296
sphere,missing_at_random,30,k_nearest_neighbors_imputation,1,0.7068397277912373,0.0,0.7068397277912373,0.7068397277912373,0.7068397277912373,0.7068397277912373,0.7068397277912373,0.34839555782094267,0.0,0.34839555782094267,0.34839555782094267,0.34839555782094267,0.34839555782094267,0.34839555782094267
sphere,missing_at_random,40,k_nearest_neighbors_imputation,1,1.0170163745471719,0.0,1.0170163745471719,1.0170163745471719,1.0170163745471719,1.0170163745471719,1.0170163745471719,0.5688053820389003,0.0,0.5688053820389003,0.5688053820389003,0.5688053820389003,0.5688053820389003,0.5688053820389003
sphere,missing_not_at_random,2,k_nearest_neighbors_imputation,1,0.035108118636675296,0.0,0.035108118636675296,0.035108118636675296,0.035108118636675296,0.035108118636675296,0.035108118636675296,0.004626561364857453,0.0,0.004626561364857453,0.004626561364857453,0.004626561364857453,0.004626561364857453,0.004626561364857453
sphere,missing_not_at_random,1,k_nearest_neighbors_imputation,1,0.016797251110747678,0.0,0.016797251110747678,0.016797251110747678,0.016797251110747678,0.016797251110747678,0.016797251110747678,0.0015771818461147672,0.0,0.0015771818461147672,0.0015771818461147672,0.0015771818461147672,0.0015771818461147672,0.0015771818461147672
sphere,missing_not_at_random,3,k_nearest_neighbors_imputation,1,0.05532089723352322,0.0,0.05532089723352322,0.05532089723352322,0.05532089723352322,0.05532089723352322,0.05532089723352322,0.008857625511504682,0.0,0.008857625511504682,0.008857625511504682,0.008857625511504682,0.008857625511504682,0.008857625511504682
sphere,missing_not_at_random,4,k_nearest_neighbors_imputation,1,0.08280995050726503,0.0,0.08280995050726503,0.08280995050726503,0.08280995050726503,0.08280995050726503,0.08280995050726503,0.015822100795549045,0.0,0.015822100795549045,0.015822100795549045,0.015822100795549045,0.015822100795549045,0.015822100795549045
sphere,missing_not_at_random,5,constant_imputation,1,0.35207527763359675,0.0,0.35207527763359675,0.35207527763359675,0.35207527763359675,0.35207527763359675,0.35207527763359675,0.07830246431072481,0.0,0.07830246431072481,0.07830246431072481,0.07830246431072481,0.07830246431072481,0.07830246431072481
sphere,missing_not_at_random,5,mean_imputation,1,0.39097823713451707,0.0,0.39097823713451707,0.39097823713451707,0.39097823713451707,0.39097823713451707,0.39097823713451707,0.08700273812302758,0.0,0.08700273812302758,0.08700273812302758,0.08700273812302758,0.08700273812302758,0.08700273812302758
sphere,missing_not_at_random,5,median_imputation,1,0.39659632267487244,0.0,0.39659632267487244,0.39659632267487244,0.39659632267487244,0.39659632267487244,0.39659632267487244,0.08837428770095826,0.0,0.08837428770095826,0.08837428770095826,0.08837428770095826,0.08837428770095826,0.08837428770095826
sphere,missing_not_at_random,5,k_nearest_neighbors_imputation,1,0.0972346335535364,0.0,0.0972346335535364,0.0972346335535364,0.0972346335535364,0.0972346335535364,0.0972346335535364,0.01992357867859832,0.0,0.01992357867859832,0.01992357867859832,0.01992357867859832,0.01992357867859832,0.01992357867859832
sphere,missing_not_at_random,5,mice_imputation,1,0.06229374510202709,0.0,0.06229374510202709,0.06229374510202709,0.06229374510202709,0.06229374510202709,0.06229374510202709,0.011700769365249285,0.0,0.011700769365249285,0.011700769365249285,0.011700769365249285,0.011700769365249285,0.011700769365249285
sphere,missing_not_at_random,5,random_forest_imputation,1,0.06211129448130842,0.0,0.06211129448130842,0.06211129448130842,0.06211129448130842,0.06211129448130842,0.06211129448130842,0.011799490569817465,0.0,0.011799490569817465,0.011799490569817465,0.011799490569817465,0.011799490569817465,0.011799490569817465
sphere,missing_not_at_random,5,gain_imputation,1,0.09337013335220179,0.0,0.09337013335220179,0.09337013335220179,0.09337013335220179,0.09337013335220179,0.09337013335220179,0.019731198814412043,0.0,0.019731198814412043,0.019731198814412043,0.019731198814412043,0.019731198814412043,0.019731198814412043
sphere,missing_not_at_random,5,tabcsdi_imputation,1,0.45054350488016376,0.0,0.45054350488016376,0.45054350488016376,0.45054350488016376,0.45054350488016376,0.45054350488016376,0.09088000471105116,0.0,0.09088000471105116,0.09088000471105116,0.09088000471105116,0.09088000471105116,0.09088000471105116
sphere,missing_not_at_random,5,otimpute_imputation,1,0.18593753135439178,0.0,0.18593753135439178,0.18593753135439178,0.18593753135439178,0.18593753135439178,0.18593753135439178,0.04031217367531383,0.0,0.04031217367531383,0.04031217367531383,0.04031217367531383,0.04031217367531383,0.04031217367531383
sphere,missing_not_at_random,6,k_nearest_neighbors_imputation,1,0.12729848751505626,0.0,0.12729848751505626,0.12729848751505626,0.12729848751505626,0.12729848751505626,0.12729848751505626,0.0282691662497599,0.0,0.0282691662497599,0.0282691662497599,0.0282691662497599,0.0282691662497599,0.0282691662497599
sphere,missing_not_at_random,8,k_nearest_neighbors_imputation,1,0.17033214387855608,0.0,0.17033214387855608,0.17033214387855608,0.17033214387855608,0.17033214387855608,0.17033214387855608,0.04370120984311067,0.0,0.04370120984311067,0.04370120984311067,0.04370120984311067,0.04370120984311067,0.04370120984311067
sphere,missing_not_at_random,10,constant_imputation,1,0.446212030650836,0.0,0.446212030650836,0.446212030650836,0.446212030650836,0.446212030650836,0.446212030650836,0.13882133347031445,0.0,0.13882133347031445,0.13882133347031445,0.13882133347031445,0.13882133347031445,0.13882133347031445
sphere,missing_not_at_random,10,mean_imputation,1,0.5546563318539128,0.0,0.5546563318539128,0.5546563318539128,0.5546563318539128,0.5546563318539128,0.5546563318539128,0.1735266668378931,0.0,0.1735266668378931,0.1735266668378931,0.1735266668378931,0.1735266668378931,0.1735266668378931
sphere,missing_not_at_random,10,median_imputation,1,0.5538980768784563,0.0,0.5538980768784563,0.5538980768784563,0.5538980768784563,0.5538980768784563,0.5538980768784563,0.17331948499771105,0.0,0.17331948499771105,0.17331948499771105,0.17331948499771105,0.17331948499771105,0.17331948499771105
sphere,missing_not_at_random,10,k_nearest_neighbors_imputation,1,0.21949219722372132,0.0,0.21949219722372132,0.21949219722372132,0.21949219722372132,0.21949219722372132,0.21949219722372132,0.06388170070598977,0.0,0.06388170070598977,0.06388170070598977,0.06388170070598977,0.06388170070598977,0.06388170070598977
sphere,missing_not_at_random,10,mice_imputation,1,0.1603093990673552,0.0,0.1603093990673552,0.1603093990673552,0.1603093990673552,0.1603093990673552,0.1603093990673552,0.04257979663555965,0.0,0.04257979663555965,0.04257979663555965,0.04257979663555965,0.04257979663555965,0.04257979663555965
sphere,missing_not_at_random,10,random_forest_imputation,1,0.16416322168105774,0.0,0.16416322168105774,0.16416322168105774,0.16416322168105774,0.16416322168105774,0.16416322168105774,0.04420619108808777,0.0,0.04420619108808777,0.04420619108808777,0.04420619108808777,0.04420619108808777,0.04420619108808777
sphere,missing_not_at_random,10,gain_imputation,1,0.3593512500056821,0.0,0.3593512500056821,0.3593512500056821,0.3593512500056821,0.3593512500056821,0.3593512500056821,0.08799394023369544,0.0,0.08799394023369544,0.08799394023369544,0.08799394023369544,0.08799394023369544,0.08799394023369544
sphere,missing_not_at_random,10,tabcsdi_imputation,1,0.6055399817635467,0.0,0.6055399817635467,0.6055399817635467,0.6055399817635467,0.6055399817635467,0.6055399817635467,0.17532102645216777,0.0,0.17532102645216777,0.17532102645216777,0.17532102645216777,0.17532102645216777,0.17532102645216777
sphere,missing_not_at_random,10,otimpute_imputation,1,0.33159827065817293,0.0,0.33159827065817293,0.33159827065817293,0.33159827065817293,0.33159827065817293,0.33159827065817293,0.1004543942284348,0.0,0.1004543942284348,0.1004543942284348,0.1004543942284348,0.1004543942284348,0.1004543942284348
sphere,missing_not_at_random,15,k_nearest_neighbors_imputation,1,0.3314781453202502,0.0,0.3314781453202502,0.3314781453202502,0.3314781453202502,0.3314781453202502,0.3314781453202502,0.11756990560133586,0.0,0.11756990560133586,0.11756990560133586,0.11756990560133586,0.11756990560133586,0.11756990560133586
sphere,missing_not_at_random,20,k_nearest_neighbors_imputation,1,0.4514358877554777,0.0,0.4514358877554777,0.4514358877554777,0.4514358877554777,0.4514358877554777,0.4514358877554777,0.18815936398165062,0.0,0.18815936398165062,0.18815936398165062,0.18815936398165062,0.18815936398165062,0.18815936398165062
sphere,missing_not_at_random,25,constant_imputation,1,0.5007479910647034,0.0,0.5007479910647034,0.5007479910647034,0.5007479910647034,0.5007479910647034,0.5007479910647034,0.21568107874390216,0.0,0.21568107874390216,0.21568107874390216,0.21568107874390216,0.21568107874390216,0.21568107874390216
sphere,missing_not_at_random,25,mean_imputation,1,0.8996991056434807,0.0,0.8996991056434807,0.8996991056434807,0.8996991056434807,0.8996991056434807,0.8996991056434807,0.4312714170150527,0.0,0.4312714170150527,0.4312714170150527,0.4312714170150527,0.4312714170150527,0.4312714170150527
sphere,missing_not_at_random,25,median_imputation,1,0.8921664359643818,0.0,0.8921664359643818,0.8921664359643818,0.8921664359643818,0.8921664359643818,0.8921664359643818,0.4261935072006439,0.0,0.4261935072006439,0.4261935072006439,0.4261935072006439,0.4261935072006439,0.4261935072006439
sphere,missing_not_at_random,25,k_nearest_neighbors_imputation,1,0.6318624761024154,0.0,0.6318624761024154,0.6318624761024154,0.6318624761024154,0.6318624761024154,0.6318624761024154,0.2923370307530625,0.0,0.2923370307530625,0.2923370307530625,0.2923370307530625,0.2923370307530625,0.2923370307530625
sphere,missing_not_at_random,25,mice_imputation,1,0.5195358047885742,0.0,0.5195358047885742,0.5195358047885742,0.5195358047885742,0.5195358047885742,0.5195358047885742,0.22606475912991672,0.0,0.22606475912991672,0.22606475912991672,0.22606475912991672,0.22606475912991672,0.22606475912991672
sphere,missing_not_at_random,25,random_forest_imputation,1,0.5437695630439197,0.0,0.5437695630439197,0.5437695630439197,0.5437695630439197,0.5437695630439197,0.5437695630439197,0.24165679185786143,0.0,0.24165679185786143,0.24165679185786143,0.24165679185786143,0.24165679185786143,0.24165679185786143
sphere,missing_not_at_random,25,gain_imputation,1,0.6588976246893542,0.0,0.6588976246893542,0.6588976246893542,0.6588976246893542,0.6588976246893542,0.6588976246893542,0.28494408205572475,0.0,0.28494408205572475,0.28494408205572475,0.28494408205572475,0.28494408205572475,0.28494408205572475
sphere,missing_not_at_random,25,tabcsdi_imputation,1,0.9277409948685075,0.0,0.9277409948685075,0.9277409948685075,0.9277409948685075,0.9277409948685075,0.9277409948685075,0.4295402497347954,0.0,0.4295402497347954,0.4295402497347954,0.4295402497347954,0.4295402497347954,0.4295402497347954
sphere,missing_not_at_random,25,otimpute_imputation,1,0.757739645394067,0.0,0.757739645394067,0.757739645394067,0.757739645394067,0.757739645394067,0.757739645394067,0.3524661701653728,0.0,0.3524661701653728,0.3524661701653728,0.3524661701653728,0.3524661701653728,0.3524661701653728
sphere,missing_not_at_random,40,k_nearest_neighbors_imputation,1,1.1054605514354532,0.0,1.1054605514354532,1.1054605514354532,1.1054605514354532,1.1054605514354532,1.1054605514354532,0.6236251730867608,0.0,0.6236251730867608,0.6236251730867608,0.6236251730867608,0.6236251730867608,0.6236251730867608
sphere,missing_not_at_random,30,k_nearest_neighbors_imputation,1,0.7902697076158564,0.0,0.7902697076158564,0.7902697076158564,0.7902697076158564,0.7902697076158564,0.7902697076158564,0.39706878392634337,0.0,0.39706878392634337,0.39706878392634337,0.39706878392634337,0.39706878392634337,0.39706878392634337
on_and_on,missing_completely_at_random,1,k_nearest_neighbors_imputation,1,0.04076644033193588,0.0,0.04076644033193588,0.04076644033193588,0.04076644033193588,0.04076644033193588,0.04076644033193588,0.003123125759884715,0.0,0.003123125759884715,0.003123125759884715,0.003123125759884715,0.003123125759884715,0.003123125759884715
on_and_on,missing_completely_at_random,2,k_nearest_neighbors_imputation,1,0.05641131475567818,0.0,0.05641131475567818,0.05641131475567818,0.05641131475567818,0.05641131475567818,0.05641131475567818,0.006100816186517477,0.0,0.006100816186517477,0.006100816186517477,0.006100816186517477,0.006100816186517477,0.006100816186517477
on_and_on,missing_completely_at_random,3,k_nearest_neighbors_imputation,1,0.07171422243118286,0.0,0.07171422243118286,0.07171422243118286,0.07171422243118286,0.07171422243118286,0.07171422243118286,0.009536112658679485,0.0,0.009536112658679485,0.009536112658679485,0.009536112658679485,0.009536112658679485,0.009536112658679485
on_and_on,missing_completely_at_random,4,k_nearest_neighbors_imputation,1,0.08484311401844025,0.0,0.08484311401844025,0.08484311401844025,0.08484311401844025,0.08484311401844025,0.08484311401844025,0.012883596122264862,0.0,0.012883596122264862,0.012883596122264862,0.012883596122264862,0.012883596122264862,0.012883596122264862
on_and_on,missing_completely_at_random,5,constant_imputation,1,0.22644558548927307,0.0,0.22644558548927307,0.22644558548927307,0.22644558548927307,0.22644558548927307,0.22644558548927307,0.04060593247413635,0.0,0.04060593247413635,0.04060593247413635,0.04060593247413635,0.04060593247413635,0.04060593247413635
on_and_on,missing_completely_at_random,5,mean_imputation,1,0.22675620019435883,0.0,0.22675620019435883,0.22675620019435883,0.22675620019435883,0.22675620019435883,0.22675620019435883,0.04063337296247482,0.0,0.04063337296247482,0.04063337296247482,0.04063337296247482,0.04063337296247482,0.04063337296247482
on_and_on,missing_completely_at_random,5,median_imputation,1,0.22776219248771667,0.0,0.22776219248771667,0.22776219248771667,0.22776219248771667,0.22776219248771667,0.22776219248771667,0.04069523885846138,0.0,0.04069523885846138,0.04069523885846138,0.04069523885846138,0.04069523885846138,0.04069523885846138
on_and_on,missing_completely_at_random,5,k_nearest_neighbors_imputation,1,0.09938293695449829,0.0,0.09938293695449829,0.09938293695449829,0.09938293695449829,0.09938293695449829,0.09938293695449829,0.01658850535750389,0.0,0.01658850535750389,0.01658850535750389,0.01658850535750389,0.01658850535750389,0.01658850535750389
on_and_on,missing_completely_at_random,5,mice_imputation,9,0.11169414967298508,0.00637238472700119,0.11061888933181763,0.10928235948085785,0.1163027435541153,0.10679590116245954,0.11659239818351061,0.018765423446893692,0.0010857215384021401,0.01869700849056244,0.018457017838954926,0.019297456368803978,0.01793086399448184,0.019599982899305545
on_and_on,missing_completely_at_random,5,random_forest_imputation,9,0.07247042655944824,0.005603034049272537,0.07079338282346725,0.07037179172039032,0.07408926635980606,0.06816355333034417,0.07677729978855231,0.011542651802301407,0.0008418730576522648,0.011580998077988625,0.011090748943388462,0.011914176866412163,0.010895530884880374,0.01218977271972244
on_and_on,missing_completely_at_random,5,gain_imputation,9,0.16974475147296594,0.017365507419553575,0.16769488365173754,0.1605980242378633,0.17934154667008384,0.1563964408331629,0.183093062112769,0.028897657137189652,0.0032243326918741486,0.02864963104035174,0.027366886289122365,0.03079817916747256,0.02641921563027773,0.031376098644101576
on_and_on,missing_completely_at_random,5,tabcsdi_imputation,9,0.2376642947747378,0.009047208833226005,0.2353149487364247,0.2324132274289866,0.24124857854911497,0.23070999444757953,0.24461859510189607,0.04008499573049949,0.0017517153410663167,0.03989749135860659,0.03935729911919087,0.04052338655272233,0.03873850812376633,0.04143148333723266
on_and_on,missing_completely_at_random,5,otimpute_imputation,9,0.09536696671648183,0.004736202825069741,0.09559197419320427,0.09389982991410854,0.09700034372292668,0.09172639894988967,0.09900753448307399,0.015835814380757728,0.0006783733171916363,0.015777610080475724,0.015554785049424168,0.01588536534847242,0.015314370489205701,0.016357258272309754
on_and_on,missing_completely_at_random,6,k_nearest_neighbors_imputation,1,0.10935816913843155,0.0,0.10935816913843155,0.10935816913843155,0.10935816913843155,0.10935816913843155,0.10935816913843155,0.020048322156071663,0.0,0.020048322156071663,0.020048322156071663,0.020048322156071663,0.020048322156071663,0.020048322156071663
on_and_on,missing_completely_at_random,8,k_nearest_neighbors_imputation,1,0.13216742873191833,0.0,0.13216742873191833,0.13216742873191833,0.13216742873191833,0.13216742873191833,0.13216742873191833,0.027842646464705467,0.0,0.027842646464705467,0.027842646464705467,0.027842646464705467,0.027842646464705467,0.027842646464705467
on_and_on,missing_completely_at_random,10,constant_imputation,1,0.31933829188346863,0.0,0.31933829188346863,0.31933829188346863,0.31933829188346863,0.31933829188346863,0.31933829188346863,0.08167735487222672,0.0,0.08167735487222672,0.08167735487222672,0.08167735487222672,0.08167735487222672,0.08167735487222672
on_and_on,missing_completely_at_random,10,mean_imputation,1,0.32009395956993103,0.0,0.32009395956993103,0.32009395956993103,0.32009395956993103,0.32009395956993103,0.32009395956993103,0.08170980960130692,0.0,0.08170980960130692,0.08170980960130692,0.08170980960130692,0.08170980960130692,0.08170980960130692
on_and_on,missing_completely_at_random,10,median_imputation,1,0.32177111506462097,0.0,0.32177111506462097,0.32177111506462097,0.32177111506462097,0.32177111506462097,0.32177111506462097,0.08191652595996857,0.0,0.08191652595996857,0.08191652595996857,0.08191652595996857,0.08191652595996857,0.08191652595996857
on_and_on,missing_completely_at_random,10,k_nearest_neighbors_imputation,1,0.1522110551595688,0.0,0.1522110551595688,0.1522110551595688,0.1522110551595688,0.1522110551595688,0.1522110551595688,0.036008961498737335,0.0,0.036008961498737335,0.036008961498737335,0.036008961498737335,0.036008961498737335,0.036008961498737335
on_and_on,missing_completely_at_random,10,mice_imputation,9,0.1702219545841217,0.008812560699880123,0.17260292172431946,0.1691005676984787,0.17401959002017975,0.16344802077890128,0.17699588838934213,0.04028085246682167,0.002299776067957282,0.03981715813279152,0.03965789079666138,0.04200237989425659,0.038513088092570646,0.042048616841072695
on_and_on,missing_completely_at_random,10,random_forest_imputation,9,0.10979599505662918,0.00702601158991456,0.11111120134592056,0.1040160059928894,0.11307954043149948,0.10439532446318406,0.1151966656500743,0.024953164160251617,0.0015298108337447047,0.02493368834257126,0.023678047582507133,0.025504425168037415,0.023777247457353143,0.026129080863150092
on_and_on,missing_completely_at_random,10,gain_imputation,9,0.22826383401175146,0.029057681316730515,0.2383001134619892,0.2245013131056527,0.24037026992692254,0.20592812291980966,0.25059954510369326,0.054798955612611396,0.007440941433132656,0.057395038404915416,0.0515928688489849,0.058820402274817024,0.04907934170773942,0.06051856951748337
on_and_on,missing_completely_at_random,10,tabcsdi_imputation,9,0.33292241663834826,0.016527472567080478,0.32983247478139094,0.32432479929336255,0.3443129023608406,0.3202182766102946,0.3456265566664019,0.07871681556221735,0.003406979522629884,0.07832421229412341,0.07698377325509716,0.0802060810510535,0.07609797927297055,0.08133565185146416
on_and_on,missing_completely_at_random,10,otimpute_imputation,9,0.14148714294665649,0.005344316664099902,0.14274441860409978,0.13551400539704087,0.14610850481742405,0.1373791375042382,0.14559514838907478,0.03327365894498558,0.001280881574906795,0.03390560857829787,0.03170004000843308,0.03411397312016283,0.03228908620883828,0.03425823168113288
on_and_on,missing_completely_at_random,20,k_nearest_neighbors_imputation,1,0.24363820254802704,0.0,0.24363820254802704,0.24363820254802704,0.24363820254802704,0.24363820254802704,0.24363820254802704,0.08284395188093185,0.0,0.08284395188093185,0.08284395188093185,0.08284395188093185,0.08284395188093185,0.08284395188093185
on_and_on,missing_completely_at_random,15,k_nearest_neighbors_imputation,1,0.1943475902080536,0.0,0.1943475902080536,0.1943475902080536,0.1943475902080536,0.1943475902080536,0.1943475902080536,0.05729857087135315,0.0,0.05729857087135315,0.05729857087135315,0.05729857087135315,0.05729857087135315,0.05729857087135315
on_and_on,missing_completely_at_random,25,constant_imputation,1,0.5025550723075867,0.0,0.5025550723075867,0.5025550723075867,0.5025550723075867,0.5025550723075867,0.5025550723075867,0.20236769318580627,0.0,0.20236769318580627,0.20236769318580627,0.20236769318580627,0.20236769318580627,0.20236769318580627
on_and_on,missing_completely_at_random,25,mean_imputation,1,0.5037975907325745,0.0,0.5037975907325745,0.5037975907325745,0.5037975907325745,0.5037975907325745,0.5037975907325745,0.20259781181812286,0.0,0.20259781181812286,0.20259781181812286,0.20259781181812286,0.20259781181812286,0.20259781181812286
on_and_on,missing_completely_at_random,25,median_imputation,1,0.5057128667831421,0.0,0.5057128667831421,0.5057128667831421,0.5057128667831421,0.5057128667831421,0.5057128667831421,0.20292522013187408,0.0,0.20292522013187408,0.20292522013187408,0.20292522013187408,0.20292522013187408,0.20292522013187408
on_and_on,missing_completely_at_random,25,k_nearest_neighbors_imputation,1,0.2881919741630554,0.0,0.2881919741630554,0.2881919741630554,0.2881919741630554,0.2881919741630554,0.2881919741630554,0.11067865043878555,0.0,0.11067865043878555,0.11067865043878555,0.11067865043878555,0.11067865043878555,0.11067865043878555
on_and_on,missing_completely_at_random,25,mice_imputation,9,0.31802332401275635,0.02362506464123726,0.32602035999298096,0.3038737177848816,0.33504223823547363,0.2998634917603701,0.3361831562651426,0.11933194100856781,0.00816209614276886,0.12106996029615402,0.1140306144952774,0.12430404871702194,0.11305799852284816,0.12560588349428747
on_and_on,missing_completely_at_random,25,random_forest_imputation,9,0.21870790421962738,0.01912183314561844,0.22313855588436127,0.2049437165260315,0.22955244779586792,0.20400956211746732,0.23340624632178744,0.07801495492458344,0.006488916464149952,0.07964835315942764,0.07374797016382217,0.08271753787994385,0.07302713219147537,0.0830027776576915
on_and_on,missing_completely_at_random,25,gain_imputation,9,0.3514614263860554,0.04858760597057792,0.37165972452360657,0.30806893103177846,0.3844770749956049,0.31411368629011427,0.3888091664819965,0.13039192352251328,0.016764283516459318,0.13849968549955222,0.11766097944517843,0.14078128633454595,0.11750575448494988,0.14327809256007668
on_and_on,missing_completely_at_random,25,tabcsdi_imputation,9,0.5339682568647928,0.02334623197189958,0.5328442912874056,0.5267344687218846,0.5406140405838451,0.5160227543752474,0.5519137593543382,0.20158231424675804,0.00963233154391577,0.20229457929503297,0.19915061811398288,0.20453433028044693,0.19417824878944895,0.20898637970406714
on_and_on,missing_completely_at_random,25,otimpute_imputation,9,0.2660837688885267,0.009120354247580677,0.2692426182246759,0.2564858477503838,0.27304762776874586,0.25907324401871074,0.27309429375834265,0.10089227682717315,0.0036028878055926273,0.10247100300002138,0.09772375824113624,0.10339946357635738,0.09812285210104874,0.10366170155329757
on_and_on,missing_completely_at_random,40,k_nearest_neighbors_imputation,1,0.44739142060279846,0.0,0.44739142060279846,0.44739142060279846,0.44739142060279846,0.44739142060279846,0.44739142060279846,0.22111065685749054,0.0,0.22111065685749054,0.22111065685749054,0.22111065685749054,0.22111065685749054,0.22111065685749054
on_and_on,missing_completely_at_random,30,k_nearest_neighbors_imputation,1,0.33885300159454346,0.0,0.33885300159454346,0.33885300159454346,0.33885300159454346,0.33885300159454346,0.33885300159454346,0.14252737164497375,0.0,0.14252737164497375,0.14252737164497375,0.14252737164497375,0.14252737164497375,0.14252737164497375
on_and_on,missing_at_random,1,k_nearest_neighbors_imputation,1,0.08201250433921814,0.0,0.08201250433921814,0.08201250433921814,0.08201250433921814,0.08201250433921814,0.08201250433921814,0.006944181863218546,0.0,0.006944181863218546,0.006944181863218546,0.006944181863218546,0.006944181863218546,0.006944181863218546
on_and_on,missing_at_random,2,k_nearest_neighbors_imputation,1,0.11265449970960617,0.0,0.11265449970960617,0.11265449970960617,0.11265449970960617,0.11265449970960617,0.11265449970960617,0.01328723318874836,0.0,0.01328723318874836,0.01328723318874836,0.01328723318874836,0.01328723318874836,0.01328723318874836
on_and_on,missing_at_random,3,k_nearest_neighbors_imputation,1,0.1416134536266327,0.0,0.1416134536266327,0.1416134536266327,0.1416134536266327,0.1416134536266327,0.1416134536266327,0.020303115248680115,0.0,0.020303115248680115,0.020303115248680115,0.020303115248680115,0.020303115248680115,0.020303115248680115
on_and_on,missing_at_random,4,k_nearest_neighbors_imputation,1,0.1647292971611023,0.0,0.1647292971611023,0.1647292971611023,0.1647292971611023,0.1647292971611023,0.1647292971611023,0.027750646695494652,0.0,0.027750646695494652,0.027750646695494652,0.027750646695494652,0.027750646695494652,0.027750646695494652
on_and_on,missing_at_random,5,constant_imputation,1,0.34117674827575684,0.0,0.34117674827575684,0.34117674827575684,0.34117674827575684,0.34117674827575684,0.34117674827575684,0.07195337861776352,0.0,0.07195337861776352,0.07195337861776352,0.07195337861776352,0.07195337861776352,0.07195337861776352
on_and_on,missing_at_random,5,mean_imputation,1,0.37304070591926575,0.0,0.37304070591926575,0.37304070591926575,0.37304070591926575,0.37304070591926575,0.37304070591926575,0.07926666736602783,0.0,0.07926666736602783,0.07926666736602783,0.07926666736602783,0.07926666736602783,0.07926666736602783
on_and_on,missing_at_random,5,median_imputation,1,0.36360466480255127,0.0,0.36360466480255127,0.36360466480255127,0.36360466480255127,0.36360466480255127,0.36360466480255127,0.0767965242266655,0.0,0.0767965242266655,0.0767965242266655,0.0767965242266655,0.0767965242266655,0.0767965242266655
on_and_on,missing_at_random,5,k_nearest_neighbors_imputation,1,0.19186967611312866,0.0,0.19186967611312866,0.19186967611312866,0.19186967611312866,0.19186967611312866,0.19186967611312866,0.03621629998087883,0.0,0.03621629998087883,0.03621629998087883,0.03621629998087883,0.03621629998087883,0.03621629998087883
on_and_on,missing_at_random,5,mice_imputation,1,0.1152864322066307,0.0,0.1152864322066307,0.1152864322066307,0.1152864322066307,0.1152864322066307,0.1152864322066307,0.019868845120072365,0.0,0.019868845120072365,0.019868845120072365,0.019868845120072365,0.019868845120072365,0.019868845120072365
on_and_on,missing_at_random,5,random_forest_imputation,1,0.1447668969631195,0.0,0.1447668969631195,0.1447668969631195,0.1447668969631195,0.1447668969631195,0.1447668969631195,0.023412199690937996,0.0,0.023412199690937996,0.023412199690937996,0.023412199690937996,0.023412199690937996,0.023412199690937996
on_and_on,missing_at_random,5,gain_imputation,1,0.16554664966251176,0.0,0.16554664966251176,0.16554664966251176,0.16554664966251176,0.16554664966251176,0.16554664966251176,0.027993552945790433,0.0,0.027993552945790433,0.027993552945790433,0.027993552945790433,0.027993552945790433,0.027993552945790433
on_and_on,missing_at_random,5,tabcsdi_imputation,1,0.337204845288693,0.0,0.337204845288693,0.337204845288693,0.337204845288693,0.337204845288693,0.337204845288693,0.0576374118669653,0.0,0.0576374118669653,0.0576374118669653,0.0576374118669653,0.0576374118669653,0.0576374118669653
on_and_on,missing_at_random,5,otimpute_imputation,1,0.20488328615280854,0.0,0.20488328615280854,0.20488328615280854,0.20488328615280854,0.20488328615280854,0.20488328615280854,0.04046651625596598,0.0,0.04046651625596598,0.04046651625596598,0.04046651625596598,0.04046651625596598,0.04046651625596598
on_and_on,missing_at_random,8,k_nearest_neighbors_imputation,1,0.26185616850852966,0.0,0.26185616850852966,0.26185616850852966,0.26185616850852966,0.26185616850852966,0.26185616850852966,0.06240461766719818,0.0,0.06240461766719818,0.06240461766719818,0.06240461766719818,0.06240461766719818,0.06240461766719818
on_and_on,missing_at_random,6,k_nearest_neighbors_imputation,1,0.21550819277763367,0.0,0.21550819277763367,0.21550819277763367,0.21550819277763367,0.21550819277763367,0.21550819277763367,0.04461665078997612,0.0,0.04461665078997612,0.04461665078997612,0.04461665078997612,0.04461665078997612,0.04461665078997612
on_and_on,missing_at_random,10,constant_imputation,1,0.41350257396698,0.0,0.41350257396698,0.41350257396698,0.41350257396698,0.41350257396698,0.41350257396698,0.11826317757368088,0.0,0.11826317757368088,0.11826317757368088,0.11826317757368088,0.11826317757368088,0.11826317757368088
on_and_on,missing_at_random,10,mean_imputation,1,0.48722997307777405,0.0,0.48722997307777405,0.48722997307777405,0.48722997307777405,0.48722997307777405,0.48722997307777405,0.14198467135429382,0.0,0.14198467135429382,0.14198467135429382,0.14198467135429382,0.14198467135429382,0.14198467135429382
on_and_on,missing_at_random,10,median_imputation,1,0.4722645580768585,0.0,0.4722645580768585,0.4722645580768585,0.4722645580768585,0.4722645580768585,0.4722645580768585,0.13677817583084106,0.0,0.13677817583084106,0.13677817583084106,0.13677817583084106,0.13677817583084106,0.13677817583084106
on_and_on,missing_at_random,10,k_nearest_neighbors_imputation,1,0.298734575510025,0.0,0.298734575510025,0.298734575510025,0.298734575510025,0.298734575510025,0.298734575510025,0.07897397875785828,0.0,0.07897397875785828,0.07897397875785828,0.07897397875785828,0.07897397875785828,0.07897397875785828
on_and_on,missing_at_random,10,mice_imputation,1,0.19167697429656982,0.0,0.19167697429656982,0.19167697429656982,0.19167697429656982,0.19167697429656982,0.19167697429656982,0.04669804498553276,0.0,0.04669804498553276,0.04669804498553276,0.04669804498553276,0.04669804498553276,0.04669804498553276
on_and_on,missing_at_random,10,random_forest_imputation,1,0.21837760508060455,0.0,0.21837760508060455,0.21837760508060455,0.21837760508060455,0.21837760508060455,0.21837760508060455,0.05251609906554222,0.0,0.05251609906554222,0.05251609906554222,0.05251609906554222,0.05251609906554222,0.05251609906554222
on_and_on,missing_at_random,10,gain_imputation,1,0.22637571713509957,0.0,0.22637571713509957,0.22637571713509957,0.22637571713509957,0.22637571713509957,0.22637571713509957,0.05675619963840851,0.0,0.05675619963840851,0.05675619963840851,0.05675619963840851,0.05675619963840851,0.05675619963840851
on_and_on,missing_at_random,10,tabcsdi_imputation,1,0.4418354760455059,0.0,0.4418354760455059,0.4418354760455059,0.4418354760455059,0.4418354760455059,0.4418354760455059,0.1109322328556924,0.0,0.1109322328556924,0.1109322328556924,0.1109322328556924,0.1109322328556924,0.1109322328556924
on_and_on,missing_at_random,10,otimpute_imputation,1,0.3238324555798961,0.0,0.3238324555798961,0.3238324555798961,0.3238324555798961,0.3238324555798961,0.3238324555798961,0.08866319667595307,0.0,0.08866319667595307,0.08866319667595307,0.08866319667595307,0.08866319667595307,0.08866319667595307
on_and_on,missing_at_random,15,k_nearest_neighbors_imputation,1,0.3890869617462158,0.0,0.3890869617462158,0.3890869617462158,0.3890869617462158,0.3890869617462158,0.3890869617462158,0.1249997690320015,0.0,0.1249997690320015,0.1249997690320015,0.1249997690320015,0.1249997690320015,0.1249997690320015
on_and_on,missing_at_random,20,k_nearest_neighbors_imputation,1,0.46561485528945923,0.0,0.46561485528945923,0.46561485528945923,0.46561485528945923,0.46561485528945923,0.46561485528945923,0.17253491282463074,0.0,0.17253491282463074,0.17253491282463074,0.17253491282463074,0.17253491282463074,0.17253491282463074
on_and_on,missing_at_random,25,constant_imputation,1,0.5141943693161011,0.0,0.5141943693161011,0.5141943693161011,0.5141943693161011,0.5141943693161011,0.5141943693161011,0.21198496222496033,0.0,0.21198496222496033,0.21198496222496033,0.21198496222496033,0.21198496222496033,0.21198496222496033
on_and_on,missing_at_random,25,mean_imputation,1,0.7115312814712524,0.0,0.7115312814712524,0.7115312814712524,0.7115312814712524,0.7115312814712524,0.7115312814712524,0.3108011782169342,0.0,0.3108011782169342,0.3108011782169342,0.3108011782169342,0.3108011782169342,0.3108011782169342
on_and_on,missing_at_random,25,median_imputation,1,0.7110685110092163,0.0,0.7110685110092163,0.7110685110092163,0.7110685110092163,0.7110685110092163,0.7110685110092163,0.3101019859313965,0.0,0.3101019859313965,0.3101019859313965,0.3101019859313965,0.3101019859313965,0.3101019859313965
on_and_on,missing_at_random,25,k_nearest_neighbors_imputation,1,0.5442562699317932,0.0,0.5442562699317932,0.5442562699317932,0.5442562699317932,0.5442562699317932,0.5442562699317932,0.2248244732618332,0.0,0.2248244732618332,0.2248244732618332,0.2248244732618332,0.2248244732618332,0.2248244732618332
on_and_on,missing_at_random,25,mice_imputation,1,0.4126904010772705,0.0,0.4126904010772705,0.4126904010772705,0.4126904010772705,0.4126904010772705,0.4126904010772705,0.1550353318452835,0.0,0.1550353318452835,0.1550353318452835,0.1550353318452835,0.1550353318452835,0.1550353318452835
on_and_on,missing_at_random,25,random_forest_imputation,1,0.4326922595500946,0.0,0.4326922595500946,0.4326922595500946,0.4326922595500946,0.4326922595500946,0.4326922595500946,0.1626153141260147,0.0,0.1626153141260147,0.1626153141260147,0.1626153141260147,0.1626153141260147,0.1626153141260147
on_and_on,missing_at_random,25,gain_imputation,1,0.4724052315530354,0.0,0.4724052315530354,0.4724052315530354,0.4724052315530354,0.4724052315530354,0.4724052315530354,0.186566129255006,0.0,0.186566129255006,0.186566129255006,0.186566129255006,0.186566129255006,0.186566129255006
on_and_on,missing_at_random,25,tabcsdi_imputation,1,0.6582509834950002,0.0,0.6582509834950002,0.6582509834950002,0.6582509834950002,0.6582509834950002,0.6582509834950002,0.26342199402927896,0.0,0.26342199402927896,0.26342199402927896,0.26342199402927896,0.26342199402927896,0.26342199402927896
on_and_on,missing_at_random,25,otimpute_imputation,1,0.5967058025982783,0.0,0.5967058025982783,0.5967058025982783,0.5967058025982783,0.5967058025982783,0.5967058025982783,0.2495533454365895,0.0,0.2495533454365895,0.2495533454365895,0.2495533454365895,0.2495533454365895,0.2495533454365895
on_and_on,missing_at_random,30,k_nearest_neighbors_imputation,1,0.6180920004844666,0.0,0.6180920004844666,0.6180920004844666,0.6180920004844666,0.6180920004844666,0.6180920004844666,0.27971431612968445,0.0,0.27971431612968445,0.27971431612968445,0.27971431612968445,0.27971431612968445,0.27971431612968445
on_and_on,missing_at_random,40,k_nearest_neighbors_imputation,1,0.8005257844924927,0.0,0.8005257844924927,0.8005257844924927,0.8005257844924927,0.8005257844924927,0.8005257844924927,0.4171939492225647,0.0,0.4171939492225647,0.4171939492225647,0.4171939492225647,0.4171939492225647,0.4171939492225647
on_and_on,missing_not_at_random,1,k_nearest_neighbors_imputation,1,0.08741797506809235,0.0,0.08741797506809235,0.08741797506809235,0.08741797506809235,0.08741797506809235,0.08741797506809235,0.00791182741522789,0.0,0.00791182741522789,0.00791182741522789,0.00791182741522789,0.00791182741522789,0.00791182741522789
on_and_on,missing_not_at_random,2,k_nearest_neighbors_imputation,1,0.12504282593727112,0.0,0.12504282593727112,0.12504282593727112,0.12504282593727112,0.12504282593727112,0.12504282593727112,0.016419921070337296,0.0,0.016419921070337296,0.016419921070337296,0.016419921070337296,0.016419921070337296,0.016419921070337296
on_and_on,missing_not_at_random,3,k_nearest_neighbors_imputation,1,0.16454744338989258,0.0,0.16454744338989258,0.16454744338989258,0.16454744338989258,0.16454744338989258,0.16454744338989258,0.025628134608268738,0.0,0.025628134608268738,0.025628134608268738,0.025628134608268738,0.025628134608268738,0.025628134608268738
on_and_on,missing_not_at_random,4,k_nearest_neighbors_imputation,1,0.21682332456111908,0.0,0.21682332456111908,0.21682332456111908,0.21682332456111908,0.21682332456111908,0.21682332456111908,0.03933309018611908,0.0,0.03933309018611908,0.03933309018611908,0.03933309018611908,0.03933309018611908,0.03933309018611908
on_and_on,missing_not_at_random,5,constant_imputation,1,0.3876539468765259,0.0,0.3876539468765259,0.3876539468765259,0.3876539468765259,0.3876539468765259,0.3876539468765259,0.08530474454164505,0.0,0.08530474454164505,0.08530474454164505,0.08530474454164505,0.08530474454164505,0.08530474454164505
on_and_on,missing_not_at_random,5,mean_imputation,1,0.4297575354576111,0.0,0.4297575354576111,0.4297575354576111,0.4297575354576111,0.4297575354576111,0.4297575354576111,0.09476303309202194,0.0,0.09476303309202194,0.09476303309202194,0.09476303309202194,0.09476303309202194,0.09476303309202194
on_and_on,missing_not_at_random,5,median_imputation,1,0.4195224940776825,0.0,0.4195224940776825,0.4195224940776825,0.4195224940776825,0.4195224940776825,0.4195224940776825,0.0924130380153656,0.0,0.0924130380153656,0.0924130380153656,0.0924130380153656,0.0924130380153656,0.0924130380153656
on_and_on,missing_not_at_random,5,k_nearest_neighbors_imputation,1,0.23421546816825867,0.0,0.23421546816825867,0.23421546816825867,0.23421546816825867,0.23421546816825867,0.23421546816825867,0.04856782779097557,0.0,0.04856782779097557,0.04856782779097557,0.04856782779097557,0.04856782779097557,0.04856782779097557
on_and_on,missing_not_at_random,5,mice_imputation,1,0.1919475644826889,0.0,0.1919475644826889,0.1919475644826889,0.1919475644826889,0.1919475644826889,0.1919475644826889,0.03631514310836792,0.0,0.03631514310836792,0.03631514310836792,0.03631514310836792,0.03631514310836792,0.03631514310836792
on_and_on,missing_not_at_random,5,random_forest_imputation,1,0.161410853266716,0.0,0.161410853266716,0.161410853266716,0.161410853266716,0.161410853266716,0.161410853266716,0.031480468809604645,0.0,0.031480468809604645,0.031480468809604645,0.031480468809604645,0.031480468809604645,0.031480468809604645
on_and_on,missing_not_at_random,5,gain_imputation,1,0.1553129954325764,0.0,0.1553129954325764,0.1553129954325764,0.1553129954325764,0.1553129954325764,0.1553129954325764,0.030762937725228482,0.0,0.030762937725228482,0.030762937725228482,0.030762937725228482,0.030762937725228482,0.030762937725228482
on_and_on,missing_not_at_random,5,tabcsdi_imputation,1,0.3633854504557865,0.0,0.3633854504557865,0.3633854504557865,0.3633854504557865,0.3633854504557865,0.3633854504557865,0.06796545280397319,0.0,0.06796545280397319,0.06796545280397319,0.06796545280397319,0.06796545280397319,0.06796545280397319
on_and_on,missing_not_at_random,5,otimpute_imputation,1,0.2383908673448542,0.0,0.2383908673448542,0.2383908673448542,0.2383908673448542,0.2383908673448542,0.2383908673448542,0.04976298668556736,0.0,0.04976298668556736,0.04976298668556736,0.04976298668556736,0.04976298668556736,0.04976298668556736
on_and_on,missing_not_at_random,6,k_nearest_neighbors_imputation,1,0.27897024154663086,0.0,0.27897024154663086,0.27897024154663086,0.27897024154663086,0.27897024154663086,0.27897024154663086,0.06203824281692505,0.0,0.06203824281692505,0.06203824281692505,0.06203824281692505,0.06203824281692505,0.06203824281692505
on_and_on,missing_not_at_random,8,k_nearest_neighbors_imputation,1,0.3270892798900604,0.0,0.3270892798900604,0.3270892798900604,0.3270892798900604,0.3270892798900604,0.3270892798900604,0.08634964376688004,0.0,0.08634964376688004,0.08634964376688004,0.08634964376688004,0.08634964376688004,0.08634964376688004
on_and_on,missing_not_at_random,10,constant_imputation,1,0.46209296584129333,0.0,0.46209296584129333,0.46209296584129333,0.46209296584129333,0.46209296584129333,0.46209296584129333,0.1409722864627838,0.0,0.1409722864627838,0.1409722864627838,0.1409722864627838,0.1409722864627838,0.1409722864627838
on_and_on,missing_not_at_random,10,mean_imputation,1,0.5704365968704224,0.0,0.5704365968704224,0.5704365968704224,0.5704365968704224,0.5704365968704224,0.5704365968704224,0.17613163590431213,0.0,0.17613163590431213,0.17613163590431213,0.17613163590431213,0.17613163590431213,0.17613163590431213
on_and_on,missing_not_at_random,10,median_imputation,1,0.5423083305358887,0.0,0.5423083305358887,0.5423083305358887,0.5423083305358887,0.5423083305358887,0.5423083305358887,0.1669527143239975,0.0,0.1669527143239975,0.1669527143239975,0.1669527143239975,0.1669527143239975,0.1669527143239975
on_and_on,missing_not_at_random,10,k_nearest_neighbors_imputation,1,0.38050833344459534,0.0,0.38050833344459534,0.38050833344459534,0.38050833344459534,0.38050833344459534,0.38050833344459534,0.11254997551441193,0.0,0.11254997551441193,0.11254997551441193,0.11254997551441193,0.11254997551441193,0.11254997551441193
on_and_on,missing_not_at_random,10,mice_imputation,1,0.3351336419582367,0.0,0.3351336419582367,0.3351336419582367,0.3351336419582367,0.3351336419582367,0.3351336419582367,0.09182872623205185,0.0,0.09182872623205185,0.09182872623205185,0.09182872623205185,0.09182872623205185,0.09182872623205185
on_and_on,missing_not_at_random,10,random_forest_imputation,1,0.3079907298088074,0.0,0.3079907298088074,0.3079907298088074,0.3079907298088074,0.3079907298088074,0.3079907298088074,0.08655353635549545,0.0,0.08655353635549545,0.08655353635549545,0.08655353635549545,0.08655353635549545,0.08655353635549545
on_and_on,missing_not_at_random,10,gain_imputation,1,0.3268458443113664,0.0,0.3268458443113664,0.3268458443113664,0.3268458443113664,0.3268458443113664,0.3268458443113664,0.09088522322045056,0.0,0.09088522322045056,0.09088522322045056,0.09088522322045056,0.09088522322045056,0.09088522322045056
on_and_on,missing_not_at_random,10,tabcsdi_imputation,1,0.482464369314481,0.0,0.482464369314481,0.482464369314481,0.482464369314481,0.482464369314481,0.482464369314481,0.13036579081754504,0.0,0.13036579081754504,0.13036579081754504,0.13036579081754504,0.13036579081754504,0.13036579081754504
on_and_on,missing_not_at_random,10,otimpute_imputation,1,0.37806623638115916,0.0,0.37806623638115916,0.37806623638115916,0.37806623638115916,0.37806623638115916,0.37806623638115916,0.11165553139511454,0.0,0.11165553139511454,0.11165553139511454,0.11165553139511454,0.11165553139511454,0.11165553139511454
on_and_on,missing_not_at_random,15,k_nearest_neighbors_imputation,1,0.5135591626167297,0.0,0.5135591626167297,0.5135591626167297,0.5135591626167297,0.5135591626167297,0.5135591626167297,0.18524669110774994,0.0,0.18524669110774994,0.18524669110774994,0.18524669110774994,0.18524669110774994,0.18524669110774994
on_and_on,missing_not_at_random,20,k_nearest_neighbors_imputation,1,0.6321908235549927,0.0,0.6321908235549927,0.6321908235549927,0.6321908235549927,0.6321908235549927,0.6321908235549927,0.2608354091644287,0.0,0.2608354091644287,0.2608354091644287,0.2608354091644287,0.2608354091644287,0.2608354091644287
on_and_on,missing_not_at_random,25,constant_imputation,1,0.4890335500240326,0.0,0.4890335500240326,0.4890335500240326,0.4890335500240326,0.4890335500240326,0.4890335500240326,0.20277638733386993,0.0,0.20277638733386993,0.20277638733386993,0.20277638733386993,0.20277638733386993,0.20277638733386993
on_and_on,missing_not_at_random,25,mean_imputation,1,0.8558590412139893,0.0,0.8558590412139893,0.8558590412139893,0.8558590412139893,0.8558590412139893,0.8558590412139893,0.40546056628227234,0.0,0.40546056628227234,0.40546056628227234,0.40546056628227234,0.40546056628227234,0.40546056628227234
on_and_on,missing_not_at_random,25,median_imputation,1,0.8074846863746643,0.0,0.8074846863746643,0.8074846863746643,0.8074846863746643,0.8074846863746643,0.8074846863746643,0.37977784872055054,0.0,0.37977784872055054,0.37977784872055054,0.37977784872055054,0.37977784872055054,0.37977784872055054
on_and_on,missing_not_at_random,25,k_nearest_neighbors_imputation,1,0.7321707606315613,0.0,0.7321707606315613,0.7321707606315613,0.7321707606315613,0.7321707606315613,0.7321707606315613,0.3363495171070099,0.0,0.3363495171070099,0.3363495171070099,0.3363495171070099,0.3363495171070099,0.3363495171070099
on_and_on,missing_not_at_random,25,mice_imputation,1,0.7160825729370117,0.0,0.7160825729370117,0.7160825729370117,0.7160825729370117,0.7160825729370117,0.7160825729370117,0.3052373230457306,0.0,0.3052373230457306,0.3052373230457306,0.3052373230457306,0.3052373230457306,0.3052373230457306
on_and_on,missing_not_at_random,25,random_forest_imputation,1,0.7273808121681213,0.0,0.7273808121681213,0.7273808121681213,0.7273808121681213,0.7273808121681213,0.7273808121681213,0.3181074559688568,0.0,0.3181074559688568,0.3181074559688568,0.3181074559688568,0.3181074559688568,0.3181074559688568
on_and_on,missing_not_at_random,25,gain_imputation,1,0.6981554472737969,0.0,0.6981554472737969,0.6981554472737969,0.6981554472737969,0.6981554472737969,0.6981554472737969,0.3119942475708871,0.0,0.3119942475708871,0.3119942475708871,0.3119942475708871,0.3119942475708871,0.3119942475708871
on_and_on,missing_not_at_random,25,tabcsdi_imputation,1,0.8026921100022248,0.0,0.8026921100022248,0.8026921100022248,0.8026921100022248,0.8026921100022248,0.8026921100022248,0.35422368284623335,0.0,0.35422368284623335,0.35422368284623335,0.35422368284623335,0.35422368284623335,0.35422368284623335
on_and_on,missing_not_at_random,25,otimpute_imputation,1,0.7101992881782105,0.0,0.7101992881782105,0.7101992881782105,0.7101992881782105,0.7101992881782105,0.7101992881782105,0.3252226502499131,0.0,0.3252226502499131,0.3252226502499131,0.3252226502499131,0.3252226502499131,0.3252226502499131
on_and_on,missing_not_at_random,30,k_nearest_neighbors_imputation,1,0.8577635288238525,0.0,0.8577635288238525,0.8577635288238525,0.8577635288238525,0.8577635288238525,0.8577635288238525,0.42977815866470337,0.0,0.42977815866470337,0.42977815866470337,0.42977815866470337,0.42977815866470337,0.42977815866470337
on_and_on,missing_not_at_random,40,k_nearest_neighbors_imputation,1,1.1756705045700073,0.0,1.1756705045700073,1.1756705045700073,1.1756705045700073,1.1756705045700073,1.1756705045700073,0.6771186590194702,0.0,0.6771186590194702,0.6771186590194702,0.6771186590194702,0.6771186590194702,0.6771186590194702
football_player_position,missing_completely_at_random,5,constant_imputation,1,0.22193945718729896,0.0,0.22193945718729896,0.22193945718729896,0.22193945718729896,0.22193945718729896,0.22193945718729896,0.03795538651710689,0.0,0.03795538651710689,0.03795538651710689,0.03795538651710689,0.03795538651710689,0.03795538651710689
football_player_position,missing_completely_at_random,5,mean_imputation,1,0.22203703478710543,0.0,0.22203703478710543,0.22203703478710543,0.22203703478710543,0.22203703478710543,0.22203703478710543,0.03798976978250185,0.0,0.03798976978250185,0.03798976978250185,0.03798976978250185,0.03798976978250185,0.03798976978250185
football_player_position,missing_completely_at_random,5,median_imputation,1,0.22739365706103357,0.0,0.22739365706103357,0.22739365706103357,0.22739365706103357,0.22739365706103357,0.22739365706103357,0.036565662756771145,0.0,0.036565662756771145,0.036565662756771145,0.036565662756771145,0.036565662756771145,0.036565662756771145
football_player_position,missing_completely_at_random,5,k_nearest_neighbors_imputation,1,0.16360509795894917,0.0,0.16360509795894917,0.16360509795894917,0.16360509795894917,0.16360509795894917,0.16360509795894917,0.025647139548306108,0.0,0.025647139548306108,0.025647139548306108,0.025647139548306108,0.025647139548306108,0.025647139548306108
football_player_position,missing_completely_at_random,5,mice_imputation,9,0.2549517316452621,0.015904134131555038,0.25239388813366764,0.24213753640382257,0.25923263890794795,0.24272673195385955,0.26717673133666464,0.037345226199825075,0.0023732779117221748,0.037744547456944916,0.035053127296170425,0.038378546022142315,0.03552096330701839,0.03916948909263176
football_player_position,missing_completely_at_random,5,random_forest_imputation,9,0.1730785486864139,0.016284674126148122,0.17042750416197117,0.15802172679614515,0.18024960359661477,0.1605610400612973,0.1855960573115305,0.024511791025448742,0.002048531702217541,0.024661957904415353,0.02369652978134899,0.024943370217870953,0.02293715016664525,0.026086431884252234
football_player_position,missing_completely_at_random,5,gain_imputation,9,0.3317689516590707,0.021565514706091797,0.3230349481897253,0.3181332312370251,0.33926569398763307,0.31519222962905274,0.3483456736890887,0.05308823709171316,0.00557553069923992,0.05253679840982251,0.04905455381382739,0.05741920818874728,0.04880250480891148,0.05737396937451484
football_player_position,missing_completely_at_random,5,tabcsdi_imputation,9,0.25710796055387775,0.018986996617534817,0.25774605819458696,0.2520648735710181,0.26695273482528525,0.24251326298216347,0.271702658125592,0.03674300203301853,0.0030029733609832554,0.037577839274110576,0.035463659872246575,0.03805365292855846,0.03443471237024008,0.03905129169579698
football_player_position,missing_completely_at_random,5,otimpute_imputation,9,0.1849515455283176,0.012574818965775168,0.18010734060223477,0.17851574377788637,0.18301141668571397,0.1752856840168105,0.19461740703982472,0.026442865218341816,0.0018808329442341972,0.026827691035984005,0.024794145659458935,0.027085154179492765,0.024997129035997722,0.02788860140068591
football_player_position,missing_completely_at_random,1,k_nearest_neighbors_imputation,1,0.06837178262974945,0.0,0.06837178262974945,0.06837178262974945,0.06837178262974945,0.06837178262974945,0.06837178262974945,0.004982748791029706,0.0,0.004982748791029706,0.004982748791029706,0.004982748791029706,0.004982748791029706,0.004982748791029706
football_player_position,missing_completely_at_random,4,k_nearest_neighbors_imputation,1,0.14865446222806558,0.0,0.14865446222806558,0.14865446222806558,0.14865446222806558,0.14865446222806558,0.14865446222806558,0.020748198662113543,0.0,0.020748198662113543,0.020748198662113543,0.020748198662113543,0.020748198662113543,0.020748198662113543
football_player_position,missing_completely_at_random,2,k_nearest_neighbors_imputation,1,0.0935688587399901,0.0,0.0935688587399901,0.0935688587399901,0.0935688587399901,0.0935688587399901,0.0935688587399901,0.009893292786710849,0.0,0.009893292786710849,0.009893292786710849,0.009893292786710849,0.009893292786710849,0.009893292786710849
football_player_position,missing_completely_at_random,30,k_nearest_neighbors_imputation,1,0.43496967527071034,0.0,0.43496967527071034,0.43496967527071034,0.43496967527071034,0.43496967527071034,0.43496967527071034,0.17039920952782764,0.0,0.17039920952782764,0.17039920952782764,0.17039920952782764,0.17039920952782764,0.17039920952782764
football_player_position,missing_completely_at_random,20,k_nearest_neighbors_imputation,1,0.34938690006190254,0.0,0.34938690006190254,0.34938690006190254,0.34938690006190254,0.34938690006190254,0.34938690006190254,0.111226225043525,0.0,0.111226225043525,0.111226225043525,0.111226225043525,0.111226225043525,0.111226225043525
football_player_position,missing_completely_at_random,15,k_nearest_neighbors_imputation,1,0.29706320060182073,0.0,0.29706320060182073,0.29706320060182073,0.29706320060182073,0.29706320060182073,0.29706320060182073,0.0818118606283323,0.0,0.0818118606283323,0.0818118606283323,0.0818118606283323,0.0818118606283323,0.0818118606283323
football_player_position,missing_completely_at_random,3,k_nearest_neighbors_imputation,1,0.12013585837759143,0.0,0.12013585837759143,0.12013585837759143,0.12013585837759143,0.12013585837759143,0.12013585837759143,0.01516028280577804,0.0,0.01516028280577804,0.01516028280577804,0.01516028280577804,0.01516028280577804,0.01516028280577804
football_player_position,missing_completely_at_random,6,k_nearest_neighbors_imputation,1,0.17753998273200142,0.0,0.17753998273200142,0.17753998273200142,0.17753998273200142,0.17753998273200142,0.17753998273200142,0.030781312068237615,0.0,0.030781312068237615,0.030781312068237615,0.030781312068237615,0.030781312068237615,0.030781312068237615
football_player_position,missing_completely_at_random,10,mean_imputation,1,0.31334506713441085,0.0,0.31334506713441085,0.31334506713441085,0.31334506713441085,0.31334506713441085,0.31334506713441085,0.07616163153024214,0.0,0.07616163153024214,0.07616163153024214,0.07616163153024214,0.07616163153024214,0.07616163153024214
football_player_position,missing_completely_at_random,10,median_imputation,1,0.32225379449532393,0.0,0.32225379449532393,0.32225379449532393,0.32225379449532393,0.32225379449532393,0.32225379449532393,0.07344610424685316,0.0,0.07344610424685316,0.07344610424685316,0.07344610424685316,0.07344610424685316,0.07344610424685316
football_player_position,missing_completely_at_random,10,constant_imputation,1,0.31323082119146933,0.0,0.31323082119146933,0.31323082119146933,0.31323082119146933,0.31323082119146933,0.31323082119146933,0.07609119619495361,0.0,0.07609119619495361,0.07609119619495361,0.07609119619495361,0.07609119619495361,0.07609119619495361
football_player_position,missing_completely_at_random,10,k_nearest_neighbors_imputation,1,0.2365343668531418,0.0,0.2365343668531418,0.2365343668531418,0.2365343668531418,0.2365343668531418,0.2365343668531418,0.053283115729419545,0.0,0.053283115729419545,0.053283115729419545,0.053283115729419545,0.053283115729419545,0.053283115729419545
football_player_position,missing_completely_at_random,10,mice_imputation,9,0.3602905139190323,0.02060643058346438,0.3598184380076225,0.3505433396279756,0.37140573498568147,0.34445100920661015,0.3761300186314544,0.07536903394290292,0.005775470642949939,0.0744039352792539,0.07069087681575884,0.08045437406848313,0.07092961421443865,0.0798084536713672
football_player_position,missing_completely_at_random,10,random_forest_imputation,9,0.25148845297618516,0.023935417737356683,0.24360959876145963,0.23352448607130777,0.27165533335426395,0.23309006221612394,0.2698868437362464,0.050319762213118145,0.003906892181370545,0.049682894086799406,0.04946859927548353,0.05116749461302554,0.04731665903777238,0.05332286538846391
football_player_position,missing_completely_at_random,10,gain_imputation,9,0.44523633358983855,0.05706551719329794,0.45723153805886735,0.4297428285360801,0.4884732700185524,0.4013718940480687,0.4891007731316084,0.09938734505234716,0.015029614051965642,0.10252722155424815,0.09408821754440484,0.10961192103285786,0.08783456100089536,0.11094012910379895
football_player_position,missing_completely_at_random,10,tabcsdi_imputation,9,0.36878591754611184,0.012927923356675142,0.3639312036476753,0.3614649683648937,0.3783406580852912,0.3588486359727467,0.378723199119477,0.07595902146251861,0.006002863260549349,0.07653409491260561,0.07319622599792104,0.0803143017470113,0.07134481229522129,0.08057323062981593
football_player_position,missing_completely_at_random,10,otimpute_imputation,9,0.26740117334782343,0.016964751499142967,0.26062107374212495,0.25529127003499824,0.2789551826670751,0.25436091097791186,0.280441435717735,0.05408726648529177,0.003393548024987653,0.05429343040449449,0.05099202672342723,0.056195843624639356,0.05147875455907995,0.05669577841150358
football_player_position,missing_completely_at_random,8,k_nearest_neighbors_imputation,1,0.20664437203782768,0.0,0.20664437203782768,0.20664437203782768,0.20664437203782768,0.20664437203782768,0.20664437203782768,0.041787603313036055,0.0,0.041787603313036055,0.041787603313036055,0.041787603313036055,0.041787603313036055,0.041787603313036055
football_player_position,missing_completely_at_random,25,constant_imputation,1,0.5015696123410996,0.0,0.5015696123410996,0.5015696123410996,0.5015696123410996,0.5015696123410996,0.5015696123410996,0.19173644020314978,0.0,0.19173644020314978,0.19173644020314978,0.19173644020314978,0.19173644020314978,0.19173644020314978
football_player_position,missing_completely_at_random,25,mean_imputation,1,0.5017791086891693,0.0,0.5017791086891693,0.5017791086891693,0.5017791086891693,0.5017791086891693,0.5017791086891693,0.19112826843436873,0.0,0.19112826843436873,0.19112826843436873,0.19112826843436873,0.19112826843436873,0.19112826843436873
football_player_position,missing_completely_at_random,25,median_imputation,1,0.5173662314951157,0.0,0.5173662314951157,0.5173662314951157,0.5173662314951157,0.5173662314951157,0.5173662314951157,0.185592208988475,0.0,0.185592208988475,0.185592208988475,0.185592208988475,0.185592208988475,0.185592208988475
football_player_position,missing_completely_at_random,25,k_nearest_neighbors_imputation,1,0.3913912134660104,0.0,0.3913912134660104,0.3913912134660104,0.3913912134660104,0.3913912134660104,0.3913912134660104,0.13939481881727978,0.0,0.13939481881727978,0.13939481881727978,0.13939481881727978,0.13939481881727978,0.13939481881727978
football_player_position,missing_completely_at_random,25,mice_imputation,9,0.5916752293718959,0.0258922492437578,0.5904720554605467,0.5789361719860252,0.5995890825912278,0.5717726847632817,0.61157777398051,0.19297931332323337,0.012266261447968125,0.194075623033986,0.18226729741818046,0.20215604594087372,0.18355063011573006,0.20240799653073668
football_player_position,missing_completely_at_random,25,random_forest_imputation,9,0.43351554079299176,0.04393759983524858,0.4188827357892399,0.40930514131647666,0.45961057309108694,0.39974211182264874,0.4672889697633348,0.13695601846624986,0.011496715575705014,0.13678589663097468,0.13047621497973466,0.14335622964319955,0.1281188605799692,0.1457931763525305
football_player_position,missing_completely_at_random,25,gain_imputation,9,0.6425902638609018,0.09355644631718973,0.6777867842472878,0.5581241431047677,0.6940783425690095,0.5706764131667531,0.7145041145550505,0.22480506881819962,0.04392200062846486,0.24264154778796063,0.18881208892003398,0.2525048669240581,0.19104363045963962,0.2585665071767596
football_player_position,missing_completely_at_random,25,tabcsdi_imputation,9,0.6052238640560322,0.023378465267829537,0.6073913238717036,0.6011917099059045,0.6232285427892791,0.5872535848619183,0.6231941432501462,0.20129695524355035,0.015807846426348103,0.2054225441336592,0.19800798289923552,0.21369812318952147,0.18914596883427331,0.21344794165282738
football_player_position,missing_completely_at_random,25,otimpute_imputation,9,0.4340417721537617,0.017781373175897824,0.4325003751690682,0.424581415405494,0.43987977138774687,0.42037379879601877,0.44770974551150466,0.14307636392599907,0.009602741532740459,0.1441663333651558,0.13376094174338637,0.15169417843384808,0.13569504336473365,0.1504576844872645
football_player_position,missing_completely_at_random,40,k_nearest_neighbors_imputation,1,0.5379752684274913,0.0,0.5379752684274913,0.5379752684274913,0.5379752684274913,0.5379752684274913,0.5379752684274913,0.2450475909117479,0.0,0.2450475909117479,0.2450475909117479,0.2450475909117479,0.2450475909117479,0.2450475909117479
football_player_position,missing_at_random,10,constant_imputation,1,0.3324646631238493,0.0,0.3324646631238493,0.3324646631238493,0.3324646631238493,0.3324646631238493,0.3324646631238493,0.08694700675281324,0.0,0.08694700675281324,0.08694700675281324,0.08694700675281324,0.08694700675281324,0.08694700675281324
football_player_position,missing_at_random,10,mean_imputation,1,0.352889816775964,0.0,0.352889816775964,0.352889816775964,0.352889816775964,0.352889816775964,0.352889816775964,0.09339531972596438,0.0,0.09339531972596438,0.09339531972596438,0.09339531972596438,0.09339531972596438,0.09339531972596438
football_player_position,missing_at_random,10,median_imputation,1,0.3405666278929197,0.0,0.3405666278929197,0.3405666278929197,0.3405666278929197,0.3405666278929197,0.3405666278929197,0.08343632793902445,0.0,0.08343632793902445,0.08343632793902445,0.08343632793902445,0.08343632793902445,0.08343632793902445
football_player_position,missing_at_random,10,k_nearest_neighbors_imputation,1,0.27339700583742593,0.0,0.27339700583742593,0.27339700583742593,0.27339700583742593,0.27339700583742593,0.27339700583742593,0.06245769090565762,0.0,0.06245769090565762,0.06245769090565762,0.06245769090565762,0.06245769090565762,0.06245769090565762
football_player_position,missing_at_random,10,mice_imputation,1,0.3673245265591712,0.0,0.3673245265591712,0.3673245265591712,0.3673245265591712,0.3673245265591712,0.3673245265591712,0.0836638708177878,0.0,0.0836638708177878,0.0836638708177878,0.0836638708177878,0.0836638708177878,0.0836638708177878
football_player_position,missing_at_random,10,random_forest_imputation,1,0.34980630750140357,0.0,0.34980630750140357,0.34980630750140357,0.34980630750140357,0.34980630750140357,0.34980630750140357,0.068678039827471,0.0,0.068678039827471,0.068678039827471,0.068678039827471,0.068678039827471,0.068678039827471
football_player_position,missing_at_random,10,gain_imputation,1,0.44032976882810143,0.0,0.44032976882810143,0.44032976882810143,0.44032976882810143,0.44032976882810143,0.44032976882810143,0.10495419863263221,0.0,0.10495419863263221,0.10495419863263221,0.10495419863263221,0.10495419863263221,0.10495419863263221
football_player_position,missing_at_random,10,tabcsdi_imputation,1,0.38400178407983027,0.0,0.38400178407983027,0.38400178407983027,0.38400178407983027,0.38400178407983027,0.38400178407983027,0.08416833796480726,0.0,0.08416833796480726,0.08416833796480726,0.08416833796480726,0.08416833796480726,0.08416833796480726
football_player_position,missing_at_random,10,otimpute_imputation,1,0.30243830283275736,0.0,0.30243830283275736,0.30243830283275736,0.30243830283275736,0.30243830283275736,0.30243830283275736,0.07008463860659653,0.0,0.07008463860659653,0.07008463860659653,0.07008463860659653,0.07008463860659653,0.07008463860659653
football_player_position,missing_at_random,5,constant_imputation,1,0.24361498895886394,0.0,0.24361498895886394,0.24361498895886394,0.24361498895886394,0.24361498895886394,0.24361498895886394,0.04554167024915336,0.0,0.04554167024915336,0.04554167024915336,0.04554167024915336,0.04554167024915336,0.04554167024915336
football_player_position,missing_at_random,5,mean_imputation,1,0.25310962093943495,0.0,0.25310962093943495,0.25310962093943495,0.25310962093943495,0.25310962093943495,0.25310962093943495,0.0475777920000706,0.0,0.0475777920000706,0.0475777920000706,0.0475777920000706,0.0475777920000706,0.0475777920000706
football_player_position,missing_at_random,5,median_imputation,1,0.24644616152413953,0.0,0.24644616152413953,0.24644616152413953,0.24644616152413953,0.24644616152413953,0.24644616152413953,0.04262511866099896,0.0,0.04262511866099896,0.04262511866099896,0.04262511866099896,0.04262511866099896,0.04262511866099896
football_player_position,missing_at_random,5,k_nearest_neighbors_imputation,1,0.1808870587777583,0.0,0.1808870587777583,0.1808870587777583,0.1808870587777583,0.1808870587777583,0.1808870587777583,0.028711425705136375,0.0,0.028711425705136375,0.028711425705136375,0.028711425705136375,0.028711425705136375,0.028711425705136375
football_player_position,missing_at_random,5,mice_imputation,1,0.23898606380177104,0.0,0.23898606380177104,0.23898606380177104,0.23898606380177104,0.23898606380177104,0.23898606380177104,0.03780158806069118,0.0,0.03780158806069118,0.03780158806069118,0.03780158806069118,0.03780158806069118,0.03780158806069118
football_player_position,missing_at_random,5,random_forest_imputation,1,0.20879951630499533,0.0,0.20879951630499533,0.20879951630499533,0.20879951630499533,0.20879951630499533,0.20879951630499533,0.031072237724977574,0.0,0.031072237724977574,0.031072237724977574,0.031072237724977574,0.031072237724977574,0.031072237724977574
football_player_position,missing_at_random,5,gain_imputation,1,0.29297494740655194,0.0,0.29297494740655194,0.29297494740655194,0.29297494740655194,0.29297494740655194,0.29297494740655194,0.047823222590604814,0.0,0.047823222590604814,0.047823222590604814,0.047823222590604814,0.047823222590604814,0.047823222590604814
football_player_position,missing_at_random,5,tabcsdi_imputation,1,0.24435388700157082,0.0,0.24435388700157082,0.24435388700157082,0.24435388700157082,0.24435388700157082,0.24435388700157082,0.03617248313734006,0.0,0.03617248313734006,0.03617248313734006,0.03617248313734006,0.03617248313734006,0.03617248313734006
football_player_position,missing_at_random,5,otimpute_imputation,1,0.20479835549899852,0.0,0.20479835549899852,0.20479835549899852,0.20479835549899852,0.20479835549899852,0.20479835549899852,0.03274846992626234,0.0,0.03274846992626234,0.03274846992626234,0.03274846992626234,0.03274846992626234,0.03274846992626234
football_player_position,missing_at_random,15,k_nearest_neighbors_imputation,1,0.3347426105651415,0.0,0.3347426105651415,0.3347426105651415,0.3347426105651415,0.3347426105651415,0.3347426105651415,0.09476759837319797,0.0,0.09476759837319797,0.09476759837319797,0.09476759837319797,0.09476759837319797,0.09476759837319797
football_player_position,missing_at_random,1,k_nearest_neighbors_imputation,1,0.0710885449265943,0.0,0.0710885449265943,0.0710885449265943,0.0710885449265943,0.0710885449265943,0.0710885449265943,0.005183429815697353,0.0,0.005183429815697353,0.005183429815697353,0.005183429815697353,0.005183429815697353,0.005183429815697353
football_player_position,missing_at_random,40,k_nearest_neighbors_imputation,1,0.6555403443825472,0.0,0.6555403443825472,0.6555403443825472,0.6555403443825472,0.6555403443825472,0.6555403443825472,0.32575107385684315,0.0,0.32575107385684315,0.32575107385684315,0.32575107385684315,0.32575107385684315,0.32575107385684315
football_player_position,missing_at_random,30,k_nearest_neighbors_imputation,1,0.5244443335320776,0.0,0.5244443335320776,0.5244443335320776,0.5244443335320776,0.5244443335320776,0.5244443335320776,0.22405666535530086,0.0,0.22405666535530086,0.22405666535530086,0.22405666535530086,0.22405666535530086,0.22405666535530086
football_player_position,missing_at_random,2,k_nearest_neighbors_imputation,1,0.10050203158839977,0.0,0.10050203158839977,0.10050203158839977,0.10050203158839977,0.10050203158839977,0.10050203158839977,0.010200254537347459,0.0,0.010200254537347459,0.010200254537347459,0.010200254537347459,0.010200254537347459,0.010200254537347459
football_player_position,missing_at_random,3,k_nearest_neighbors_imputation,1,0.13143419038284188,0.0,0.13143419038284188,0.13143419038284188,0.13143419038284188,0.13143419038284188,0.13143419038284188,0.016071989775861797,0.0,0.016071989775861797,0.016071989775861797,0.016071989775861797,0.016071989775861797,0.016071989775861797
football_player_position,missing_at_random,25,constant_imputation,1,0.4958947820778449,0.0,0.4958947820778449,0.4958947820778449,0.4958947820778449,0.4958947820778449,0.4958947820778449,0.19582907464377206,0.0,0.19582907464377206,0.19582907464377206,0.19582907464377206,0.19582907464377206,0.19582907464377206
football_player_position,missing_at_random,25,median_imputation,1,0.5505865186253057,0.0,0.5505865186253057,0.5505865186253057,0.5505865186253057,0.5505865186253057,0.5505865186253057,0.2132352093427442,0.0,0.2132352093427442,0.2132352093427442,0.2132352093427442,0.2132352093427442,0.2132352093427442
football_player_position,missing_at_random,25,mean_imputation,1,0.5554837898515388,0.0,0.5554837898515388,0.5554837898515388,0.5554837898515388,0.5554837898515388,0.5554837898515388,0.2268503081973769,0.0,0.2268503081973769,0.2268503081973769,0.2268503081973769,0.2268503081973769,0.2268503081973769
football_player_position,missing_at_random,25,k_nearest_neighbors_imputation,1,0.4562980653601198,0.0,0.4562980653601198,0.4562980653601198,0.4562980653601198,0.4562980653601198,0.4562980653601198,0.17581014777729295,0.0,0.17581014777729295,0.17581014777729295,0.17581014777729295,0.17581014777729295,0.17581014777729295
football_player_position,missing_at_random,25,mice_imputation,1,0.5980967456267087,0.0,0.5980967456267087,0.5980967456267087,0.5980967456267087,0.5980967456267087,0.5980967456267087,0.2163924867356308,0.0,0.2163924867356308,0.2163924867356308,0.2163924867356308,0.2163924867356308,0.2163924867356308
football_player_position,missing_at_random,25,random_forest_imputation,1,0.5423138116448011,0.0,0.5423138116448011,0.5423138116448011,0.5423138116448011,0.5423138116448011,0.5423138116448011,0.19110080660344883,0.0,0.19110080660344883,0.19110080660344883,0.19110080660344883,0.19110080660344883,0.19110080660344883
football_player_position,missing_at_random,25,gain_imputation,1,0.7341004337610816,0.0,0.7341004337610816,0.7341004337610816,0.7341004337610816,0.7341004337610816,0.7341004337610816,0.2702291742914285,0.0,0.2702291742914285,0.2702291742914285,0.2702291742914285,0.2702291742914285,0.2702291742914285
football_player_position,missing_at_random,25,tabcsdi_imputation,1,0.6724883228937063,0.0,0.6724883228937063,0.6724883228937063,0.6724883228937063,0.6724883228937063,0.6724883228937063,0.2367834666600456,0.0,0.2367834666600456,0.2367834666600456,0.2367834666600456,0.2367834666600456,0.2367834666600456
football_player_position,missing_at_random,25,otimpute_imputation,1,0.5033678040373507,0.0,0.5033678040373507,0.5033678040373507,0.5033678040373507,0.5033678040373507,0.5033678040373507,0.1933053269655344,0.0,0.1933053269655344,0.1933053269655344,0.1933053269655344,0.1933053269655344,0.1933053269655344
football_player_position,missing_at_random,8,k_nearest_neighbors_imputation,1,0.25867227951722704,0.0,0.25867227951722704,0.25867227951722704,0.25867227951722704,0.25867227951722704,0.25867227951722704,0.05129004622044537,0.0,0.05129004622044537,0.05129004622044537,0.05129004622044537,0.05129004622044537,0.05129004622044537
football_player_position,missing_at_random,6,k_nearest_neighbors_imputation,1,0.21053611962218657,0.0,0.21053611962218657,0.21053611962218657,0.21053611962218657,0.21053611962218657,0.21053611962218657,0.03647342475021826,0.0,0.03647342475021826,0.03647342475021826,0.03647342475021826,0.03647342475021826,0.03647342475021826
football_player_position,missing_at_random,20,k_nearest_neighbors_imputation,1,0.38995051293592864,0.0,0.38995051293592864,0.38995051293592864,0.38995051293592864,0.38995051293592864,0.38995051293592864,0.13301663103904288,0.0,0.13301663103904288,0.13301663103904288,0.13301663103904288,0.13301663103904288,0.13301663103904288
football_player_position,missing_at_random,4,k_nearest_neighbors_imputation,1,0.15385769969149002,0.0,0.15385769969149002,0.15385769969149002,0.15385769969149002,0.15385769969149002,0.15385769969149002,0.022025497463891097,0.0,0.022025497463891097,0.022025497463891097,0.022025497463891097,0.022025497463891097,0.022025497463891097
football_player_position,missing_not_at_random,1,k_nearest_neighbors_imputation,1,0.18988516122811022,0.0,0.18988516122811022,0.18988516122811022,0.18988516122811022,0.18988516122811022,0.18988516122811022,0.010678289180783842,0.0,0.010678289180783842,0.010678289180783842,0.010678289180783842,0.010678289180783842,0.010678289180783842
football_player_position,missing_not_at_random,2,k_nearest_neighbors_imputation,1,0.2194944941820935,0.0,0.2194944941820935,0.2194944941820935,0.2194944941820935,0.2194944941820935,0.2194944941820935,0.01867480922848703,0.0,0.01867480922848703,0.01867480922848703,0.01867480922848703,0.01867480922848703,0.01867480922848703
football_player_position,missing_not_at_random,3,k_nearest_neighbors_imputation,1,0.1414521620019621,0.0,0.1414521620019621,0.1414521620019621,0.1414521620019621,0.1414521620019621,0.1414521620019621,0.02021286610820308,0.0,0.02021286610820308,0.02021286610820308,0.02021286610820308,0.02021286610820308,0.02021286610820308
football_player_position,missing_not_at_random,4,k_nearest_neighbors_imputation,1,0.16883188166990912,0.0,0.16883188166990912,0.16883188166990912,0.16883188166990912,0.16883188166990912,0.16883188166990912,0.028047111498598214,0.0,0.028047111498598214,0.028047111498598214,0.028047111498598214,0.028047111498598214,0.028047111498598214
football_player_position,missing_not_at_random,5,constant_imputation,1,0.29949994346316416,0.0,0.29949994346316416,0.29949994346316416,0.29949994346316416,0.29949994346316416,0.29949994346316416,0.05425700958387127,0.0,0.05425700958387127,0.05425700958387127,0.05425700958387127,0.05425700958387127,0.05425700958387127
football_player_position,missing_not_at_random,5,mean_imputation,1,0.3305595677281145,0.0,0.3305595677281145,0.3305595677281145,0.3305595677281145,0.3305595677281145,0.3305595677281145,0.06095894885107628,0.0,0.06095894885107628,0.06095894885107628,0.06095894885107628,0.06095894885107628,0.06095894885107628
football_player_position,missing_not_at_random,5,median_imputation,1,0.30805145070954076,0.0,0.30805145070954076,0.30805145070954076,0.30805145070954076,0.30805145070954076,0.30805145070954076,0.049754871564027456,0.0,0.049754871564027456,0.049754871564027456,0.049754871564027456,0.049754871564027456,0.049754871564027456
football_player_position,missing_not_at_random,5,k_nearest_neighbors_imputation,1,0.28901243047580616,0.0,0.28901243047580616,0.28901243047580616,0.28901243047580616,0.28901243047580616,0.28901243047580616,0.04423112496834421,0.0,0.04423112496834421,0.04423112496834421,0.04423112496834421,0.04423112496834421,0.04423112496834421
football_player_position,missing_not_at_random,5,mice_imputation,1,0.3418241242783743,0.0,0.3418241242783743,0.3418241242783743,0.3418241242783743,0.3418241242783743,0.3418241242783743,0.04730149114444705,0.0,0.04730149114444705,0.04730149114444705,0.04730149114444705,0.04730149114444705,0.04730149114444705
football_player_position,missing_not_at_random,5,random_forest_imputation,1,0.3567164137850626,0.0,0.3567164137850626,0.3567164137850626,0.3567164137850626,0.3567164137850626,0.3567164137850626,0.048016058577981406,0.0,0.048016058577981406,0.048016058577981406,0.048016058577981406,0.048016058577981406,0.048016058577981406
football_player_position,missing_not_at_random,5,gain_imputation,1,0.36394943823457515,0.0,0.36394943823457515,0.36394943823457515,0.36394943823457515,0.36394943823457515,0.36394943823457515,0.05059102946938594,0.0,0.05059102946938594,0.05059102946938594,0.05059102946938594,0.05059102946938594,0.05059102946938594
football_player_position,missing_not_at_random,5,tabcsdi_imputation,1,0.3393830505925422,0.0,0.3393830505925422,0.3393830505925422,0.3393830505925422,0.3393830505925422,0.3393830505925422,0.04261936119756613,0.0,0.04261936119756613,0.04261936119756613,0.04261936119756613,0.04261936119756613,0.04261936119756613
football_player_position,missing_not_at_random,5,otimpute_imputation,1,0.28479736886767665,0.0,0.28479736886767665,0.28479736886767665,0.28479736886767665,0.28479736886767665,0.28479736886767665,0.04382515314665593,0.0,0.04382515314665593,0.04382515314665593,0.04382515314665593,0.04382515314665593,0.04382515314665593
football_player_position,missing_not_at_random,6,k_nearest_neighbors_imputation,1,0.31635136270320685,0.0,0.31635136270320685,0.31635136270320685,0.31635136270320685,0.31635136270320685,0.31635136270320685,0.05449469180483906,0.0,0.05449469180483906,0.05449469180483906,0.05449469180483906,0.05449469180483906,0.05449469180483906
football_player_position,missing_not_at_random,8,k_nearest_neighbors_imputation,1,0.37201460191143737,0.0,0.37201460191143737,0.37201460191143737,0.37201460191143737,0.37201460191143737,0.37201460191143737,0.07593636728882458,0.0,0.07593636728882458,0.07593636728882458,0.07593636728882458,0.07593636728882458,0.07593636728882458
football_player_position,missing_not_at_random,10,constant_imputation,1,0.3484490800797395,0.0,0.3484490800797395,0.3484490800797395,0.3484490800797395,0.3484490800797395,0.3484490800797395,0.09181181971021882,0.0,0.09181181971021882,0.09181181971021882,0.09181181971021882,0.09181181971021882,0.09181181971021882
football_player_position,missing_not_at_random,10,mean_imputation,1,0.42936892932644355,0.0,0.42936892932644355,0.42936892932644355,0.42936892932644355,0.42936892932644355,0.42936892932644355,0.11768991159872208,0.0,0.11768991159872208,0.11768991159872208,0.11768991159872208,0.11768991159872208,0.11768991159872208
football_player_position,missing_not_at_random,10,median_imputation,1,0.3879025949835021,0.0,0.3879025949835021,0.3879025949835021,0.3879025949835021,0.3879025949835021,0.3879025949835021,0.095292800664788,0.0,0.095292800664788,0.095292800664788,0.095292800664788,0.095292800664788,0.095292800664788
football_player_position,missing_not_at_random,10,k_nearest_neighbors_imputation,1,0.39090189660429936,0.0,0.39090189660429936,0.39090189660429936,0.39090189660429936,0.39090189660429936,0.39090189660429936,0.09234414869813734,0.0,0.09234414869813734,0.09234414869813734,0.09234414869813734,0.09234414869813734,0.09234414869813734
football_player_position,missing_not_at_random,10,mice_imputation,1,0.48098802803618773,0.0,0.48098802803618773,0.48098802803618773,0.48098802803618773,0.48098802803618773,0.48098802803618773,0.09929682889258556,0.0,0.09929682889258556,0.09929682889258556,0.09929682889258556,0.09929682889258556,0.09929682889258556
football_player_position,missing_not_at_random,10,random_forest_imputation,1,0.49831980755985633,0.0,0.49831980755985633,0.49831980755985633,0.49831980755985633,0.49831980755985633,0.49831980755985633,0.09591733862497516,0.0,0.09591733862497516,0.09591733862497516,0.09591733862497516,0.09591733862497516,0.09591733862497516
football_player_position,missing_not_at_random,10,gain_imputation,1,0.5214984006704737,0.0,0.5214984006704737,0.5214984006704737,0.5214984006704737,0.5214984006704737,0.5214984006704737,0.11359920033694633,0.0,0.11359920033694633,0.11359920033694633,0.11359920033694633,0.11359920033694633,0.11359920033694633
football_player_position,missing_not_at_random,10,tabcsdi_imputation,1,0.45301568564534395,0.0,0.45301568564534395,0.45301568564534395,0.45301568564534395,0.45301568564534395,0.45301568564534395,0.09275586957677205,0.0,0.09275586957677205,0.09275586957677205,0.09275586957677205,0.09275586957677205,0.09275586957677205
football_player_position,missing_not_at_random,10,otimpute_imputation,1,0.3684717754310631,0.0,0.3684717754310631,0.3684717754310631,0.3684717754310631,0.3684717754310631,0.3684717754310631,0.08835930156818793,0.0,0.08835930156818793,0.08835930156818793,0.08835930156818793,0.08835930156818793,0.08835930156818793
football_player_position,missing_not_at_random,15,k_nearest_neighbors_imputation,1,0.49940383700382274,0.0,0.49940383700382274,0.49940383700382274,0.49940383700382274,0.49940383700382274,0.49940383700382274,0.1721642968763047,0.0,0.1721642968763047,0.1721642968763047,0.1721642968763047,0.1721642968763047,0.1721642968763047
football_player_position,missing_not_at_random,20,k_nearest_neighbors_imputation,1,0.5505856343323673,0.0,0.5505856343323673,0.5505856343323673,0.5505856343323673,0.5505856343323673,0.5505856343323673,0.20265255755899103,0.0,0.20265255755899103,0.20265255755899103,0.20265255755899103,0.20265255755899103,0.20265255755899103
football_player_position,missing_not_at_random,30,k_nearest_neighbors_imputation,1,0.8784198845545051,0.0,0.8784198845545051,0.8784198845545051,0.8784198845545051,0.8784198845545051,0.8784198845545051,0.4467601203458436,0.0,0.4467601203458436,0.4467601203458436,0.4467601203458436,0.4467601203458436,0.4467601203458436
football_player_position,missing_not_at_random,25,constant_imputation,1,0.38672656117784504,0.0,0.38672656117784504,0.38672656117784504,0.38672656117784504,0.38672656117784504,0.38672656117784504,0.1494899548161412,0.0,0.1494899548161412,0.1494899548161412,0.1494899548161412,0.1494899548161412,0.1494899548161412
football_player_position,missing_not_at_random,25,mean_imputation,1,0.7080700299673649,0.0,0.7080700299673649,0.7080700299673649,0.7080700299673649,0.7080700299673649,0.7080700299673649,0.32237829182825645,0.0,0.32237829182825645,0.32237829182825645,0.32237829182825645,0.32237829182825645,0.32237829182825645
football_player_position,missing_not_at_random,25,median_imputation,1,0.6187750794719777,0.0,0.6187750794719777,0.6187750794719777,0.6187750794719777,0.6187750794719777,0.6187750794719777,0.2695708359973527,0.0,0.2695708359973527,0.2695708359973527,0.2695708359973527,0.2695708359973527,0.2695708359973527
football_player_position,missing_not_at_random,25,k_nearest_neighbors_imputation,1,0.6389336428735212,0.0,0.6389336428735212,0.6389336428735212,0.6389336428735212,0.6389336428735212,0.6389336428735212,0.27411282384192387,0.0,0.27411282384192387,0.27411282384192387,0.27411282384192387,0.27411282384192387,0.27411282384192387
football_player_position,missing_not_at_random,25,mice_imputation,1,0.8152637010831394,0.0,0.8152637010831394,0.8152637010831394,0.8152637010831394,0.8152637010831394,0.8152637010831394,0.2789561797795869,0.0,0.2789561797795869,0.2789561797795869,0.2789561797795869,0.2789561797795869,0.2789561797795869
football_player_position,missing_not_at_random,25,random_forest_imputation,1,0.8204735292910473,0.0,0.8204735292910473,0.8204735292910473,0.8204735292910473,0.8204735292910473,0.8204735292910473,0.29959039295511786,0.0,0.29959039295511786,0.29959039295511786,0.29959039295511786,0.29959039295511786,0.29959039295511786
football_player_position,missing_not_at_random,25,gain_imputation,1,0.7190404295049913,0.0,0.7190404295049913,0.7190404295049913,0.7190404295049913,0.7190404295049913,0.7190404295049913,0.2917919362943261,0.0,0.2917919362943261,0.2917919362943261,0.2917919362943261,0.2917919362943261,0.2917919362943261
football_player_position,missing_not_at_random,25,tabcsdi_imputation,1,0.8030353860870758,0.0,0.8030353860870758,0.8030353860870758,0.8030353860870758,0.8030353860870758,0.8030353860870758,0.28941033558942,0.0,0.28941033558942,0.28941033558942,0.28941033558942,0.28941033558942,0.28941033558942
football_player_position,missing_not_at_random,25,otimpute_imputation,1,0.6170253722173894,0.0,0.6170253722173894,0.6170253722173894,0.6170253722173894,0.6170253722173894,0.6170253722173894,0.26879682776494734,0.0,0.26879682776494734,0.26879682776494734,0.26879682776494734,0.26879682776494734,0.26879682776494734
football_player_position,missing_not_at_random,40,k_nearest_neighbors_imputation,1,1.2441517051139959,0.0,1.2441517051139959,1.2441517051139959,1.2441517051139959,1.2441517051139959,1.2441517051139959,0.7152629319881364,0.0,0.7152629319881364,0.7152629319881364,0.7152629319881364,0.7152629319881364,0.7152629319881364
indian_stock_market,missing_completely_at_random,1,k_nearest_neighbors_imputation,1,0.023082305586593035,0.0,0.023082305586593035,0.023082305586593035,0.023082305586593035,0.023082305586593035,0.023082305586593035,0.001260694109524592,0.0,0.001260694109524592,0.001260694109524592,0.001260694109524592,0.001260694109524592,0.001260694109524592
indian_stock_market,missing_completely_at_random,2,k_nearest_neighbors_imputation,1,0.031430348490116986,0.0,0.031430348490116986,0.031430348490116986,0.031430348490116986,0.031430348490116986,0.031430348490116986,0.0025168079477995483,0.0,0.0025168079477995483,0.0025168079477995483,0.0025168079477995483,0.0025168079477995483,0.0025168079477995483
indian_stock_market,missing_completely_at_random,3,k_nearest_neighbors_imputation,1,0.04637842912584737,0.0,0.04637842912584737,0.04637842912584737,0.04637842912584737,0.04637842912584737,0.04637842912584737,0.004073091825539165,0.0,0.004073091825539165,0.004073091825539165,0.004073091825539165,0.004073091825539165,0.004073091825539165
indian_stock_market,missing_completely_at_random,4,k_nearest_neighbors_imputation,1,0.062272562553522176,0.0,0.062272562553522176,0.062272562553522176,0.062272562553522176,0.062272562553522176,0.062272562553522176,0.005604615374736348,0.0,0.005604615374736348,0.005604615374736348,0.005604615374736348,0.005604615374736348,0.005604615374736348
indian_stock_market,missing_completely_at_random,5,constant_imputation,1,0.22880077245341068,0.0,0.22880077245341068,0.22880077245341068,0.22880077245341068,0.22880077245341068,0.22880077245341068,0.040024564352903365,0.0,0.040024564352903365,0.040024564352903365,0.040024564352903365,0.040024564352903365,0.040024564352903365
indian_stock_market,missing_completely_at_random,5,mean_imputation,1,0.2288656222545819,0.0,0.2288656222545819,0.2288656222545819,0.2288656222545819,0.2288656222545819,0.2288656222545819,0.04003853032405749,0.0,0.04003853032405749,0.04003853032405749,0.04003853032405749,0.04003853032405749,0.04003853032405749
indian_stock_market,missing_completely_at_random,5,median_imputation,1,0.23559141771863493,0.0,0.23559141771863493,0.23559141771863493,0.23559141771863493,0.23559141771863493,0.23559141771863493,0.03807014816015132,0.0,0.03807014816015132,0.03807014816015132,0.03807014816015132,0.03807014816015132,0.03807014816015132
indian_stock_market,missing_completely_at_random,5,k_nearest_neighbors_imputation,1,0.06584901255124789,0.0,0.06584901255124789,0.06584901255124789,0.06584901255124789,0.06584901255124789,0.06584901255124789,0.006856224556980888,0.0,0.006856224556980888,0.006856224556980888,0.006856224556980888,0.006856224556980888,0.006856224556980888
indian_stock_market,missing_completely_at_random,5,mice_imputation,9,0.10267179398364339,0.05493699739024837,0.12608938330628075,0.07523760434843338,0.14716500544134006,0.06044347959777232,0.14490010836951445,0.01151403151314513,0.00684012079222853,0.0146454257977939,0.006862129235888013,0.01636099122747973,0.006256249235753468,0.016771813790536792
indian_stock_market,missing_completely_at_random,5,random_forest_imputation,9,0.038353274813452604,0.028786787819566662,0.03622847396973897,0.013547864598194145,0.061930468674499986,0.01622579089639739,0.060480758730507816,0.003240636473363187,0.002348176658872241,0.002662851030827184,0.0011586523872686725,0.005845743927338679,0.001435668111513424,0.00504560483521295
indian_stock_market,missing_completely_at_random,5,gain_imputation,9,0.1752533081328415,0.09361477996645455,0.22151525740302713,0.06907541711155996,0.2588335979710379,0.10329461822655074,0.2472119980391323,0.023497743355336245,0.013127532754978067,0.030650820267896017,0.008787196308181271,0.034627179901108224,0.013407028416000392,0.033588458294672094
indian_stock_market,missing_completely_at_random,5,tabcsdi_imputation,9,0.09187692372166276,0.05101574338669803,0.09637728855877081,0.05879941361812864,0.1359013025621902,0.05266275198491601,0.1310910954584095,0.010483856149163697,0.005844772141379418,0.010603815991343765,0.006234976517183924,0.015149580442506022,0.005991166573381348,0.014976545724946045
indian_stock_market,missing_completely_at_random,5,otimpute_imputation,9,0.11360592276306096,0.02880124142990045,0.1157559349630493,0.09363772022786118,0.13448339162834227,0.0914673288176063,0.13574451670851562,0.01629030786696631,0.002906831384412354,0.016326317906320897,0.01422696573852048,0.018772547448135935,0.014055919469367599,0.018524696264565023
indian_stock_market,missing_completely_at_random,6,k_nearest_neighbors_imputation,1,0.07200543856167328,0.0,0.07200543856167328,0.07200543856167328,0.07200543856167328,0.07200543856167328,0.07200543856167328,0.008399812364231443,0.0,0.008399812364231443,0.008399812364231443,0.008399812364231443,0.008399812364231443,0.008399812364231443
indian_stock_market,missing_completely_at_random,8,k_nearest_neighbors_imputation,1,0.0819024626192042,0.0,0.0819024626192042,0.0819024626192042,0.0819024626192042,0.0819024626192042,0.0819024626192042,0.011237435068052195,0.0,0.011237435068052195,0.011237435068052195,0.011237435068052195,0.011237435068052195,0.011237435068052195
indian_stock_market,missing_completely_at_random,10,constant_imputation,1,0.3160588814485666,0.0,0.3160588814485666,0.3160588814485666,0.3160588814485666,0.3160588814485666,0.3160588814485666,0.07865663495049884,0.0,0.07865663495049884,0.07865663495049884,0.07865663495049884,0.07865663495049884,0.07865663495049884
indian_stock_market,missing_completely_at_random,10,mean_imputation,1,0.3160786843791058,0.0,0.3160786843791058,0.3160786843791058,0.3160786843791058,0.3160786843791058,0.3160786843791058,0.07871168883773355,0.0,0.07871168883773355,0.07871168883773355,0.07871168883773355,0.07871168883773355,0.07871168883773355
indian_stock_market,missing_completely_at_random,10,median_imputation,1,0.326478454288725,0.0,0.326478454288725,0.326478454288725,0.326478454288725,0.326478454288725,0.326478454288725,0.075106967047893,0.0,0.075106967047893,0.075106967047893,0.075106967047893,0.075106967047893,0.075106967047893
indian_stock_market,missing_completely_at_random,10,k_nearest_neighbors_imputation,1,0.09048525108967484,0.0,0.09048525108967484,0.09048525108967484,0.09048525108967484,0.09048525108967484,0.09048525108967484,0.014215619380062456,0.0,0.014215619380062456,0.014215619380062456,0.014215619380062456,0.014215619380062456,0.014215619380062456
indian_stock_market,missing_completely_at_random,10,mice_imputation,9,0.14251538168187103,0.0709037895403163,0.16802840160778854,0.10874207853181833,0.20261571474148501,0.08801390438799928,0.19701685897574278,0.02282266055821304,0.013509961812185396,0.027491056660525457,0.014153800313572475,0.03105238586050242,0.01243798462309641,0.03320733649332967
indian_stock_market,missing_completely_at_random,10,random_forest_imputation,9,0.05653472738446102,0.03911579860276217,0.04975536625101393,0.021021210518228247,0.09207581992343418,0.026467662941200055,0.08660179182772199,0.006697686848372236,0.0047365893841474676,0.0054491524648311454,0.0023926383135865702,0.011817482405838239,0.0030568219461694977,0.010338551750574973
indian_stock_market,missing_completely_at_random,10,gain_imputation,9,0.22803998072370624,0.11940125984664286,0.25549627861210134,0.0957348602123819,0.31708919052325685,0.13626004773872438,0.3198199137086881,0.04246055997496603,0.021903943200036035,0.04753204538685241,0.02243137750429001,0.05909251760214286,0.025623698776112612,0.059297421173819455
indian_stock_market,missing_completely_at_random,10,tabcsdi_imputation,9,0.13150446765578377,0.06933435111074036,0.14703770093052276,0.08326829233530111,0.19438122748458014,0.07820936753142883,0.18479956778013873,0.021402131250049552,0.011289546119585055,0.022786216848557143,0.01298864657044789,0.029772727553236122,0.012724217904602458,0.030080044595496645
indian_stock_market,missing_completely_at_random,10,otimpute_imputation,9,0.16772539481798557,0.03673791313073111,0.17694738884295969,0.14441136359420448,0.2004925964754365,0.13948613495190645,0.19596465468406468,0.03450483426112496,0.005683649798055368,0.03529169318900666,0.030808822471446257,0.037668544757619105,0.030135994282002292,0.038873674240247624
indian_stock_market,missing_completely_at_random,15,k_nearest_neighbors_imputation,1,0.11841415188613942,0.0,0.11841415188613942,0.11841415188613942,0.11841415188613942,0.11841415188613942,0.11841415188613942,0.022797456252216155,0.0,0.022797456252216155,0.022797456252216155,0.022797456252216155,0.022797456252216155,0.022797456252216155
indian_stock_market,missing_completely_at_random,25,constant_imputation,1,0.49359582546500014,0.0,0.49359582546500014,0.49359582546500014,0.49359582546500014,0.49359582546500014,0.49359582546500014,0.19578755515096632,0.0,0.19578755515096632,0.19578755515096632,0.19578755515096632,0.19578755515096632,0.19578755515096632
indian_stock_market,missing_completely_at_random,25,mean_imputation,1,0.49366478304681266,0.0,0.49366478304681266,0.49366478304681266,0.49366478304681266,0.49366478304681266,0.49366478304681266,0.19610755498265428,0.0,0.19610755498265428,0.19610755498265428,0.19610755498265428,0.19610755498265428,0.19610755498265428
indian_stock_market,missing_completely_at_random,25,median_imputation,1,0.5119218624748803,0.0,0.5119218624748803,0.5119218624748803,0.5119218624748803,0.5119218624748803,0.5119218624748803,0.1877371393275295,0.0,0.1877371393275295,0.1877371393275295,0.1877371393275295,0.1877371393275295,0.1877371393275295
indian_stock_market,missing_completely_at_random,25,k_nearest_neighbors_imputation,1,0.1553312913710892,0.0,0.1553312913710892,0.1553312913710892,0.1553312913710892,0.1553312913710892,0.1553312913710892,0.04102342493438399,0.0,0.04102342493438399,0.04102342493438399,0.04102342493438399,0.04102342493438399,0.04102342493438399
indian_stock_market,missing_completely_at_random,25,mice_imputation,9,0.23727587231492508,0.10440409190810601,0.2729090517997599,0.17662878690220146,0.318019197879822,0.15702378309081566,0.3175279615390345,0.06180986120977421,0.03337446217451573,0.07152779683132168,0.03833921214789283,0.08007457688563978,0.03615597861489145,0.08746374380465698
indian_stock_market,missing_completely_at_random,25,random_forest_imputation,9,0.09270299891330264,0.05890222160854714,0.08838984904653671,0.038095776051342574,0.1470559031091008,0.04742674337929534,0.13797925444730993,0.018935674508731674,0.012212580558831336,0.01641342769497179,0.007364883478196417,0.030524535684450047,0.009548254085338654,0.028323094932124697
indian_stock_market,missing_completely_at_random,25,gain_imputation,9,0.3951458392728349,0.1822772483228131,0.4464160120144017,0.2466059738374894,0.530063923575973,0.2550351431441537,0.5352565354015162,0.11453741591276526,0.054137789577338856,0.12288731257171445,0.06358136597753682,0.16221495875255282,0.07292342703404646,0.15615140479148404
indian_stock_market,missing_completely_at_random,25,tabcsdi_imputation,9,0.2513559864034103,0.11270657650303806,0.28578970636704387,0.17045863403752287,0.334213943980037,0.1647220425765068,0.33798993023031376,0.06696653812629755,0.032616212576637035,0.07432908411127025,0.04039554800140331,0.08447652935990575,0.04189549776748984,0.09203757848510526
indian_stock_market,missing_completely_at_random,25,otimpute_imputation,9,0.29572774236864807,0.043981775121908546,0.31406397790498564,0.26441161846265226,0.3322644557275092,0.2619203572670678,0.32953512747022834,0.10190989714109565,0.010291618151877933,0.10199978163435677,0.09523149144601438,0.10545017603103155,0.09399905913570472,0.10982073514648658
indian_stock_market,missing_completely_at_random,20,k_nearest_neighbors_imputation,1,0.1373320510986399,0.0,0.1373320510986399,0.1373320510986399,0.1373320510986399,0.1373320510986399,0.1373320510986399,0.03120477326226327,0.0,0.03120477326226327,0.03120477326226327,0.03120477326226327,0.03120477326226327,0.03120477326226327
indian_stock_market,missing_completely_at_random,30,k_nearest_neighbors_imputation,1,0.17804534303349934,0.0,0.17804534303349934,0.17804534303349934,0.17804534303349934,0.17804534303349934,0.17804534303349934,0.05326204581521481,0.0,0.05326204581521481,0.05326204581521481,0.05326204581521481,0.05326204581521481,0.05326204581521481
indian_stock_market,missing_completely_at_random,40,k_nearest_neighbors_imputation,1,0.25767106880546514,0.0,0.25767106880546514,0.25767106880546514,0.25767106880546514,0.25767106880546514,0.25767106880546514,0.09494903087173703,0.0,0.09494903087173703,0.09494903087173703,0.09494903087173703,0.09494903087173703,0.09494903087173703
indian_stock_market,missing_at_random,1,k_nearest_neighbors_imputation,1,0.06300374501886113,0.0,0.06300374501886113,0.06300374501886113,0.06300374501886113,0.06300374501886113,0.06300374501886113,0.004293305828587258,0.0,0.004293305828587258,0.004293305828587258,0.004293305828587258,0.004293305828587258,0.004293305828587258
indian_stock_market,missing_at_random,4,k_nearest_neighbors_imputation,1,0.16062596081449607,0.0,0.16062596081449607,0.16062596081449607,0.16062596081449607,0.16062596081449607,0.16062596081449607,0.022521158806727865,0.0,0.022521158806727865,0.022521158806727865,0.022521158806727865,0.022521158806727865,0.022521158806727865
indian_stock_market,missing_at_random,2,k_nearest_neighbors_imputation,1,0.12569921380257493,0.0,0.12569921380257493,0.12569921380257493,0.12569921380257493,0.12569921380257493,0.12569921380257493,0.011871198892374167,0.0,0.011871198892374167,0.011871198892374167,0.011871198892374167,0.011871198892374167,0.011871198892374167
indian_stock_market,missing_at_random,3,k_nearest_neighbors_imputation,1,0.14473316059162994,0.0,0.14473316059162994,0.14473316059162994,0.14473316059162994,0.14473316059162994,0.14473316059162994,0.017336387357840106,0.0,0.017336387357840106,0.017336387357840106,0.017336387357840106,0.017336387357840106,0.017336387357840106
indian_stock_market,missing_at_random,5,constant_imputation,1,0.3259125456933488,0.0,0.3259125456933488,0.3259125456933488,0.3259125456933488,0.3259125456933488,0.3259125456933488,0.06352051290791645,0.0,0.06352051290791645,0.06352051290791645,0.06352051290791645,0.06352051290791645,0.06352051290791645
indian_stock_market,missing_at_random,5,mean_imputation,1,0.35636819146989684,0.0,0.35636819146989684,0.35636819146989684,0.35636819146989684,0.35636819146989684,0.35636819146989684,0.06987579991679346,0.0,0.06987579991679346,0.06987579991679346,0.06987579991679346,0.06987579991679346,0.06987579991679346
indian_stock_market,missing_at_random,5,median_imputation,1,0.3191229511948175,0.0,0.3191229511948175,0.3191229511948175,0.3191229511948175,0.3191229511948175,0.3191229511948175,0.06043775027245334,0.0,0.06043775027245334,0.06043775027245334,0.06043775027245334,0.06043775027245334,0.06043775027245334
indian_stock_market,missing_at_random,5,k_nearest_neighbors_imputation,1,0.17361860251121305,0.0,0.17361860251121305,0.17361860251121305,0.17361860251121305,0.17361860251121305,0.17361860251121305,0.027247904861381775,0.0,0.027247904861381775,0.027247904861381775,0.027247904861381775,0.027247904861381775,0.027247904861381775
indian_stock_market,missing_at_random,5,mice_imputation,1,0.19140700617386994,0.0,0.19140700617386994,0.19140700617386994,0.19140700617386994,0.19140700617386994,0.19140700617386994,0.02803681986741939,0.0,0.02803681986741939,0.02803681986741939,0.02803681986741939,0.02803681986741939,0.02803681986741939
indian_stock_market,missing_at_random,5,random_forest_imputation,1,0.14677724436996498,0.0,0.14677724436996498,0.14677724436996498,0.14677724436996498,0.14677724436996498,0.14677724436996498,0.020032461016785283,0.0,0.020032461016785283,0.020032461016785283,0.020032461016785283,0.020032461016785283,0.020032461016785283
indian_stock_market,missing_at_random,5,gain_imputation,1,0.3298258645365639,0.0,0.3298258645365639,0.3298258645365639,0.3298258645365639,0.3298258645365639,0.3298258645365639,0.04418666572074819,0.0,0.04418666572074819,0.04418666572074819,0.04418666572074819,0.04418666572074819,0.04418666572074819
indian_stock_market,missing_at_random,5,tabcsdi_imputation,1,0.24032104035748236,0.0,0.24032104035748236,0.24032104035748236,0.24032104035748236,0.24032104035748236,0.24032104035748236,0.02891971838404245,0.0,0.02891971838404245,0.02891971838404245,0.02891971838404245,0.02891971838404245,0.02891971838404245
indian_stock_market,missing_at_random,5,otimpute_imputation,1,0.28380274253749477,0.0,0.28380274253749477,0.28380274253749477,0.28380274253749477,0.28380274253749477,0.28380274253749477,0.05253319565480525,0.0,0.05253319565480525,0.05253319565480525,0.05253319565480525,0.05253319565480525,0.05253319565480525
indian_stock_market,missing_at_random,6,k_nearest_neighbors_imputation,1,0.1851052575255789,0.0,0.1851052575255789,0.1851052575255789,0.1851052575255789,0.1851052575255789,0.1851052575255789,0.031723265350940694,0.0,0.031723265350940694,0.031723265350940694,0.031723265350940694,0.031723265350940694,0.031723265350940694
indian_stock_market,missing_at_random,8,k_nearest_neighbors_imputation,1,0.19975289234722723,0.0,0.19975289234722723,0.19975289234722723,0.19975289234722723,0.19975289234722723,0.19975289234722723,0.039271476706839704,0.0,0.039271476706839704,0.039271476706839704,0.039271476706839704,0.039271476706839704,0.039271476706839704
indian_stock_market,missing_at_random,15,k_nearest_neighbors_imputation,1,0.3115929083115085,0.0,0.3115929083115085,0.3115929083115085,0.3115929083115085,0.3115929083115085,0.3115929083115085,0.08687227651828283,0.0,0.08687227651828283,0.08687227651828283,0.08687227651828283,0.08687227651828283,0.08687227651828283
indian_stock_market,missing_at_random,20,k_nearest_neighbors_imputation,1,0.43165404332650514,0.0,0.43165404332650514,0.43165404332650514,0.43165404332650514,0.43165404332650514,0.43165404332650514,0.1352838839736444,0.0,0.1352838839736444,0.1352838839736444,0.1352838839736444,0.1352838839736444,0.1352838839736444
indian_stock_market,missing_at_random,10,constant_imputation,1,0.3798484975770986,0.0,0.3798484975770986,0.3798484975770986,0.3798484975770986,0.3798484975770986,0.3798484975770986,0.10369544921668307,0.0,0.10369544921668307,0.10369544921668307,0.10369544921668307,0.10369544921668307,0.10369544921668307
indian_stock_market,missing_at_random,10,mean_imputation,1,0.4556563439702373,0.0,0.4556563439702373,0.4556563439702373,0.4556563439702373,0.4556563439702373,0.4556563439702373,0.12663712661146415,0.0,0.12663712661146415,0.12663712661146415,0.12663712661146415,0.12663712661146415,0.12663712661146415
indian_stock_market,missing_at_random,10,median_imputation,1,0.43745281085063453,0.0,0.43745281085063453,0.43745281085063453,0.43745281085063453,0.43745281085063453,0.43745281085063453,0.12029131386754026,0.0,0.12029131386754026,0.12029131386754026,0.12029131386754026,0.12029131386754026,0.12029131386754026
indian_stock_market,missing_at_random,10,k_nearest_neighbors_imputation,1,0.22129553558645726,0.0,0.22129553558645726,0.22129553558645726,0.22129553558645726,0.22129553558645726,0.22129553558645726,0.050688165276744156,0.0,0.050688165276744156,0.050688165276744156,0.050688165276744156,0.050688165276744156,0.050688165276744156
indian_stock_market,missing_at_random,10,mice_imputation,1,0.23593241096730708,0.0,0.23593241096730708,0.23593241096730708,0.23593241096730708,0.23593241096730708,0.23593241096730708,0.05330931145678898,0.0,0.05330931145678898,0.05330931145678898,0.05330931145678898,0.05330931145678898,0.05330931145678898
indian_stock_market,missing_at_random,10,random_forest_imputation,1,0.17470444680203936,0.0,0.17470444680203936,0.17470444680203936,0.17470444680203936,0.17470444680203936,0.17470444680203936,0.038665774542946424,0.0,0.038665774542946424,0.038665774542946424,0.038665774542946424,0.038665774542946424,0.038665774542946424
indian_stock_market,missing_at_random,10,gain_imputation,1,0.41038951691649167,0.0,0.41038951691649167,0.41038951691649167,0.41038951691649167,0.41038951691649167,0.41038951691649167,0.0946271052943007,0.0,0.0946271052943007,0.0946271052943007,0.0946271052943007,0.0946271052943007,0.0946271052943007
indian_stock_market,missing_at_random,10,tabcsdi_imputation,1,0.3407577332692156,0.0,0.3407577332692156,0.3407577332692156,0.3407577332692156,0.3407577332692156,0.3407577332692156,0.05409022719539028,0.0,0.05409022719539028,0.05409022719539028,0.05409022719539028,0.05409022719539028,0.05409022719539028
indian_stock_market,missing_at_random,10,otimpute_imputation,1,0.3810522828947666,0.0,0.3810522828947666,0.3810522828947666,0.3810522828947666,0.3810522828947666,0.3810522828947666,0.10124872663074443,0.0,0.10124872663074443,0.10124872663074443,0.10124872663074443,0.10124872663074443,0.10124872663074443
indian_stock_market,missing_at_random,25,constant_imputation,1,0.48046561437283475,0.0,0.48046561437283475,0.48046561437283475,0.48046561437283475,0.48046561437283475,0.48046561437283475,0.19343367813788181,0.0,0.19343367813788181,0.19343367813788181,0.19343367813788181,0.19343367813788181,0.19343367813788181
indian_stock_market,missing_at_random,25,mean_imputation,1,0.7342392130157482,0.0,0.7342392130157482,0.7342392130157482,0.7342392130157482,0.7342392130157482,0.7342392130157482,0.31493062838425123,0.0,0.31493062838425123,0.31493062838425123,0.31493062838425123,0.31493062838425123,0.31493062838425123
indian_stock_market,missing_at_random,25,median_imputation,1,0.6919009351995632,0.0,0.6919009351995632,0.6919009351995632,0.6919009351995632,0.6919009351995632,0.6919009351995632,0.29309479708670383,0.0,0.29309479708670383,0.29309479708670383,0.29309479708670383,0.29309479708670383,0.29309479708670383
indian_stock_market,missing_at_random,25,k_nearest_neighbors_imputation,1,0.5265148966100464,0.0,0.5265148966100464,0.5265148966100464,0.5265148966100464,0.5265148966100464,0.5265148966100464,0.18503352635413062,0.0,0.18503352635413062,0.18503352635413062,0.18503352635413062,0.18503352635413062,0.18503352635413062
indian_stock_market,missing_at_random,25,mice_imputation,1,0.44104677094426453,0.0,0.44104677094426453,0.44104677094426453,0.44104677094426453,0.44104677094426453,0.44104677094426453,0.1607025932466124,0.0,0.1607025932466124,0.1607025932466124,0.1607025932466124,0.1607025932466124,0.1607025932466124
indian_stock_market,missing_at_random,25,random_forest_imputation,1,0.4684606993357566,0.0,0.4684606993357566,0.4684606993357566,0.4684606993357566,0.4684606993357566,0.4684606993357566,0.16187086937197287,0.0,0.16187086937197287,0.16187086937197287,0.16187086937197287,0.16187086937197287,0.16187086937197287
indian_stock_market,missing_at_random,25,gain_imputation,1,0.6109859335313361,0.0,0.6109859335313361,0.6109859335313361,0.6109859335313361,0.6109859335313361,0.6109859335313361,0.2241946838130726,0.0,0.2241946838130726,0.2241946838130726,0.2241946838130726,0.2241946838130726,0.2241946838130726
indian_stock_market,missing_at_random,25,tabcsdi_imputation,1,0.6239636319420593,0.0,0.6239636319420593,0.6239636319420593,0.6239636319420593,0.6239636319420593,0.6239636319420593,0.17838058998106746,0.0,0.17838058998106746,0.17838058998106746,0.17838058998106746,0.17838058998106746,0.17838058998106746
indian_stock_market,missing_at_random,25,otimpute_imputation,1,0.6841094276202606,0.0,0.6841094276202606,0.6841094276202606,0.6841094276202606,0.6841094276202606,0.6841094276202606,0.289001665628102,0.0,0.289001665628102,0.289001665628102,0.289001665628102,0.289001665628102,0.289001665628102
indian_stock_market,missing_at_random,40,k_nearest_neighbors_imputation,1,0.9895765270024054,0.0,0.9895765270024054,0.9895765270024054,0.9895765270024054,0.9895765270024054,0.9895765270024054,0.5158212438070054,0.0,0.5158212438070054,0.5158212438070054,0.5158212438070054,0.5158212438070054,0.5158212438070054
indian_stock_market,missing_at_random,30,k_nearest_neighbors_imputation,1,0.7078576093746646,0.0,0.7078576093746646,0.7078576093746646,0.7078576093746646,0.7078576093746646,0.7078576093746646,0.31467725547518854,0.0,0.31467725547518854,0.31467725547518854,0.31467725547518854,0.31467725547518854,0.31467725547518854
indian_stock_market,missing_not_at_random,2,k_nearest_neighbors_imputation,1,0.05727035070714786,0.0,0.05727035070714786,0.05727035070714786,0.05727035070714786,0.05727035070714786,0.05727035070714786,0.006385308514156298,0.0,0.006385308514156298,0.006385308514156298,0.006385308514156298,0.006385308514156298,0.006385308514156298
indian_stock_market,missing_not_at_random,1,k_nearest_neighbors_imputation,1,0.0406122536895382,0.0,0.0406122536895382,0.0406122536895382,0.0406122536895382,0.0406122536895382,0.0406122536895382,0.0024219159670368267,0.0,0.0024219159670368267,0.0024219159670368267,0.0024219159670368267,0.0024219159670368267,0.0024219159670368267
indian_stock_market,missing_not_at_random,3,k_nearest_neighbors_imputation,1,0.08101244578930021,0.0,0.08101244578930021,0.08101244578930021,0.08101244578930021,0.08101244578930021,0.08101244578930021,0.011787585059125498,0.0,0.011787585059125498,0.011787585059125498,0.011787585059125498,0.011787585059125498,0.011787585059125498
indian_stock_market,missing_not_at_random,4,k_nearest_neighbors_imputation,1,0.13974690907971418,0.0,0.13974690907971418,0.13974690907971418,0.13974690907971418,0.13974690907971418,0.13974690907971418,0.023050985205923826,0.0,0.023050985205923826,0.023050985205923826,0.023050985205923826,0.023050985205923826,0.023050985205923826
indian_stock_market,missing_not_at_random,5,constant_imputation,1,0.2958191649288431,0.0,0.2958191649288431,0.2958191649288431,0.2958191649288431,0.2958191649288431,0.2958191649288431,0.06537671551617807,0.0,0.06537671551617807,0.06537671551617807,0.06537671551617807,0.06537671551617807,0.06537671551617807
indian_stock_market,missing_not_at_random,5,mean_imputation,1,0.32843729052634296,0.0,0.32843729052634296,0.32843729052634296,0.32843729052634296,0.32843729052634296,0.32843729052634296,0.07264309523314404,0.0,0.07264309523314404,0.07264309523314404,0.07264309523314404,0.07264309523314404,0.07264309523314404
indian_stock_market,missing_not_at_random,5,median_imputation,1,0.24400437889534435,0.0,0.24400437889534435,0.24400437889534435,0.24400437889534435,0.24400437889534435,0.24400437889534435,0.05382780296333912,0.0,0.05382780296333912,0.05382780296333912,0.05382780296333912,0.05382780296333912,0.05382780296333912
indian_stock_market,missing_not_at_random,5,k_nearest_neighbors_imputation,1,0.12114015367831449,0.0,0.12114015367831449,0.12114015367831449,0.12114015367831449,0.12114015367831449,0.12114015367831449,0.02342818578551419,0.0,0.02342818578551419,0.02342818578551419,0.02342818578551419,0.02342818578551419,0.02342818578551419
indian_stock_market,missing_not_at_random,5,mice_imputation,1,0.10667933653806785,0.0,0.10667933653806785,0.10667933653806785,0.10667933653806785,0.10667933653806785,0.10667933653806785,0.018082176524450135,0.0,0.018082176524450135,0.018082176524450135,0.018082176524450135,0.018082176524450135,0.018082176524450135
indian_stock_market,missing_not_at_random,5,random_forest_imputation,1,0.08395099421560745,0.0,0.08395099421560745,0.08395099421560745,0.08395099421560745,0.08395099421560745,0.08395099421560745,0.014974885423581852,0.0,0.014974885423581852,0.014974885423581852,0.014974885423581852,0.014974885423581852,0.014974885423581852
indian_stock_market,missing_not_at_random,5,gain_imputation,1,0.1346625123197532,0.0,0.1346625123197532,0.1346625123197532,0.1346625123197532,0.1346625123197532,0.1346625123197532,0.02012291075965287,0.0,0.02012291075965287,0.02012291075965287,0.02012291075965287,0.02012291075965287,0.02012291075965287
indian_stock_market,missing_not_at_random,5,tabcsdi_imputation,1,0.10886460528187818,0.0,0.10886460528187818,0.10886460528187818,0.10886460528187818,0.10886460528187818,0.10886460528187818,0.01374041076729772,0.0,0.01374041076729772,0.01374041076729772,0.01374041076729772,0.01374041076729772,0.01374041076729772
indian_stock_market,missing_not_at_random,5,otimpute_imputation,1,0.2233303723418543,0.0,0.2233303723418543,0.2233303723418543,0.2233303723418543,0.2233303723418543,0.2233303723418543,0.047755207418657804,0.0,0.047755207418657804,0.047755207418657804,0.047755207418657804,0.047755207418657804,0.047755207418657804
indian_stock_market,missing_not_at_random,6,k_nearest_neighbors_imputation,1,0.1329264104970186,0.0,0.1329264104970186,0.1329264104970186,0.1329264104970186,0.1329264104970186,0.1329264104970186,0.0288472008132152,0.0,0.0288472008132152,0.0288472008132152,0.0288472008132152,0.0288472008132152,0.0288472008132152
indian_stock_market,missing_not_at_random,15,k_nearest_neighbors_imputation,1,0.31246840999889286,0.0,0.31246840999889286,0.31246840999889286,0.31246840999889286,0.31246840999889286,0.31246840999889286,0.09738025178778688,0.0,0.09738025178778688,0.09738025178778688,0.09738025178778688,0.09738025178778688,0.09738025178778688
indian_stock_market,missing_not_at_random,8,k_nearest_neighbors_imputation,1,0.20093533548546513,0.0,0.20093533548546513,0.20093533548546513,0.20093533548546513,0.20093533548546513,0.20093533548546513,0.043268440901840996,0.0,0.043268440901840996,0.043268440901840996,0.043268440901840996,0.043268440901840996,0.043268440901840996
indian_stock_market,missing_not_at_random,10,constant_imputation,1,0.3644469001981212,0.0,0.3644469001981212,0.3644469001981212,0.3644469001981212,0.3644469001981212,0.3644469001981212,0.11247404632717801,0.0,0.11247404632717801,0.11247404632717801,0.11247404632717801,0.11247404632717801,0.11247404632717801
indian_stock_market,missing_not_at_random,10,mean_imputation,1,0.452790929772656,0.0,0.452790929772656,0.452790929772656,0.452790929772656,0.452790929772656,0.452790929772656,0.1406025751913316,0.0,0.1406025751913316,0.1406025751913316,0.1406025751913316,0.1406025751913316,0.1406025751913316
indian_stock_market,missing_not_at_random,10,median_imputation,1,0.41339618445152776,0.0,0.41339618445152776,0.41339618445152776,0.41339618445152776,0.41339618445152776,0.41339618445152776,0.12609642235053328,0.0,0.12609642235053328,0.12609642235053328,0.12609642235053328,0.12609642235053328,0.12609642235053328
indian_stock_market,missing_not_at_random,10,k_nearest_neighbors_imputation,1,0.1820531992012846,0.0,0.1820531992012846,0.1820531992012846,0.1820531992012846,0.1820531992012846,0.1820531992012846,0.052701022165208444,0.0,0.052701022165208444,0.052701022165208444,0.052701022165208444,0.052701022165208444,0.052701022165208444
indian_stock_market,missing_not_at_random,10,mice_imputation,1,0.1971183205156735,0.0,0.1971183205156735,0.1971183205156735,0.1971183205156735,0.1971183205156735,0.1971183205156735,0.049975146923493335,0.0,0.049975146923493335,0.049975146923493335,0.049975146923493335,0.049975146923493335,0.049975146923493335
indian_stock_market,missing_not_at_random,10,random_forest_imputation,1,0.1503497842445714,0.0,0.1503497842445714,0.1503497842445714,0.1503497842445714,0.1503497842445714,0.1503497842445714,0.040612507644667575,0.0,0.040612507644667575,0.040612507644667575,0.040612507644667575,0.040612507644667575,0.040612507644667575
indian_stock_market,missing_not_at_random,10,gain_imputation,1,0.23491398458487828,0.0,0.23491398458487828,0.23491398458487828,0.23491398458487828,0.23491398458487828,0.23491398458487828,0.06616930160100686,0.0,0.06616930160100686,0.06616930160100686,0.06616930160100686,0.06616930160100686,0.06616930160100686
indian_stock_market,missing_not_at_random,10,tabcsdi_imputation,1,0.21162261804182636,0.0,0.21162261804182636,0.21162261804182636,0.21162261804182636,0.21162261804182636,0.21162261804182636,0.04009049763104244,0.0,0.04009049763104244,0.04009049763104244,0.04009049763104244,0.04009049763104244,0.04009049763104244
indian_stock_market,missing_not_at_random,10,otimpute_imputation,1,0.3413046599805803,0.0,0.3413046599805803,0.3413046599805803,0.3413046599805803,0.3413046599805803,0.3413046599805803,0.10352326995632054,0.0,0.10352326995632054,0.10352326995632054,0.10352326995632054,0.10352326995632054,0.10352326995632054
indian_stock_market,missing_not_at_random,20,k_nearest_neighbors_imputation,1,0.3036659679013224,0.0,0.3036659679013224,0.3036659679013224,0.3036659679013224,0.3036659679013224,0.3036659679013224,0.11719499216488584,0.0,0.11719499216488584,0.11719499216488584,0.11719499216488584,0.11719499216488584,0.11719499216488584
indian_stock_market,missing_not_at_random,25,constant_imputation,1,0.4234970842580683,0.0,0.4234970842580683,0.4234970842580683,0.4234970842580683,0.4234970842580683,0.4234970842580683,0.19326391904856066,0.0,0.19326391904856066,0.19326391904856066,0.19326391904856066,0.19326391904856066,0.19326391904856066
indian_stock_market,missing_not_at_random,25,mean_imputation,1,0.7955775238014147,0.0,0.7955775238014147,0.7955775238014147,0.7955775238014147,0.7955775238014147,0.7955775238014147,0.38641771620592563,0.0,0.38641771620592563,0.38641771620592563,0.38641771620592563,0.38641771620592563,0.38641771620592563
indian_stock_market,missing_not_at_random,25,median_imputation,1,0.7153345474801134,0.0,0.7153345474801134,0.7153345474801134,0.7153345474801134,0.7153345474801134,0.7153345474801134,0.34024010476720995,0.0,0.34024010476720995,0.34024010476720995,0.34024010476720995,0.34024010476720995,0.34024010476720995
indian_stock_market,missing_not_at_random,25,k_nearest_neighbors_imputation,1,0.3924936502991904,0.0,0.3924936502991904,0.3924936502991904,0.3924936502991904,0.3924936502991904,0.3924936502991904,0.1672623612605008,0.0,0.1672623612605008,0.1672623612605008,0.1672623612605008,0.1672623612605008,0.1672623612605008
indian_stock_market,missing_not_at_random,25,mice_imputation,1,0.43306241226679315,0.0,0.43306241226679315,0.43306241226679315,0.43306241226679315,0.43306241226679315,0.43306241226679315,0.17022773151419374,0.0,0.17022773151419374,0.17022773151419374,0.17022773151419374,0.17022773151419374,0.17022773151419374
indian_stock_market,missing_not_at_random,25,random_forest_imputation,1,0.3605680667281766,0.0,0.3605680667281766,0.3605680667281766,0.3605680667281766,0.3605680667281766,0.3605680667281766,0.14672198938951345,0.0,0.14672198938951345,0.14672198938951345,0.14672198938951345,0.14672198938951345,0.14672198938951345
indian_stock_market,missing_not_at_random,25,gain_imputation,1,0.5174195955218418,0.0,0.5174195955218418,0.5174195955218418,0.5174195955218418,0.5174195955218418,0.5174195955218418,0.23024746622954667,0.0,0.23024746622954667,0.23024746622954667,0.23024746622954667,0.23024746622954667,0.23024746622954667
indian_stock_market,missing_not_at_random,25,tabcsdi_imputation,1,0.3809503608125586,0.0,0.3809503608125586,0.3809503608125586,0.3809503608125586,0.3809503608125586,0.3809503608125586,0.13200127039196133,0.0,0.13200127039196133,0.13200127039196133,0.13200127039196133,0.13200127039196133,0.13200127039196133
indian_stock_market,missing_not_at_random,25,otimpute_imputation,1,0.7017358855905822,0.0,0.7017358855905822,0.7017358855905822,0.7017358855905822,0.7017358855905822,0.7017358855905822,0.33355905772196043,0.0,0.33355905772196043,0.33355905772196043,0.33355905772196043,0.33355905772196043,0.33355905772196043
indian_stock_market,missing_not_at_random,30,k_nearest_neighbors_imputation,1,0.6233267609120151,0.0,0.6233267609120151,0.6233267609120151,0.6233267609120151,0.6233267609120151,0.6233267609120151,0.3070035642381264,0.0,0.3070035642381264,0.3070035642381264,0.3070035642381264,0.3070035642381264,0.3070035642381264
indian_stock_market,missing_not_at_random,40,k_nearest_neighbors_imputation,1,1.0277434242592973,0.0,1.0277434242592973,1.0277434242592973,1.0277434242592973,1.0277434242592973,1.0277434242592973,0.6007801443644387,0.0,0.6007801443644387,0.6007801443644387,0.6007801443644387,0.6007801443644387,0.6007801443644387
boston_weather_data,missing_completely_at_random,1,k_nearest_neighbors_imputation,1,0.033480775848026105,0.0,0.033480775848026105,0.033480775848026105,0.033480775848026105,0.033480775848026105,0.033480775848026105,0.0020295759993771804,0.0,0.0020295759993771804,0.0020295759993771804,0.0020295759993771804,0.0020295759993771804,0.0020295759993771804
boston_weather_data,missing_completely_at_random,2,k_nearest_neighbors_imputation,1,0.05113185419659237,0.0,0.05113185419659237,0.05113185419659237,0.05113185419659237,0.05113185419659237,0.05113185419659237,0.004297295152736948,0.0,0.004297295152736948,0.004297295152736948,0.004297295152736948,0.004297295152736948,0.004297295152736948
boston_weather_data,missing_completely_at_random,3,k_nearest_neighbors_imputation,1,0.07549157574317103,0.0,0.07549157574317103,0.07549157574317103,0.07549157574317103,0.07549157574317103,0.07549157574317103,0.006687708300622549,0.0,0.006687708300622549,0.006687708300622549,0.006687708300622549,0.006687708300622549,0.006687708300622549
boston_weather_data,missing_completely_at_random,4,k_nearest_neighbors_imputation,1,0.08949487495684817,0.0,0.08949487495684817,0.08949487495684817,0.08949487495684817,0.08949487495684817,0.08949487495684817,0.009056561735651928,0.0,0.009056561735651928,0.009056561735651928,0.009056561735651928,0.009056561735651928,0.009056561735651928
boston_weather_data,missing_completely_at_random,5,constant_imputation,1,0.21362108745005187,0.0,0.21362108745005187,0.21362108745005187,0.21362108745005187,0.21362108745005187,0.21362108745005187,0.03519706134093912,0.0,0.03519706134093912,0.03519706134093912,0.03519706134093912,0.03519706134093912,0.03519706134093912
boston_weather_data,missing_completely_at_random,5,mean_imputation,1,0.21371219662198457,0.0,0.21371219662198457,0.21371219662198457,0.21371219662198457,0.21371219662198457,0.21371219662198457,0.03523246454968938,0.0,0.03523246454968938,0.03523246454968938,0.03523246454968938,0.03523246454968938,0.03523246454968938
boston_weather_data,missing_completely_at_random,5,median_imputation,1,0.22312458543266903,0.0,0.22312458543266903,0.22312458543266903,0.22312458543266903,0.22312458543266903,0.22312458543266903,0.03275891430219594,0.0,0.03275891430219594,0.03275891430219594,0.03275891430219594,0.03275891430219594,0.03275891430219594
boston_weather_data,missing_completely_at_random,5,k_nearest_neighbors_imputation,1,0.09928769481404533,0.0,0.09928769481404533,0.09928769481404533,0.09928769481404533,0.09928769481404533,0.09928769481404533,0.011430232864330547,0.0,0.011430232864330547,0.011430232864330547,0.011430232864330547,0.011430232864330547,0.011430232864330547
boston_weather_data,missing_completely_at_random,5,mice_imputation,9,0.11837489358749001,0.02182604822168416,0.11475298962722304,0.10937094085042326,0.12484374717487641,0.10159790776936695,0.13515187940561307,0.00855818884298665,0.0021304153462765887,0.008438313320060793,0.006940707420007041,0.009833464515706766,0.006920606643581241,0.01019577104239206
boston_weather_data,missing_completely_at_random,5,random_forest_imputation,9,0.0865976870708755,0.01641869478754314,0.08558781188103208,0.08110047997705375,0.0904341052417325,0.07397716104596565,0.09921821309578537,0.006397283245291534,0.0012847617138379795,0.006292948286232068,0.005576663972369971,0.007295740869009881,0.00540972797033741,0.007384838520245658
boston_weather_data,missing_completely_at_random,5,gain_imputation,9,0.17541717435958848,0.04065377586463747,0.1676004272209189,0.15059831354854228,0.18359160331306498,0.1441679159410827,0.20666643277809427,0.021619338643034752,0.006462481812322064,0.01972146503540846,0.017855564795568858,0.021116919427551048,0.01665183538206929,0.026586841904000215
boston_weather_data,missing_completely_at_random,5,tabcsdi_imputation,9,0.13679273835222747,0.02620331358381502,0.1357460587489983,0.1199999689556033,0.14314458782142334,0.11665108852545115,0.15693438817900376,0.012188181959930676,0.0018112414466581362,0.012408807176204463,0.011256928889122518,0.012795215571427541,0.01079593853798173,0.013580425381879622
boston_weather_data,missing_completely_at_random,5,otimpute_imputation,9,0.13433291425486538,0.018347901729493372,0.13216273553954294,0.11853418948938747,0.1480186833286875,0.12022946850135492,0.14843636000837584,0.01565385610753724,0.001401889163571284,0.01618541945967592,0.014293137424835482,0.016536715019412097,0.01457626870477281,0.01673144351030167
boston_weather_data,missing_completely_at_random,6,k_nearest_neighbors_imputation,1,0.11872747867048015,0.0,0.11872747867048015,0.11872747867048015,0.11872747867048015,0.11872747867048015,0.11872747867048015,0.013778693541077034,0.0,0.013778693541077034,0.013778693541077034,0.013778693541077034,0.013778693541077034,0.013778693541077034
boston_weather_data,missing_completely_at_random,8,k_nearest_neighbors_imputation,1,0.1541505092940518,0.0,0.1541505092940518,0.1541505092940518,0.1541505092940518,0.1541505092940518,0.1541505092940518,0.018700064939936787,0.0,0.018700064939936787,0.018700064939936787,0.018700064939936787,0.018700064939936787,0.018700064939936787
boston_weather_data,missing_completely_at_random,10,constant_imputation,1,0.3165067897906051,0.0,0.3165067897906051,0.3165067897906051,0.3165067897906051,0.3165067897906051,0.3165067897906051,0.07115118343193508,0.0,0.07115118343193508,0.07115118343193508,0.07115118343193508,0.07115118343193508,0.07115118343193508
boston_weather_data,missing_completely_at_random,10,mean_imputation,1,0.3165948354444599,0.0,0.3165948354444599,0.3165948354444599,0.3165948354444599,0.3165948354444599,0.3165948354444599,0.07117508083888835,0.0,0.07117508083888835,0.07117508083888835,0.07117508083888835,0.07117508083888835,0.07117508083888835
boston_weather_data,missing_completely_at_random,10,median_imputation,1,0.32847740007296516,0.0,0.32847740007296516,0.32847740007296516,0.32847740007296516,0.32847740007296516,0.32847740007296516,0.06618868006588122,0.0,0.06618868006588122,0.06618868006588122,0.06618868006588122,0.06618868006588122,0.06618868006588122
boston_weather_data,missing_completely_at_random,10,k_nearest_neighbors_imputation,1,0.1694359954635931,0.0,0.1694359954635931,0.1694359954635931,0.1694359954635931,0.1694359954635931,0.1694359954635931,0.02414574328028118,0.0,0.02414574328028118,0.02414574328028118,0.02414574328028118,0.02414574328028118,0.02414574328028118
boston_weather_data,missing_completely_at_random,10,mice_imputation,9,0.17211865454834097,0.02859592316598366,0.1659167310165642,0.1580961691783158,0.17533765530454,0.15013788219142798,0.19409942690525395,0.018277412468111504,0.004083758566931286,0.019046858786008383,0.015029348602119318,0.02071363104418263,0.01513835775393851,0.021416467182284498
boston_weather_data,missing_completely_at_random,10,random_forest_imputation,9,0.12328382772968809,0.018196055671455724,0.1252262248655416,0.11479139866068644,0.13176990852152834,0.10929710118876071,0.13727055427061546,0.013734921858737488,0.002323237659973592,0.013722723518104054,0.012097059590461975,0.015337754046912457,0.011949123308417103,0.015520720409057873
boston_weather_data,missing_completely_at_random,10,gain_imputation,9,0.23130644035834505,0.07982176660223049,0.20680801633437007,0.20367435984809293,0.2325203704647872,0.16994999907032995,0.2926628816463601,0.039333878744454494,0.01785009006335212,0.034300309574632974,0.03026530314725034,0.039840968222192095,0.0256130849111689,0.05305467257774009
boston_weather_data,missing_completely_at_random,10,tabcsdi_imputation,9,0.19753813546105647,0.025326835430037282,0.19480551408661945,0.1887462078542067,0.20372297788659294,0.17807020638328935,0.2170060645388236,0.0263968457273354,0.0032242277866984487,0.026285209545445963,0.024043766780562494,0.028308662471358437,0.0239184848576798,0.028875206596991
boston_weather_data,missing_completely_at_random,10,otimpute_imputation,9,0.19398939826130115,0.014268079814529117,0.19959305421996254,0.18200357736633976,0.20153652592906346,0.18302198124339208,0.20495681527921022,0.03273329892660559,0.002594872838233964,0.032918126708503664,0.030506209869616472,0.03419138839751127,0.030738703094840093,0.03472789475837109
boston_weather_data,missing_completely_at_random,25,constant_imputation,1,0.4979933901484413,0.0,0.4979933901484413,0.4979933901484413,0.4979933901484413,0.4979933901484413,0.4979933901484413,0.1781100951675072,0.0,0.1781100951675072,0.1781100951675072,0.1781100951675072,0.1781100951675072,0.1781100951675072
boston_weather_data,missing_completely_at_random,25,mean_imputation,1,0.4982487632907309,0.0,0.4982487632907309,0.4982487632907309,0.4982487632907309,0.4982487632907309,0.4982487632907309,0.1778340045500741,0.0,0.1778340045500741,0.1778340045500741,0.1778340045500741,0.1778340045500741,0.1778340045500741
boston_weather_data,missing_completely_at_random,25,median_imputation,1,0.5185234498951415,0.0,0.5185234498951415,0.5185234498951415,0.5185234498951415,0.5185234498951415,0.5185234498951415,0.16591872903944646,0.0,0.16591872903944646,0.16591872903944646,0.16591872903944646,0.16591872903944646,0.16591872903944646
boston_weather_data,missing_completely_at_random,25,k_nearest_neighbors_imputation,1,0.289184980830148,0.0,0.289184980830148,0.289184980830148,0.289184980830148,0.289184980830148,0.289184980830148,0.06797589273477875,0.0,0.06797589273477875,0.06797589273477875,0.06797589273477875,0.06797589273477875,0.06797589273477875
boston_weather_data,missing_completely_at_random,25,mice_imputation,9,0.28531870969240986,0.03922873156941685,0.2850763474188363,0.2650333259148806,0.30892342008468543,0.2551648372864467,0.31547258209837303,0.05699699651641659,0.011115893797697111,0.05502592955692528,0.04816585692325962,0.06141388805265055,0.04845256416175663,0.06554142887107656
boston_weather_data,missing_completely_at_random,25,random_forest_imputation,9,0.22346318854206812,0.031885649200877435,0.2222636738269953,0.20222031725590855,0.24040132956081836,0.19895370890510386,0.24797266817903238,0.04492870986297604,0.007841678899909959,0.04319563174789438,0.04092857080094524,0.04820329905209257,0.03890106187293084,0.050956357853021245
boston_weather_data,missing_completely_at_random,25,gain_imputation,9,0.5300710247609168,0.3892768517844564,0.3965811541162936,0.3232113604058169,0.4585210649871025,0.2308463481095116,0.8292957014123221,0.13601022202318236,0.07111927729907991,0.11387583522269806,0.08929709910975335,0.1402808682107994,0.08134310617504568,0.19067733787131902
boston_weather_data,missing_completely_at_random,25,tabcsdi_imputation,9,0.32938534443586087,0.04466788765037704,0.30938213583276936,0.3039545290268226,0.3658496487239355,0.295050566558326,0.36372012231339573,0.08023837409729619,0.012842747974691494,0.08516828879718062,0.06681335549899774,0.09020328164413574,0.07036656411828834,0.09011018407630403
boston_weather_data,missing_completely_at_random,25,otimpute_imputation,9,0.32829297994697887,0.02031427684710067,0.3262494094057839,0.31164037822099105,0.334809679779563,0.3126780444759467,0.343907915418011,0.09662486936539899,0.007120451043931114,0.09595514513046935,0.09005821349329236,0.09936577066634318,0.09115160618145766,0.10209813254934032
boston_weather_data,missing_completely_at_random,15,k_nearest_neighbors_imputation,1,0.21757792042881108,0.0,0.21757792042881108,0.21757792042881108,0.21757792042881108,0.21757792042881108,0.21757792042881108,0.037541233971334576,0.0,0.037541233971334576,0.037541233971334576,0.037541233971334576,0.037541233971334576,0.037541233971334576
boston_weather_data,missing_completely_at_random,30,k_nearest_neighbors_imputation,1,0.3306079634494234,0.0,0.3306079634494234,0.3306079634494234,0.3306079634494234,0.3306079634494234,0.3306079634494234,0.08551866600902736,0.0,0.08551866600902736,0.08551866600902736,0.08551866600902736,0.08551866600902736,0.08551866600902736
boston_weather_data,missing_completely_at_random,20,k_nearest_neighbors_imputation,1,0.2553918602909564,0.0,0.2553918602909564,0.2553918602909564,0.2553918602909564,0.2553918602909564,0.2553918602909564,0.052286909869888154,0.0,0.052286909869888154,0.052286909869888154,0.052286909869888154,0.052286909869888154,0.052286909869888154
boston_weather_data,missing_completely_at_random,40,k_nearest_neighbors_imputation,1,0.4080348881694442,0.0,0.4080348881694442,0.4080348881694442,0.4080348881694442,0.4080348881694442,0.4080348881694442,0.12906326744451968,0.0,0.12906326744451968,0.12906326744451968,0.12906326744451968,0.12906326744451968,0.12906326744451968
boston_weather_data,missing_at_random,2,k_nearest_neighbors_imputation,1,0.10044716810085995,0.0,0.10044716810085995,0.10044716810085995,0.10044716810085995,0.10044716810085995,0.10044716810085995,0.010989101687875782,0.0,0.010989101687875782,0.010989101687875782,0.010989101687875782,0.010989101687875782,0.010989101687875782
boston_weather_data,missing_at_random,1,k_nearest_neighbors_imputation,1,0.0725287305398316,0.0,0.0725287305398316,0.0725287305398316,0.0725287305398316,0.0725287305398316,0.0725287305398316,0.005510586951303183,0.0,0.005510586951303183,0.005510586951303183,0.005510586951303183,0.005510586951303183,0.005510586951303183
boston_weather_data,missing_at_random,5,constant_imputation,1,0.32768635754268677,0.0,0.32768635754268677,0.32768635754268677,0.32768635754268677,0.32768635754268677,0.32768635754268677,0.06484945791645996,0.0,0.06484945791645996,0.06484945791645996,0.06484945791645996,0.06484945791645996,0.06484945791645996
boston_weather_data,missing_at_random,5,mean_imputation,1,0.35910360405795866,0.0,0.35910360405795866,0.35910360405795866,0.35910360405795866,0.35910360405795866,0.35910360405795866,0.0712111215161412,0.0,0.0712111215161412,0.0712111215161412,0.0712111215161412,0.0712111215161412,0.0712111215161412
boston_weather_data,missing_at_random,5,median_imputation,1,0.37605209921438654,0.0,0.37605209921438654,0.37605209921438654,0.37605209921438654,0.37605209921438654,0.37605209921438654,0.0731274821583795,0.0,0.0731274821583795,0.0731274821583795,0.0731274821583795,0.0731274821583795,0.0731274821583795
boston_weather_data,missing_at_random,5,k_nearest_neighbors_imputation,1,0.1589490282254648,0.0,0.1589490282254648,0.1589490282254648,0.1589490282254648,0.1589490282254648,0.1589490282254648,0.027800544508582763,0.0,0.027800544508582763,0.027800544508582763,0.027800544508582763,0.027800544508582763,0.027800544508582763
boston_weather_data,missing_at_random,5,mice_imputation,1,0.10044954589944863,0.0,0.10044954589944863,0.10044954589944863,0.10044954589944863,0.10044954589944863,0.10044954589944863,0.012836538852355727,0.0,0.012836538852355727,0.012836538852355727,0.012836538852355727,0.012836538852355727,0.012836538852355727
boston_weather_data,missing_at_random,5,random_forest_imputation,1,0.09859708252253431,0.0,0.09859708252253431,0.09859708252253431,0.09859708252253431,0.09859708252253431,0.09859708252253431,0.013750324069731307,0.0,0.013750324069731307,0.013750324069731307,0.013750324069731307,0.013750324069731307,0.013750324069731307
boston_weather_data,missing_at_random,5,gain_imputation,1,0.18229284645070032,0.0,0.18229284645070032,0.18229284645070032,0.18229284645070032,0.18229284645070032,0.18229284645070032,0.030081888297658607,0.0,0.030081888297658607,0.030081888297658607,0.030081888297658607,0.030081888297658607,0.030081888297658607
boston_weather_data,missing_at_random,5,tabcsdi_imputation,1,0.11918212318755993,0.0,0.11918212318755993,0.11918212318755993,0.11918212318755993,0.11918212318755993,0.11918212318755993,0.01608515481014807,0.0,0.01608515481014807,0.01608515481014807,0.01608515481014807,0.01608515481014807,0.01608515481014807
boston_weather_data,missing_at_random,5,otimpute_imputation,1,0.23344769985665184,0.0,0.23344769985665184,0.23344769985665184,0.23344769985665184,0.23344769985665184,0.23344769985665184,0.04324188635707331,0.0,0.04324188635707331,0.04324188635707331,0.04324188635707331,0.04324188635707331,0.04324188635707331
boston_weather_data,missing_at_random,3,k_nearest_neighbors_imputation,1,0.12235656709013641,0.0,0.12235656709013641,0.12235656709013641,0.12235656709013641,0.12235656709013641,0.12235656709013641,0.016416731643161233,0.0,0.016416731643161233,0.016416731643161233,0.016416731643161233,0.016416731643161233,0.016416731643161233
boston_weather_data,missing_at_random,6,k_nearest_neighbors_imputation,1,0.1788324950463601,0.0,0.1788324950463601,0.1788324950463601,0.1788324950463601,0.1788324950463601,0.1788324950463601,0.03438942153696339,0.0,0.03438942153696339,0.03438942153696339,0.03438942153696339,0.03438942153696339,0.03438942153696339
boston_weather_data,missing_at_random,4,k_nearest_neighbors_imputation,1,0.14125686134246915,0.0,0.14125686134246915,0.14125686134246915,0.14125686134246915,0.14125686134246915,0.14125686134246915,0.022050442146590663,0.0,0.022050442146590663,0.022050442146590663,0.022050442146590663,0.022050442146590663,0.022050442146590663
boston_weather_data,missing_at_random,10,constant_imputation,1,0.4035551996845368,0.0,0.4035551996845368,0.4035551996845368,0.4035551996845368,0.4035551996845368,0.4035551996845368,0.11137895940882794,0.0,0.11137895940882794,0.11137895940882794,0.11137895940882794,0.11137895940882794,0.11137895940882794
boston_weather_data,missing_at_random,10,mean_imputation,1,0.4846777742411915,0.0,0.4846777742411915,0.4846777742411915,0.4846777742411915,0.4846777742411915,0.4846777742411915,0.13524520331288775,0.0,0.13524520331288775,0.13524520331288775,0.13524520331288775,0.13524520331288775,0.13524520331288775
boston_weather_data,missing_at_random,10,median_imputation,1,0.504736859796104,0.0,0.504736859796104,0.504736859796104,0.504736859796104,0.504736859796104,0.504736859796104,0.13794202565431454,0.0,0.13794202565431454,0.13794202565431454,0.13794202565431454,0.13794202565431454,0.13794202565431454
boston_weather_data,missing_at_random,10,k_nearest_neighbors_imputation,1,0.24583034658780703,0.0,0.24583034658780703,0.24583034658780703,0.24583034658780703,0.24583034658780703,0.24583034658780703,0.06199216959047927,0.0,0.06199216959047927,0.06199216959047927,0.06199216959047927,0.06199216959047927,0.06199216959047927
boston_weather_data,missing_at_random,10,mice_imputation,1,0.1627299053577429,0.0,0.1627299053577429,0.1627299053577429,0.1627299053577429,0.1627299053577429,0.1627299053577429,0.031391431967381325,0.0,0.031391431967381325,0.031391431967381325,0.031391431967381325,0.031391431967381325,0.031391431967381325
boston_weather_data,missing_at_random,10,random_forest_imputation,1,0.17304969706364187,0.0,0.17304969706364187,0.17304969706364187,0.17304969706364187,0.17304969706364187,0.17304969706364187,0.03561955475335822,0.0,0.03561955475335822,0.03561955475335822,0.03561955475335822,0.03561955475335822,0.03561955475335822
boston_weather_data,missing_at_random,10,gain_imputation,1,0.31964262201390475,0.0,0.31964262201390475,0.31964262201390475,0.31964262201390475,0.31964262201390475,0.31964262201390475,0.07498268334488344,0.0,0.07498268334488344,0.07498268334488344,0.07498268334488344,0.07498268334488344,0.07498268334488344
boston_weather_data,missing_at_random,10,tabcsdi_imputation,1,0.1780541520661153,0.0,0.1780541520661153,0.1780541520661153,0.1780541520661153,0.1780541520661153,0.1780541520661153,0.034102797642839966,0.0,0.034102797642839966,0.034102797642839966,0.034102797642839966,0.034102797642839966,0.034102797642839966
boston_weather_data,missing_at_random,10,otimpute_imputation,1,0.3502673017496416,0.0,0.3502673017496416,0.3502673017496416,0.3502673017496416,0.3502673017496416,0.3502673017496416,0.09129110077029856,0.0,0.09129110077029856,0.09129110077029856,0.09129110077029856,0.09129110077029856,0.09129110077029856
boston_weather_data,missing_at_random,8,k_nearest_neighbors_imputation,1,0.21222733370070815,0.0,0.21222733370070815,0.21222733370070815,0.21222733370070815,0.21222733370070815,0.21222733370070815,0.047398734601841595,0.0,0.047398734601841595,0.047398734601841595,0.047398734601841595,0.047398734601841595,0.047398734601841595
boston_weather_data,missing_at_random,15,k_nearest_neighbors_imputation,1,0.34652526118505056,0.0,0.34652526118505056,0.34652526118505056,0.34652526118505056,0.34652526118505056,0.34652526118505056,0.10697308603866879,0.0,0.10697308603866879,0.10697308603866879,0.10697308603866879,0.10697308603866879,0.10697308603866879
boston_weather_data,missing_at_random,25,constant_imputation,1,0.4925488216165829,0.0,0.4925488216165829,0.4925488216165829,0.4925488216165829,0.4925488216165829,0.4925488216165829,0.19551980517488524,0.0,0.19551980517488524,0.19551980517488524,0.19551980517488524,0.19551980517488524,0.19551980517488524
boston_weather_data,missing_at_random,25,mean_imputation,1,0.7532146332427541,0.0,0.7532146332427541,0.7532146332427541,0.7532146332427541,0.7532146332427541,0.7532146332427541,0.3232830021329955,0.0,0.3232830021329955,0.3232830021329955,0.3232830021329955,0.3232830021329955,0.3232830021329955
boston_weather_data,missing_at_random,25,median_imputation,1,0.7545588603641489,0.0,0.7545588603641489,0.7545588603641489,0.7545588603641489,0.7545588603641489,0.7545588603641489,0.3152273305748444,0.0,0.3152273305748444,0.3152273305748444,0.3152273305748444,0.3152273305748444,0.3152273305748444
boston_weather_data,missing_at_random,25,k_nearest_neighbors_imputation,1,0.5244788551077004,0.0,0.5244788551077004,0.5244788551077004,0.5244788551077004,0.5244788551077004,0.5244788551077004,0.20708074031221915,0.0,0.20708074031221915,0.20708074031221915,0.20708074031221915,0.20708074031221915,0.20708074031221915
boston_weather_data,missing_at_random,25,mice_imputation,1,0.36715272883840167,0.0,0.36715272883840167,0.36715272883840167,0.36715272883840167,0.36715272883840167,0.36715272883840167,0.12604538060030696,0.0,0.12604538060030696,0.12604538060030696,0.12604538060030696,0.12604538060030696,0.12604538060030696
boston_weather_data,missing_at_random,25,random_forest_imputation,1,0.4135403499420561,0.0,0.4135403499420561,0.4135403499420561,0.4135403499420561,0.4135403499420561,0.4135403499420561,0.14595715369485723,0.0,0.14595715369485723,0.14595715369485723,0.14595715369485723,0.14595715369485723,0.14595715369485723
boston_weather_data,missing_at_random,25,gain_imputation,1,0.5028431484546746,0.0,0.5028431484546746,0.5028431484546746,0.5028431484546746,0.5028431484546746,0.5028431484546746,0.19412508689251146,0.0,0.19412508689251146,0.19412508689251146,0.19412508689251146,0.19412508689251146,0.19412508689251146
boston_weather_data,missing_at_random,25,tabcsdi_imputation,1,0.4530049103795455,0.0,0.4530049103795455,0.4530049103795455,0.4530049103795455,0.4530049103795455,0.4530049103795455,0.16432542611076076,0.0,0.16432542611076076,0.16432542611076076,0.16432542611076076,0.16432542611076076,0.16432542611076076
boston_weather_data,missing_at_random,25,otimpute_imputation,1,0.6515557140279197,0.0,0.6515557140279197,0.6515557140279197,0.6515557140279197,0.6515557140279197,0.6515557140279197,0.264779091271132,0.0,0.264779091271132,0.264779091271132,0.264779091271132,0.264779091271132,0.264779091271132
boston_weather_data,missing_at_random,30,k_nearest_neighbors_imputation,1,0.620374089848806,0.0,0.620374089848806,0.620374089848806,0.620374089848806,0.620374089848806,0.620374089848806,0.26629275110933587,0.0,0.26629275110933587,0.26629275110933587,0.26629275110933587,0.26629275110933587,0.26629275110933587
boston_weather_data,missing_at_random,40,k_nearest_neighbors_imputation,1,0.8777989727280963,0.0,0.8777989727280963,0.8777989727280963,0.8777989727280963,0.8777989727280963,0.8777989727280963,0.4367073967192664,0.0,0.4367073967192664,0.4367073967192664,0.4367073967192664,0.4367073967192664,0.4367073967192664
boston_weather_data,missing_at_random,20,k_nearest_neighbors_imputation,1,0.4432139201891824,0.0,0.4432139201891824,0.4432139201891824,0.4432139201891824,0.4432139201891824,0.4432139201891824,0.1565214995076478,0.0,0.1565214995076478,0.1565214995076478,0.1565214995076478,0.1565214995076478,0.1565214995076478
boston_weather_data,missing_not_at_random,2,k_nearest_neighbors_imputation,1,0.1283239360966576,0.0,0.1283239360966576,0.1283239360966576,0.1283239360966576,0.1283239360966576,0.1283239360966576,0.015344536630552026,0.0,0.015344536630552026,0.015344536630552026,0.015344536630552026,0.015344536630552026,0.015344536630552026
boston_weather_data,missing_not_at_random,1,k_nearest_neighbors_imputation,1,0.09825856753747327,0.0,0.09825856753747327,0.09825856753747327,0.09825856753747327,0.09825856753747327,0.09825856753747327,0.00815521319234971,0.0,0.00815521319234971,0.00815521319234971,0.00815521319234971,0.00815521319234971,0.00815521319234971
boston_weather_data,missing_not_at_random,3,k_nearest_neighbors_imputation,1,0.19282946542398283,0.0,0.19282946542398283,0.19282946542398283,0.19282946542398283,0.19282946542398283,0.19282946542398283,0.027854547170127617,0.0,0.027854547170127617,0.027854547170127617,0.027854547170127617,0.027854547170127617,0.027854547170127617
boston_weather_data,missing_not_at_random,4,k_nearest_neighbors_imputation,1,0.2981374136782528,0.0,0.2981374136782528,0.2981374136782528,0.2981374136782528,0.2981374136782528,0.2981374136782528,0.03598022090358955,0.0,0.03598022090358955,0.03598022090358955,0.03598022090358955,0.03598022090358955,0.03598022090358955
boston_weather_data,missing_not_at_random,5,constant_imputation,1,0.3724235917670818,0.0,0.3724235917670818,0.3724235917670818,0.3724235917670818,0.3724235917670818,0.3724235917670818,0.07867791575681682,0.0,0.07867791575681682,0.07867791575681682,0.07867791575681682,0.07867791575681682,0.07867791575681682
boston_weather_data,missing_not_at_random,5,mean_imputation,1,0.4121664264680108,0.0,0.4121664264680108,0.4121664264680108,0.4121664264680108,0.4121664264680108,0.4121664264680108,0.08742249738361184,0.0,0.08742249738361184,0.08742249738361184,0.08742249738361184,0.08742249738361184,0.08742249738361184
boston_weather_data,missing_not_at_random,5,median_imputation,1,0.41918957246741095,0.0,0.41918957246741095,0.41918957246741095,0.41918957246741095,0.41918957246741095,0.41918957246741095,0.08633016561500731,0.0,0.08633016561500731,0.08633016561500731,0.08633016561500731,0.08633016561500731,0.08633016561500731
boston_weather_data,missing_not_at_random,5,k_nearest_neighbors_imputation,1,0.2016702478986505,0.0,0.2016702478986505,0.2016702478986505,0.2016702478986505,0.2016702478986505,0.2016702478986505,0.0389778770624778,0.0,0.0389778770624778,0.0389778770624778,0.0389778770624778,0.0389778770624778,0.0389778770624778
boston_weather_data,missing_not_at_random,5,mice_imputation,1,0.15362920855624956,0.0,0.15362920855624956,0.15362920855624956,0.15362920855624956,0.15362920855624956,0.15362920855624956,0.0251848729723663,0.0,0.0251848729723663,0.0251848729723663,0.0251848729723663,0.0251848729723663,0.0251848729723663
boston_weather_data,missing_not_at_random,5,random_forest_imputation,1,0.14232277365783552,0.0,0.14232277365783552,0.14232277365783552,0.14232277365783552,0.14232277365783552,0.14232277365783552,0.024223689156450377,0.0,0.024223689156450377,0.024223689156450377,0.024223689156450377,0.024223689156450377,0.024223689156450377
boston_weather_data,missing_not_at_random,5,gain_imputation,1,0.2816434959715028,0.0,0.2816434959715028,0.2816434959715028,0.2816434959715028,0.2816434959715028,0.2816434959715028,0.05240721583668758,0.0,0.05240721583668758,0.05240721583668758,0.05240721583668758,0.05240721583668758,0.05240721583668758
boston_weather_data,missing_not_at_random,5,tabcsdi_imputation,1,0.15105309479628928,0.0,0.15105309479628928,0.15105309479628928,0.15105309479628928,0.15105309479628928,0.15105309479628928,0.024296724302430163,0.0,0.024296724302430163,0.024296724302430163,0.024296724302430163,0.024296724302430163,0.024296724302430163
boston_weather_data,missing_not_at_random,5,otimpute_imputation,1,0.2758339381833776,0.0,0.2758339381833776,0.2758339381833776,0.2758339381833776,0.2758339381833776,0.2758339381833776,0.05538037378613132,0.0,0.05538037378613132,0.05538037378613132,0.05538037378613132,0.05538037378613132,0.05538037378613132
boston_weather_data,missing_not_at_random,8,k_nearest_neighbors_imputation,1,0.2636279019905187,0.0,0.2636279019905187,0.2636279019905187,0.2636279019905187,0.2636279019905187,0.2636279019905187,0.06463910035245825,0.0,0.06463910035245825,0.06463910035245825,0.06463910035245825,0.06463910035245825,0.06463910035245825
boston_weather_data,missing_not_at_random,6,k_nearest_neighbors_imputation,1,0.2233879724149767,0.0,0.2233879724149767,0.2233879724149767,0.2233879724149767,0.2233879724149767,0.2233879724149767,0.047463131510497594,0.0,0.047463131510497594,0.047463131510497594,0.047463131510497594,0.047463131510497594,0.047463131510497594
boston_weather_data,missing_not_at_random,10,constant_imputation,1,0.4423219606719575,0.0,0.4423219606719575,0.4423219606719575,0.4423219606719575,0.4423219606719575,0.4423219606719575,0.13011349589043866,0.0,0.13011349589043866,0.13011349589043866,0.13011349589043866,0.13011349589043866,0.13011349589043866
boston_weather_data,missing_not_at_random,10,mean_imputation,1,0.545013801403016,0.0,0.545013801403016,0.545013801403016,0.545013801403016,0.545013801403016,0.545013801403016,0.16265271626984162,0.0,0.16265271626984162,0.16265271626984162,0.16265271626984162,0.16265271626984162,0.16265271626984162
boston_weather_data,missing_not_at_random,10,median_imputation,1,0.5524577690951483,0.0,0.5524577690951483,0.5524577690951483,0.5524577690951483,0.5524577690951483,0.5524577690951483,0.15915429920831145,0.0,0.15915429920831145,0.15915429920831145,0.15915429920831145,0.15915429920831145,0.15915429920831145
boston_weather_data,missing_not_at_random,10,k_nearest_neighbors_imputation,1,0.3027435413574323,0.0,0.3027435413574323,0.3027435413574323,0.3027435413574323,0.3027435413574323,0.3027435413574323,0.08283295874883928,0.0,0.08283295874883928,0.08283295874883928,0.08283295874883928,0.08283295874883928,0.08283295874883928
boston_weather_data,missing_not_at_random,10,mice_imputation,1,0.24180471576183493,0.0,0.24180471576183493,0.24180471576183493,0.24180471576183493,0.24180471576183493,0.24180471576183493,0.05834517914527399,0.0,0.05834517914527399,0.05834517914527399,0.05834517914527399,0.05834517914527399,0.05834517914527399
boston_weather_data,missing_not_at_random,10,random_forest_imputation,1,0.23844470216317737,0.0,0.23844470216317737,0.23844470216317737,0.23844470216317737,0.23844470216317737,0.23844470216317737,0.059512782031897395,0.0,0.059512782031897395,0.059512782031897395,0.059512782031897395,0.059512782031897395,0.059512782031897395
boston_weather_data,missing_not_at_random,10,gain_imputation,1,0.36036685968220156,0.0,0.36036685968220156,0.36036685968220156,0.36036685968220156,0.36036685968220156,0.36036685968220156,0.09656890688636297,0.0,0.09656890688636297,0.09656890688636297,0.09656890688636297,0.09656890688636297,0.09656890688636297
boston_weather_data,missing_not_at_random,10,tabcsdi_imputation,1,0.24142453782768722,0.0,0.24142453782768722,0.24142453782768722,0.24142453782768722,0.24142453782768722,0.24142453782768722,0.0561432623749257,0.0,0.0561432623749257,0.0561432623749257,0.0561432623749257,0.0561432623749257,0.0561432623749257
boston_weather_data,missing_not_at_random,10,otimpute_imputation,1,0.4012020679527641,0.0,0.4012020679527641,0.4012020679527641,0.4012020679527641,0.4012020679527641,0.4012020679527641,0.11278019046832408,0.0,0.11278019046832408,0.11278019046832408,0.11278019046832408,0.11278019046832408,0.11278019046832408
boston_weather_data,missing_not_at_random,20,k_nearest_neighbors_imputation,1,0.5357646508493716,0.0,0.5357646508493716,0.5357646508493716,0.5357646508493716,0.5357646508493716,0.5357646508493716,0.20556494393905078,0.0,0.20556494393905078,0.20556494393905078,0.20556494393905078,0.20556494393905078,0.20556494393905078
boston_weather_data,missing_not_at_random,15,k_nearest_neighbors_imputation,1,0.41843790102941997,0.0,0.41843790102941997,0.41843790102941997,0.41843790102941997,0.41843790102941997,0.41843790102941997,0.13956277803305517,0.0,0.13956277803305517,0.13956277803305517,0.13956277803305517,0.13956277803305517,0.13956277803305517
boston_weather_data,missing_not_at_random,25,constant_imputation,1,0.474768580769299,0.0,0.474768580769299,0.474768580769299,0.474768580769299,0.474768580769299,0.474768580769299,0.16491294508106114,0.0,0.16491294508106114,0.16491294508106114,0.16491294508106114,0.16491294508106114,0.16491294508106114
boston_weather_data,missing_not_at_random,25,mean_imputation,1,0.7621797903009343,0.0,0.7621797903009343,0.7621797903009343,0.7621797903009343,0.7621797903009343,0.7621797903009343,0.3138264996607825,0.0,0.3138264996607825,0.3138264996607825,0.3138264996607825,0.3138264996607825,0.3138264996607825
boston_weather_data,missing_not_at_random,25,median_imputation,1,0.7195895931137106,0.0,0.7195895931137106,0.7195895931137106,0.7195895931137106,0.7195895931137106,0.7195895931137106,0.2728995754067103,0.0,0.2728995754067103,0.2728995754067103,0.2728995754067103,0.2728995754067103,0.2728995754067103
boston_weather_data,missing_not_at_random,25,k_nearest_neighbors_imputation,1,0.5942379727632365,0.0,0.5942379727632365,0.5942379727632365,0.5942379727632365,0.5942379727632365,0.5942379727632365,0.21408593697664333,0.0,0.21408593697664333,0.21408593697664333,0.21408593697664333,0.21408593697664333,0.21408593697664333
boston_weather_data,missing_not_at_random,25,mice_imputation,1,0.5919870943609263,0.0,0.5919870943609263,0.5919870943609263,0.5919870943609263,0.5919870943609263,0.5919870943609263,0.19165256667771347,0.0,0.19165256667771347,0.19165256667771347,0.19165256667771347,0.19165256667771347,0.19165256667771347
boston_weather_data,missing_not_at_random,25,random_forest_imputation,1,0.5835785893024469,0.0,0.5835785893024469,0.5835785893024469,0.5835785893024469,0.5835785893024469,0.5835785893024469,0.19814351777311576,0.0,0.19814351777311576,0.19814351777311576,0.19814351777311576,0.19814351777311576,0.19814351777311576
boston_weather_data,missing_not_at_random,25,gain_imputation,1,0.5647978557260408,0.0,0.5647978557260408,0.5647978557260408,0.5647978557260408,0.5647978557260408,0.5647978557260408,0.20017177047276577,0.0,0.20017177047276577,0.20017177047276577,0.20017177047276577,0.20017177047276577,0.20017177047276577
boston_weather_data,missing_not_at_random,25,tabcsdi_imputation,1,0.536644292497713,0.0,0.536644292497713,0.536644292497713,0.536644292497713,0.536644292497713,0.536644292497713,0.1757106228341499,0.0,0.1757106228341499,0.1757106228341499,0.1757106228341499,0.1757106228341499,0.1757106228341499
boston_weather_data,missing_not_at_random,25,otimpute_imputation,1,0.66550501094419,0.0,0.66550501094419,0.66550501094419,0.66550501094419,0.66550501094419,0.66550501094419,0.24944055211293062,0.0,0.24944055211293062,0.24944055211293062,0.24944055211293062,0.24944055211293062,0.24944055211293062
boston_weather_data,missing_not_at_random,30,k_nearest_neighbors_imputation,1,0.6803752003290084,0.0,0.6803752003290084,0.6803752003290084,0.6803752003290084,0.6803752003290084,0.6803752003290084,0.272829678825899,0.0,0.272829678825899,0.272829678825899,0.272829678825899,0.272829678825899,0.272829678825899
boston_weather_data,missing_not_at_random,40,k_nearest_neighbors_imputation,1,1.0305323956749008,0.0,1.0305323956749008,1.0305323956749008,1.0305323956749008,1.0305323956749008,1.0305323956749008,0.5698984246976715,0.0,0.5698984246976715,0.5698984246976715,0.5698984246976715,0.5698984246976715,0.5698984246976715
gender_recognition_by_voice,missing_completely_at_random,1,k_nearest_neighbors_imputation,1,0.06008511136160638,0.0,0.06008511136160638,0.06008511136160638,0.06008511136160638,0.06008511136160638,0.06008511136160638,0.0033129044564222305,0.0,0.0033129044564222305,0.0033129044564222305,0.0033129044564222305,0.0033129044564222305,0.0033129044564222305
gender_recognition_by_voice,missing_completely_at_random,2,k_nearest_neighbors_imputation,1,0.08422719932687925,0.0,0.08422719932687925,0.08422719932687925,0.08422719932687925,0.08422719932687925,0.08422719932687925,0.0065198807522992425,0.0,0.0065198807522992425,0.0065198807522992425,0.0065198807522992425,0.0065198807522992425,0.0065198807522992425
gender_recognition_by_voice,missing_completely_at_random,3,k_nearest_neighbors_imputation,1,0.09950207142517346,0.0,0.09950207142517346,0.09950207142517346,0.09950207142517346,0.09950207142517346,0.09950207142517346,0.009851397293344393,0.0,0.009851397293344393,0.009851397293344393,0.009851397293344393,0.009851397293344393,0.009851397293344393
gender_recognition_by_voice,missing_completely_at_random,4,k_nearest_neighbors_imputation,1,0.11550721726208102,0.0,0.11550721726208102,0.11550721726208102,0.11550721726208102,0.11550721726208102,0.11550721726208102,0.013240685163569407,0.0,0.013240685163569407,0.013240685163569407,0.013240685163569407,0.013240685163569407,0.013240685163569407
gender_recognition_by_voice,missing_completely_at_random,5,constant_imputation,1,0.22674828623053528,0.0,0.22674828623053528,0.22674828623053528,0.22674828623053528,0.22674828623053528,0.22674828623053528,0.03785064239429308,0.0,0.03785064239429308,0.03785064239429308,0.03785064239429308,0.03785064239429308,0.03785064239429308
gender_recognition_by_voice,missing_completely_at_random,5,mean_imputation,1,0.22683737306015664,0.0,0.22683737306015664,0.22683737306015664,0.22683737306015664,0.22683737306015664,0.22683737306015664,0.037861060556926056,0.0,0.037861060556926056,0.037861060556926056,0.037861060556926056,0.037861060556926056,0.037861060556926056
gender_recognition_by_voice,missing_completely_at_random,5,median_imputation,1,0.23390144154340903,0.0,0.23390144154340903,0.23390144154340903,0.23390144154340903,0.23390144154340903,0.23390144154340903,0.03655415142633548,0.0,0.03655415142633548,0.03655415142633548,0.03655415142633548,0.03655415142633548,0.03655415142633548
gender_recognition_by_voice,missing_completely_at_random,5,k_nearest_neighbors_imputation,1,0.12504555085938288,0.0,0.12504555085938288,0.12504555085938288,0.12504555085938288,0.12504555085938288,0.12504555085938288,0.01622034148639134,0.0,0.01622034148639134,0.01622034148639134,0.01622034148639134,0.01622034148639134,0.01622034148639134
gender_recognition_by_voice,missing_completely_at_random,5,mice_imputation,9,0.15039695917524035,0.042487075343987546,0.14228493235779407,0.13722410637535656,0.1628172098174114,0.11773850202991827,0.18305541632056244,0.017433321557271158,0.007760992862054382,0.015690450824160988,0.014685355523028654,0.01711533423531501,0.011467694346208684,0.023398948768333632
gender_recognition_by_voice,missing_completely_at_random,5,random_forest_imputation,9,0.08383719156251987,0.020650945263560833,0.09402863933374396,0.06571850657559675,0.09681993094484644,0.06796346983797115,0.09971091328706859,0.008714553176150231,0.0021663097433884046,0.009209308127463876,0.007471236589053634,0.010237988102677693,0.007049380100687986,0.010379726251612476
gender_recognition_by_voice,missing_completely_at_random,5,gain_imputation,9,0.2352943365564134,0.05523084837317465,0.23654743983872634,0.21257801917959449,0.24136360731508752,0.19284014830995508,0.27774852480287177,0.032800056464407396,0.008943059523390515,0.031230941659867804,0.03071069883351429,0.03349253278387933,0.025925812383635553,0.03967430054517924
gender_recognition_by_voice,missing_completely_at_random,5,tabcsdi_imputation,9,0.17166950087465793,0.023732464494196578,0.1749680517636607,0.159290046048591,0.1883940654064315,0.15342711378725682,0.18991188796205904,0.018933788780478494,0.0035696926938013625,0.018442195028817696,0.01722474222776508,0.021059920108488273,0.01618988007604048,0.02167769748491651
gender_recognition_by_voice,missing_completely_at_random,5,otimpute_imputation,9,0.13523033626737327,0.012303673098883803,0.13693382690805106,0.12535366200405623,0.1464303994974571,0.12577289591929783,0.1446877766154487,0.01809458153270769,0.0014339513056920758,0.018654297958933908,0.01682443207594384,0.019018596614963523,0.016992348985838575,0.019196814079576803
gender_recognition_by_voice,missing_completely_at_random,10,constant_imputation,1,0.31804181062481196,0.0,0.31804181062481196,0.31804181062481196,0.31804181062481196,0.31804181062481196,0.31804181062481196,0.07569702303462802,0.0,0.07569702303462802,0.07569702303462802,0.07569702303462802,0.07569702303462802,0.07569702303462802
gender_recognition_by_voice,missing_completely_at_random,10,mean_imputation,1,0.31819205907618564,0.0,0.31819205907618564,0.31819205907618564,0.31819205907618564,0.31819205907618564,0.31819205907618564,0.07569080520071281,0.0,0.07569080520071281,0.07569080520071281,0.07569080520071281,0.07569080520071281,0.07569080520071281
gender_recognition_by_voice,missing_completely_at_random,10,median_imputation,1,0.32709180819611966,0.0,0.32709180819611966,0.32709180819611966,0.32709180819611966,0.32709180819611966,0.32709180819611966,0.0728206499517398,0.0,0.0728206499517398,0.0728206499517398,0.0728206499517398,0.0728206499517398,0.0728206499517398
gender_recognition_by_voice,missing_completely_at_random,10,k_nearest_neighbors_imputation,1,0.16951169192551763,0.0,0.16951169192551763,0.16951169192551763,0.16951169192551763,0.16951169192551763,0.16951169192551763,0.03228273806107643,0.0,0.03228273806107643,0.03228273806107643,0.03228273806107643,0.03228273806107643,0.03228273806107643
gender_recognition_by_voice,missing_completely_at_random,10,mice_imputation,9,0.21740247508127677,0.06426305039952782,0.20179745215607614,0.19321494100276404,0.21935834059630432,0.16800552176056183,0.2667994284019917,0.03632568312331879,0.017899712349955358,0.0328866397042657,0.030218291099181446,0.03377902976799976,0.02256674622399808,0.0500846200226395
gender_recognition_by_voice,missing_completely_at_random,10,random_forest_imputation,9,0.12222400494385395,0.02688170561213159,0.13263791325606183,0.1195973063734802,0.14060469714625334,0.10156089684288179,0.1428871130448261,0.018170219988909705,0.004188488370631812,0.018805449616621877,0.015517967589809308,0.02109470718142714,0.014950662821265866,0.021389777156553543
gender_recognition_by_voice,missing_completely_at_random,10,gain_imputation,9,0.3066425963719066,0.04143310090240846,0.3037343558956589,0.2885537736795872,0.3211559341322963,0.2747942957001448,0.3384908970436684,0.06110234500622921,0.012430619744504089,0.06069434397882789,0.052585762473270216,0.06169887535202277,0.05154732482823688,0.07065736518422153
gender_recognition_by_voice,missing_completely_at_random,10,tabcsdi_imputation,9,0.24567208448221045,0.038821151862173914,0.25359079617863156,0.21272364821790762,0.2686482546155695,0.21583150557302314,0.2755126633913978,0.03958576547100171,0.007198888002569529,0.03803151071427335,0.03620212598185421,0.04451385644399049,0.03405221030340271,0.04511932063860071
gender_recognition_by_voice,missing_completely_at_random,10,otimpute_imputation,9,0.1955749013000416,0.012753602313867417,0.19409489908101446,0.19313133547878195,0.20729462363807816,0.1857716147418657,0.2053781878582175,0.037268288032683915,0.002547983779840238,0.038453847969511894,0.03520655341526494,0.038904548681444044,0.035309734321769,0.03922684174359883
gender_recognition_by_voice,missing_completely_at_random,15,k_nearest_neighbors_imputation,1,0.20996982651831197,0.0,0.20996982651831197,0.20996982651831197,0.20996982651831197,0.20996982651831197,0.20996982651831197,0.04940538843939441,0.0,0.04940538843939441,0.04940538843939441,0.04940538843939441,0.04940538843939441,0.04940538843939441
gender_recognition_by_voice,missing_completely_at_random,8,k_nearest_neighbors_imputation,1,0.1516139357314402,0.0,0.1516139357314402,0.1516139357314402,0.1516139357314402,0.1516139357314402,0.1516139357314402,0.025638516939707753,0.0,0.025638516939707753,0.025638516939707753,0.025638516939707753,0.025638516939707753,0.025638516939707753
gender_recognition_by_voice,missing_completely_at_random,6,k_nearest_neighbors_imputation,1,0.1344343053045292,0.0,0.1344343053045292,0.1344343053045292,0.1344343053045292,0.1344343053045292,0.1344343053045292,0.019275866201080103,0.0,0.019275866201080103,0.019275866201080103,0.019275866201080103,0.019275866201080103,0.019275866201080103
gender_recognition_by_voice,missing_completely_at_random,20,k_nearest_neighbors_imputation,1,0.24026029388894107,0.0,0.24026029388894107,0.24026029388894107,0.24026029388894107,0.24026029388894107,0.24026029388894107,0.06622308024719332,0.0,0.06622308024719332,0.06622308024719332,0.06622308024719332,0.06622308024719332,0.06622308024719332
gender_recognition_by_voice,missing_completely_at_random,30,k_nearest_neighbors_imputation,1,0.3127677067731414,0.0,0.3127677067731414,0.3127677067731414,0.3127677067731414,0.3127677067731414,0.3127677067731414,0.1061087502149696,0.0,0.1061087502149696,0.1061087502149696,0.1061087502149696,0.1061087502149696,0.1061087502149696
gender_recognition_by_voice,missing_completely_at_random,25,constant_imputation,1,0.5023214469111031,0.0,0.5023214469111031,0.5023214469111031,0.5023214469111031,0.5023214469111031,0.5023214469111031,0.1884696695917991,0.0,0.1884696695917991,0.1884696695917991,0.1884696695917991,0.1884696695917991,0.1884696695917991
gender_recognition_by_voice,missing_completely_at_random,25,mean_imputation,1,0.5024924766229472,0.0,0.5024924766229472,0.5024924766229472,0.5024924766229472,0.5024924766229472,0.5024924766229472,0.18821680385979875,0.0,0.18821680385979875,0.18821680385979875,0.18821680385979875,0.18821680385979875,0.18821680385979875
gender_recognition_by_voice,missing_completely_at_random,25,median_imputation,1,0.5191040854228681,0.0,0.5191040854228681,0.5191040854228681,0.5191040854228681,0.5191040854228681,0.5191040854228681,0.18093472984817333,0.0,0.18093472984817333,0.18093472984817333,0.18093472984817333,0.18093472984817333,0.18093472984817333
gender_recognition_by_voice,missing_completely_at_random,25,k_nearest_neighbors_imputation,1,0.27914559996567223,0.0,0.27914559996567223,0.27914559996567223,0.27914559996567223,0.27914559996567223,0.27914559996567223,0.08582477737581037,0.0,0.08582477737581037,0.08582477737581037,0.08582477737581037,0.08582477737581037,0.08582477737581037
gender_recognition_by_voice,missing_completely_at_random,25,mice_imputation,9,0.3530942857401674,0.08859414357941532,0.33105096261149375,0.3297652719418238,0.35520750928068107,0.2849947985904996,0.42119377288983517,0.09722487280715134,0.03836836450087831,0.09059408161667795,0.08336962728948392,0.0933478830787799,0.06773233707380263,0.12671740854050004
gender_recognition_by_voice,missing_completely_at_random,25,random_forest_imputation,9,0.20745346797101683,0.040117689372517265,0.22749312889467108,0.18020688451472933,0.23293499528933753,0.17661628210839647,0.23829065383363718,0.052166186871969195,0.010961687130743338,0.055312507754592385,0.047468546955272986,0.0569132262640851,0.04374028825453305,0.06059208548940534
gender_recognition_by_voice,missing_completely_at_random,25,gain_imputation,9,0.4448897582588312,0.0790129048307502,0.4486765624189828,0.37272883547590485,0.45855013331085653,0.38415506316743014,0.5056244533502323,0.1410266404751125,0.03433241608648551,0.13504496110476807,0.11863967332949968,0.14180888203128297,0.11463640931945064,0.16741687163077437
gender_recognition_by_voice,missing_completely_at_random,25,tabcsdi_imputation,9,0.4275609935898099,0.05966787559803673,0.41671350899812315,0.3890533454998078,0.4646713984155439,0.3816962043005031,0.47342578287911674,0.11632653884163749,0.01775922964374157,0.11014510379600402,0.10301771780766289,0.12508925711194882,0.10267558650946801,0.12997749117380697
gender_recognition_by_voice,missing_completely_at_random,25,otimpute_imputation,9,0.3363137529665182,0.015486770375366676,0.33666790532882074,0.3252129442372143,0.3463681725594319,0.32440956745766725,0.3482179384753692,0.10616435235978473,0.006730747946481773,0.10719697178323793,0.10332751303361418,0.1087703356139697,0.10099064149391676,0.1113380632256527
gender_recognition_by_voice,missing_completely_at_random,40,k_nearest_neighbors_imputation,1,0.4049762677506843,0.0,0.4049762677506843,0.4049762677506843,0.4049762677506843,0.4049762677506843,0.4049762677506843,0.1592487104281027,0.0,0.1592487104281027,0.1592487104281027,0.1592487104281027,0.1592487104281027,0.1592487104281027
gender_recognition_by_voice,missing_at_random,2,k_nearest_neighbors_imputation,1,0.09568547979763213,0.0,0.09568547979763213,0.09568547979763213,0.09568547979763213,0.09568547979763213,0.09568547979763213,0.009672017676332929,0.0,0.009672017676332929,0.009672017676332929,0.009672017676332929,0.009672017676332929,0.009672017676332929
gender_recognition_by_voice,missing_at_random,1,k_nearest_neighbors_imputation,1,0.06426834352872875,0.0,0.06426834352872875,0.06426834352872875,0.06426834352872875,0.06426834352872875,0.06426834352872875,0.0042381964197792405,0.0,0.0042381964197792405,0.0042381964197792405,0.0042381964197792405,0.0042381964197792405,0.0042381964197792405
gender_recognition_by_voice,missing_at_random,3,k_nearest_neighbors_imputation,1,0.11944182448617535,0.0,0.11944182448617535,0.11944182448617535,0.11944182448617535,0.11944182448617535,0.11944182448617535,0.015157739306075236,0.0,0.015157739306075236,0.015157739306075236,0.015157739306075236,0.015157739306075236,0.015157739306075236
gender_recognition_by_voice,missing_at_random,4,k_nearest_neighbors_imputation,1,0.13948536888898616,0.0,0.13948536888898616,0.13948536888898616,0.13948536888898616,0.13948536888898616,0.13948536888898616,0.020539881355151723,0.0,0.020539881355151723,0.020539881355151723,0.020539881355151723,0.020539881355151723,0.020539881355151723
gender_recognition_by_voice,missing_at_random,5,constant_imputation,1,0.30422567170481446,0.0,0.30422567170481446,0.30422567170481446,0.30422567170481446,0.30422567170481446,0.30422567170481446,0.05869566667487633,0.0,0.05869566667487633,0.05869566667487633,0.05869566667487633,0.05869566667487633,0.05869566667487633
gender_recognition_by_voice,missing_at_random,5,mean_imputation,1,0.33014245540177606,0.0,0.33014245540177606,0.33014245540177606,0.33014245540177606,0.33014245540177606,0.33014245540177606,0.06373843095610097,0.0,0.06373843095610097,0.06373843095610097,0.06373843095610097,0.06373843095610097,0.06373843095610097
gender_recognition_by_voice,missing_at_random,5,median_imputation,1,0.3335408461677307,0.0,0.3335408461677307,0.3335408461677307,0.3335408461677307,0.3335408461677307,0.3335408461677307,0.06136384151210091,0.0,0.06136384151210091,0.06136384151210091,0.06136384151210091,0.06136384151210091,0.06136384151210091
gender_recognition_by_voice,missing_at_random,5,k_nearest_neighbors_imputation,1,0.15909398388871612,0.0,0.15909398388871612,0.15909398388871612,0.15909398388871612,0.15909398388871612,0.15909398388871612,0.026107887158241336,0.0,0.026107887158241336,0.026107887158241336,0.026107887158241336,0.026107887158241336,0.026107887158241336
gender_recognition_by_voice,missing_at_random,5,mice_imputation,1,0.15380215997699145,0.0,0.15380215997699145,0.15380215997699145,0.15380215997699145,0.15380215997699145,0.15380215997699145,0.017904403149775736,0.0,0.017904403149775736,0.017904403149775736,0.017904403149775736,0.017904403149775736,0.017904403149775736
gender_recognition_by_voice,missing_at_random,5,random_forest_imputation,1,0.10582785060717304,0.0,0.10582785060717304,0.10582785060717304,0.10582785060717304,0.10582785060717304,0.10582785060717304,0.014001541641526564,0.0,0.014001541641526564,0.014001541641526564,0.014001541641526564,0.014001541641526564,0.014001541641526564
gender_recognition_by_voice,missing_at_random,5,gain_imputation,1,0.25075798167796226,0.0,0.25075798167796226,0.25075798167796226,0.25075798167796226,0.25075798167796226,0.25075798167796226,0.03920857913142648,0.0,0.03920857913142648,0.03920857913142648,0.03920857913142648,0.03920857913142648,0.03920857913142648
gender_recognition_by_voice,missing_at_random,5,tabcsdi_imputation,1,0.22000112515081732,0.0,0.22000112515081732,0.22000112515081732,0.22000112515081732,0.22000112515081732,0.22000112515081732,0.025643635094653235,0.0,0.025643635094653235,0.025643635094653235,0.025643635094653235,0.025643635094653235,0.025643635094653235
gender_recognition_by_voice,missing_at_random,5,otimpute_imputation,1,0.22444909544064698,0.0,0.22444909544064698,0.22444909544064698,0.22444909544064698,0.22444909544064698,0.22444909544064698,0.037976912363013975,0.0,0.037976912363013975,0.037976912363013975,0.037976912363013975,0.037976912363013975,0.037976912363013975
gender_recognition_by_voice,missing_at_random,6,k_nearest_neighbors_imputation,1,0.17705930623182836,0.0,0.17705930623182836,0.17705930623182836,0.17705930623182836,0.17705930623182836,0.17705930623182836,0.03173744222033998,0.0,0.03173744222033998,0.03173744222033998,0.03173744222033998,0.03173744222033998,0.03173744222033998
gender_recognition_by_voice,missing_at_random,8,k_nearest_neighbors_imputation,1,0.2114316127369187,0.0,0.2114316127369187,0.2114316127369187,0.2114316127369187,0.2114316127369187,0.2114316127369187,0.04434426616448021,0.0,0.04434426616448021,0.04434426616448021,0.04434426616448021,0.04434426616448021,0.04434426616448021
gender_recognition_by_voice,missing_at_random,10,constant_imputation,1,0.37878599668850754,0.0,0.37878599668850754,0.37878599668850754,0.37878599668850754,0.37878599668850754,0.37878599668850754,0.1028653623355457,0.0,0.1028653623355457,0.1028653623355457,0.1028653623355457,0.1028653623355457,0.1028653623355457
gender_recognition_by_voice,missing_at_random,10,mean_imputation,1,0.44442345856533233,0.0,0.44442345856533233,0.44442345856533233,0.44442345856533233,0.44442345856533233,0.44442345856533233,0.12191833361315292,0.0,0.12191833361315292,0.12191833361315292,0.12191833361315292,0.12191833361315292,0.12191833361315292
gender_recognition_by_voice,missing_at_random,10,median_imputation,1,0.445288711846895,0.0,0.445288711846895,0.445288711846895,0.445288711846895,0.445288711846895,0.445288711846895,0.11547807196681366,0.0,0.11547807196681366,0.11547807196681366,0.11547807196681366,0.11547807196681366,0.11547807196681366
gender_recognition_by_voice,missing_at_random,10,k_nearest_neighbors_imputation,1,0.23954611222179975,0.0,0.23954611222179975,0.23954611222179975,0.23954611222179975,0.23954611222179975,0.23954611222179975,0.056534170444333946,0.0,0.056534170444333946,0.056534170444333946,0.056534170444333946,0.056534170444333946,0.056534170444333946
gender_recognition_by_voice,missing_at_random,10,mice_imputation,1,0.2429472308044544,0.0,0.2429472308044544,0.2429472308044544,0.2429472308044544,0.2429472308044544,0.2429472308044544,0.041533824111622174,0.0,0.041533824111622174,0.041533824111622174,0.041533824111622174,0.041533824111622174,0.041533824111622174
gender_recognition_by_voice,missing_at_random,10,random_forest_imputation,1,0.16109251279699668,0.0,0.16109251279699668,0.16109251279699668,0.16109251279699668,0.16109251279699668,0.16109251279699668,0.030916653021044085,0.0,0.030916653021044085,0.030916653021044085,0.030916653021044085,0.030916653021044085,0.030916653021044085
gender_recognition_by_voice,missing_at_random,10,gain_imputation,1,0.48274721008723415,0.0,0.48274721008723415,0.48274721008723415,0.48274721008723415,0.48274721008723415,0.48274721008723415,0.10452486122361622,0.0,0.10452486122361622,0.10452486122361622,0.10452486122361622,0.10452486122361622,0.10452486122361622
gender_recognition_by_voice,missing_at_random,10,tabcsdi_imputation,1,0.2592931421117201,0.0,0.2592931421117201,0.2592931421117201,0.2592931421117201,0.2592931421117201,0.2592931421117201,0.048833388705678105,0.0,0.048833388705678105,0.048833388705678105,0.048833388705678105,0.048833388705678105,0.048833388705678105
gender_recognition_by_voice,missing_at_random,10,otimpute_imputation,1,0.322168291130395,0.0,0.322168291130395,0.322168291130395,0.322168291130395,0.322168291130395,0.322168291130395,0.07905246853499638,0.0,0.07905246853499638,0.07905246853499638,0.07905246853499638,0.07905246853499638,0.07905246853499638
gender_recognition_by_voice,missing_at_random,25,constant_imputation,1,0.47352586927658125,0.0,0.47352586927658125,0.47352586927658125,0.47352586927658125,0.47352586927658125,0.47352586927658125,0.18937503626314148,0.0,0.18937503626314148,0.18937503626314148,0.18937503626314148,0.18937503626314148,0.18937503626314148
gender_recognition_by_voice,missing_at_random,25,mean_imputation,1,0.6659249521665551,0.0,0.6659249521665551,0.6659249521665551,0.6659249521665551,0.6659249521665551,0.6659249521665551,0.28238180371450544,0.0,0.28238180371450544,0.28238180371450544,0.28238180371450544,0.28238180371450544,0.28238180371450544
gender_recognition_by_voice,missing_at_random,25,median_imputation,1,0.6431981544823039,0.0,0.6431981544823039,0.6431981544823039,0.6431981544823039,0.6431981544823039,0.6431981544823039,0.2536102239954468,0.0,0.2536102239954468,0.2536102239954468,0.2536102239954468,0.2536102239954468,0.2536102239954468
gender_recognition_by_voice,missing_at_random,25,k_nearest_neighbors_imputation,1,0.48286616755406453,0.0,0.48286616755406453,0.48286616755406453,0.48286616755406453,0.48286616755406453,0.48286616755406453,0.18265561316045528,0.0,0.18265561316045528,0.18265561316045528,0.18265561316045528,0.18265561316045528,0.18265561316045528
gender_recognition_by_voice,missing_at_random,25,mice_imputation,1,0.438003468321278,0.0,0.438003468321278,0.438003468321278,0.438003468321278,0.438003468321278,0.438003468321278,0.137892032330776,0.0,0.137892032330776,0.137892032330776,0.137892032330776,0.137892032330776,0.137892032330776
gender_recognition_by_voice,missing_at_random,25,random_forest_imputation,1,0.37796970884921244,0.0,0.37796970884921244,0.37796970884921244,0.37796970884921244,0.37796970884921244,0.37796970884921244,0.12220636575602298,0.0,0.12220636575602298,0.12220636575602298,0.12220636575602298,0.12220636575602298,0.12220636575602298
gender_recognition_by_voice,missing_at_random,25,gain_imputation,1,0.5881272615028386,0.0,0.5881272615028386,0.5881272615028386,0.5881272615028386,0.5881272615028386,0.5881272615028386,0.21077368638838853,0.0,0.21077368638838853,0.21077368638838853,0.21077368638838853,0.21077368638838853,0.21077368638838853
gender_recognition_by_voice,missing_at_random,25,tabcsdi_imputation,1,0.49682445982027074,0.0,0.49682445982027074,0.49682445982027074,0.49682445982027074,0.49682445982027074,0.49682445982027074,0.16872366579309656,0.0,0.16872366579309656,0.16872366579309656,0.16872366579309656,0.16872366579309656,0.16872366579309656
gender_recognition_by_voice,missing_at_random,25,otimpute_imputation,1,0.5724331620030686,0.0,0.5724331620030686,0.5724331620030686,0.5724331620030686,0.5724331620030686,0.5724331620030686,0.22165309214958717,0.0,0.22165309214958717,0.22165309214958717,0.22165309214958717,0.22165309214958717,0.22165309214958717
gender_recognition_by_voice,missing_at_random,15,k_nearest_neighbors_imputation,1,0.32262566721678604,0.0,0.32262566721678604,0.32262566721678604,0.32262566721678604,0.32262566721678604,0.32262566721678604,0.09638104919435188,0.0,0.09638104919435188,0.09638104919435188,0.09638104919435188,0.09638104919435188,0.09638104919435188
gender_recognition_by_voice,missing_at_random,20,k_nearest_neighbors_imputation,1,0.41720714829922645,0.0,0.41720714829922645,0.41720714829922645,0.41720714829922645,0.41720714829922645,0.41720714829922645,0.14366765693671196,0.0,0.14366765693671196,0.14366765693671196,0.14366765693671196,0.14366765693671196,0.14366765693671196
gender_recognition_by_voice,missing_at_random,30,k_nearest_neighbors_imputation,1,0.5403120992082685,0.0,0.5403120992082685,0.5403120992082685,0.5403120992082685,0.5403120992082685,0.5403120992082685,0.22221268474019104,0.0,0.22221268474019104,0.22221268474019104,0.22221268474019104,0.22221268474019104,0.22221268474019104
gender_recognition_by_voice,missing_at_random,40,k_nearest_neighbors_imputation,1,0.738486996256651,0.0,0.738486996256651,0.738486996256651,0.738486996256651,0.738486996256651,0.738486996256651,0.3624983666254041,0.0,0.3624983666254041,0.3624983666254041,0.3624983666254041,0.3624983666254041,0.3624983666254041
gender_recognition_by_voice,missing_not_at_random,1,k_nearest_neighbors_imputation,1,0.11503376953043638,0.0,0.11503376953043638,0.11503376953043638,0.11503376953043638,0.11503376953043638,0.11503376953043638,0.009471535212305248,0.0,0.009471535212305248,0.009471535212305248,0.009471535212305248,0.009471535212305248,0.009471535212305248
gender_recognition_by_voice,missing_not_at_random,2,k_nearest_neighbors_imputation,1,0.1512514727385764,0.0,0.1512514727385764,0.1512514727385764,0.1512514727385764,0.1512514727385764,0.1512514727385764,0.01736488354749081,0.0,0.01736488354749081,0.01736488354749081,0.01736488354749081,0.01736488354749081,0.01736488354749081
gender_recognition_by_voice,missing_not_at_random,3,k_nearest_neighbors_imputation,1,0.1805320492265181,0.0,0.1805320492265181,0.1805320492265181,0.1805320492265181,0.1805320492265181,0.1805320492265181,0.02511156080532099,0.0,0.02511156080532099,0.02511156080532099,0.02511156080532099,0.02511156080532099,0.02511156080532099
gender_recognition_by_voice,missing_not_at_random,5,constant_imputation,1,0.3806456919131257,0.0,0.3806456919131257,0.3806456919131257,0.3806456919131257,0.3806456919131257,0.3806456919131257,0.07530365685004026,0.0,0.07530365685004026,0.07530365685004026,0.07530365685004026,0.07530365685004026,0.07530365685004026
gender_recognition_by_voice,missing_not_at_random,5,mean_imputation,1,0.4203657088748436,0.0,0.4203657088748436,0.4203657088748436,0.4203657088748436,0.4203657088748436,0.4203657088748436,0.08367659940404332,0.0,0.08367659940404332,0.08367659940404332,0.08367659940404332,0.08367659940404332,0.08367659940404332
gender_recognition_by_voice,missing_not_at_random,5,median_imputation,1,0.4220187979964373,0.0,0.4220187979964373,0.4220187979964373,0.4220187979964373,0.4220187979964373,0.4220187979964373,0.07936681529374062,0.0,0.07936681529374062,0.07936681529374062,0.07936681529374062,0.07936681529374062,0.07936681529374062
gender_recognition_by_voice,missing_not_at_random,5,k_nearest_neighbors_imputation,1,0.3006320075362841,0.0,0.3006320075362841,0.3006320075362841,0.3006320075362841,0.3006320075362841,0.3006320075362841,0.05331897016470632,0.0,0.05331897016470632,0.05331897016470632,0.05331897016470632,0.05331897016470632,0.05331897016470632
gender_recognition_by_voice,missing_not_at_random,5,mice_imputation,1,0.3996737697487829,0.0,0.3996737697487829,0.3996737697487829,0.3996737697487829,0.3996737697487829,0.3996737697487829,0.06926321469408205,0.0,0.06926321469408205,0.06926321469408205,0.06926321469408205,0.06926321469408205,0.06926321469408205
gender_recognition_by_voice,missing_not_at_random,5,random_forest_imputation,1,0.2626053708813984,0.0,0.2626053708813984,0.2626053708813984,0.2626053708813984,0.2626053708813984,0.2626053708813984,0.041493004423338815,0.0,0.041493004423338815,0.041493004423338815,0.041493004423338815,0.041493004423338815,0.041493004423338815
gender_recognition_by_voice,missing_not_at_random,5,gain_imputation,1,0.35356629669788653,0.0,0.35356629669788653,0.35356629669788653,0.35356629669788653,0.35356629669788653,0.35356629669788653,0.05757860341161519,0.0,0.05757860341161519,0.05757860341161519,0.05757860341161519,0.05757860341161519,0.05757860341161519
gender_recognition_by_voice,missing_not_at_random,5,tabcsdi_imputation,1,0.35405255776798783,0.0,0.35405255776798783,0.35405255776798783,0.35405255776798783,0.35405255776798783,0.35405255776798783,0.049188028060354966,0.0,0.049188028060354966,0.049188028060354966,0.049188028060354966,0.049188028060354966,0.049188028060354966
gender_recognition_by_voice,missing_not_at_random,5,otimpute_imputation,1,0.347121841443848,0.0,0.347121841443848,0.347121841443848,0.347121841443848,0.347121841443848,0.347121841443848,0.06350034711503828,0.0,0.06350034711503828,0.06350034711503828,0.06350034711503828,0.06350034711503828,0.06350034711503828
gender_recognition_by_voice,missing_not_at_random,4,k_nearest_neighbors_imputation,1,0.27913039550089114,0.0,0.27913039550089114,0.27913039550089114,0.27913039550089114,0.27913039550089114,0.27913039550089114,0.044033442963989956,0.0,0.044033442963989956,0.044033442963989956,0.044033442963989956,0.044033442963989956,0.044033442963989956
gender_recognition_by_voice,missing_not_at_random,6,k_nearest_neighbors_imputation,1,0.25261419543021946,0.0,0.25261419543021946,0.25261419543021946,0.25261419543021946,0.25261419543021946,0.25261419543021946,0.04984251109870897,0.0,0.04984251109870897,0.04984251109870897,0.04984251109870897,0.04984251109870897,0.04984251109870897
gender_recognition_by_voice,missing_not_at_random,8,k_nearest_neighbors_imputation,1,0.2974480555769551,0.0,0.2974480555769551,0.2974480555769551,0.2974480555769551,0.2974480555769551,0.2974480555769551,0.06828857057181653,0.0,0.06828857057181653,0.06828857057181653,0.06828857057181653,0.06828857057181653,0.06828857057181653
gender_recognition_by_voice,missing_not_at_random,10,constant_imputation,1,0.431101657580098,0.0,0.431101657580098,0.431101657580098,0.431101657580098,0.431101657580098,0.431101657580098,0.12356460417227266,0.0,0.12356460417227266,0.12356460417227266,0.12356460417227266,0.12356460417227266,0.12356460417227266
gender_recognition_by_voice,missing_not_at_random,10,mean_imputation,1,0.5292603468810406,0.0,0.5292603468810406,0.5292603468810406,0.5292603468810406,0.5292603468810406,0.5292603468810406,0.1544801365500236,0.0,0.1544801365500236,0.1544801365500236,0.1544801365500236,0.1544801365500236,0.1544801365500236
gender_recognition_by_voice,missing_not_at_random,10,median_imputation,1,0.5269364182100378,0.0,0.5269364182100378,0.5269364182100378,0.5269364182100378,0.5269364182100378,0.5269364182100378,0.1503994260631443,0.0,0.1503994260631443,0.1503994260631443,0.1503994260631443,0.1503994260631443,0.1503994260631443
gender_recognition_by_voice,missing_not_at_random,10,k_nearest_neighbors_imputation,1,0.3404032218510735,0.0,0.3404032218510735,0.3404032218510735,0.3404032218510735,0.3404032218510735,0.3404032218510735,0.0881891446324481,0.0,0.0881891446324481,0.0881891446324481,0.0881891446324481,0.0881891446324481,0.0881891446324481
gender_recognition_by_voice,missing_not_at_random,10,mice_imputation,1,0.2924043456824294,0.0,0.2924043456824294,0.2924043456824294,0.2924043456824294,0.2924043456824294,0.2924043456824294,0.06659706556525102,0.0,0.06659706556525102,0.06659706556525102,0.06659706556525102,0.06659706556525102,0.06659706556525102
gender_recognition_by_voice,missing_not_at_random,10,random_forest_imputation,1,0.2814817044449293,0.0,0.2814817044449293,0.2814817044449293,0.2814817044449293,0.2814817044449293,0.2814817044449293,0.0654640214910546,0.0,0.0654640214910546,0.0654640214910546,0.0654640214910546,0.0654640214910546,0.0654640214910546
gender_recognition_by_voice,missing_not_at_random,10,gain_imputation,1,0.46540157118342285,0.0,0.46540157118342285,0.46540157118342285,0.46540157118342285,0.46540157118342285,0.46540157118342285,0.1123037186941052,0.0,0.1123037186941052,0.1123037186941052,0.1123037186941052,0.1123037186941052,0.1123037186941052
gender_recognition_by_voice,missing_not_at_random,10,tabcsdi_imputation,1,0.447045024008041,0.0,0.447045024008041,0.447045024008041,0.447045024008041,0.447045024008041,0.447045024008041,0.0882444752888298,0.0,0.0882444752888298,0.0882444752888298,0.0882444752888298,0.0882444752888298,0.0882444752888298
gender_recognition_by_voice,missing_not_at_random,10,otimpute_imputation,1,0.40824450026483067,0.0,0.40824450026483067,0.40824450026483067,0.40824450026483067,0.40824450026483067,0.40824450026483067,0.11071614244597464,0.0,0.11071614244597464,0.11071614244597464,0.11071614244597464,0.11071614244597464,0.11071614244597464
gender_recognition_by_voice,missing_not_at_random,15,k_nearest_neighbors_imputation,1,0.4621873087224855,0.0,0.4621873087224855,0.4621873087224855,0.4621873087224855,0.4621873087224855,0.4621873087224855,0.1510388972986223,0.0,0.1510388972986223,0.1510388972986223,0.1510388972986223,0.1510388972986223,0.1510388972986223
gender_recognition_by_voice,missing_not_at_random,20,k_nearest_neighbors_imputation,1,0.5195439691951959,0.0,0.5195439691951959,0.5195439691951959,0.5195439691951959,0.5195439691951959,0.5195439691951959,0.19179235482398846,0.0,0.19179235482398846,0.19179235482398846,0.19179235482398846,0.19179235482398846,0.19179235482398846
gender_recognition_by_voice,missing_not_at_random,25,constant_imputation,1,0.4295621263215696,0.0,0.4295621263215696,0.4295621263215696,0.4295621263215696,0.4295621263215696,0.4295621263215696,0.16852313573290192,0.0,0.16852313573290192,0.16852313573290192,0.16852313573290192,0.16852313573290192,0.16852313573290192
gender_recognition_by_voice,missing_not_at_random,25,mean_imputation,1,0.7361436695109005,0.0,0.7361436695109005,0.7361436695109005,0.7361436695109005,0.7361436695109005,0.7361436695109005,0.3305397119218917,0.0,0.3305397119218917,0.3305397119218917,0.3305397119218917,0.3305397119218917,0.3305397119218917
gender_recognition_by_voice,missing_not_at_random,25,median_imputation,1,0.6518446073206775,0.0,0.6518446073206775,0.6518446073206775,0.6518446073206775,0.6518446073206775,0.6518446073206775,0.27207107632122896,0.0,0.27207107632122896,0.27207107632122896,0.27207107632122896,0.27207107632122896,0.27207107632122896
gender_recognition_by_voice,missing_not_at_random,25,k_nearest_neighbors_imputation,1,0.6577087010109238,0.0,0.6577087010109238,0.6577087010109238,0.6577087010109238,0.6577087010109238,0.6577087010109238,0.2654995296438759,0.0,0.2654995296438759,0.2654995296438759,0.2654995296438759,0.2654995296438759,0.2654995296438759
gender_recognition_by_voice,missing_not_at_random,25,mice_imputation,1,0.5953498645078603,0.0,0.5953498645078603,0.5953498645078603,0.5953498645078603,0.5953498645078603,0.5953498645078603,0.20900162798519215,0.0,0.20900162798519215,0.20900162798519215,0.20900162798519215,0.20900162798519215,0.20900162798519215
gender_recognition_by_voice,missing_not_at_random,25,random_forest_imputation,1,0.6883731322528217,0.0,0.6883731322528217,0.6883731322528217,0.6883731322528217,0.6883731322528217,0.6883731322528217,0.2594261984719116,0.0,0.2594261984719116,0.2594261984719116,0.2594261984719116,0.2594261984719116,0.2594261984719116
gender_recognition_by_voice,missing_not_at_random,25,gain_imputation,1,0.7731620103509363,0.0,0.7731620103509363,0.7731620103509363,0.7731620103509363,0.7731620103509363,0.7731620103509363,0.2894674576937416,0.0,0.2894674576937416,0.2894674576937416,0.2894674576937416,0.2894674576937416,0.2894674576937416
gender_recognition_by_voice,missing_not_at_random,25,tabcsdi_imputation,1,0.7318745552245132,0.0,0.7318745552245132,0.7318745552245132,0.7318745552245132,0.7318745552245132,0.7318745552245132,0.27210269079335087,0.0,0.27210269079335087,0.27210269079335087,0.27210269079335087,0.27210269079335087,0.27210269079335087
gender_recognition_by_voice,missing_not_at_random,25,otimpute_imputation,1,0.666008639963337,0.0,0.666008639963337,0.666008639963337,0.666008639963337,0.666008639963337,0.666008639963337,0.2766321067228109,0.0,0.2766321067228109,0.2766321067228109,0.2766321067228109,0.2766321067228109,0.2766321067228109
gender_recognition_by_voice,missing_not_at_random,30,k_nearest_neighbors_imputation,1,0.7708997631611416,0.0,0.7708997631611416,0.7708997631611416,0.7708997631611416,0.7708997631611416,0.7708997631611416,0.34795138588251306,0.0,0.34795138588251306,0.34795138588251306,0.34795138588251306,0.34795138588251306,0.34795138588251306
gender_recognition_by_voice,missing_not_at_random,40,k_nearest_neighbors_imputation,1,1.0045417941560193,0.0,1.0045417941560193,1.0045417941560193,1.0045417941560193,1.0045417941560193,1.0045417941560193,0.5297369828828199,0.0,0.5297369828828199,0.5297369828828199,0.5297369828828199,0.5297369828828199,0.5297369828828199
cnn_stock_pred_dji,missing_completely_at_random,2,k_nearest_neighbors_imputation,1,0.0867558914754455,0.0,0.0867558914754455,0.0867558914754455,0.0867558914754455,0.0867558914754455,0.0867558914754455,0.007548183839522105,0.0,0.007548183839522105,0.007548183839522105,0.007548183839522105,0.007548183839522105,0.007548183839522105
cnn_stock_pred_dji,missing_completely_at_random,1,k_nearest_neighbors_imputation,1,0.06906041581852645,0.0,0.06906041581852645,0.06906041581852645,0.06906041581852645,0.06906041581852645,0.06906041581852645,0.004016479291516637,0.0,0.004016479291516637,0.004016479291516637,0.004016479291516637,0.004016479291516637,0.004016479291516637
cnn_stock_pred_dji,missing_completely_at_random,3,k_nearest_neighbors_imputation,1,0.10124756461356954,0.0,0.10124756461356954,0.10124756461356954,0.10124756461356954,0.10124756461356954,0.10124756461356954,0.011078995170723006,0.0,0.011078995170723006,0.011078995170723006,0.011078995170723006,0.011078995170723006,0.011078995170723006
cnn_stock_pred_dji,missing_completely_at_random,4,k_nearest_neighbors_imputation,1,0.11774395953237533,0.0,0.11774395953237533,0.11774395953237533,0.11774395953237533,0.11774395953237533,0.11774395953237533,0.01517918999048594,0.0,0.01517918999048594,0.01517918999048594,0.01517918999048594,0.01517918999048594,0.01517918999048594
cnn_stock_pred_dji,missing_completely_at_random,10,constant_imputation,1,0.3101109568329898,0.0,0.3101109568329898,0.3101109568329898,0.3101109568329898,0.3101109568329898,0.3101109568329898,0.07511364632712321,0.0,0.07511364632712321,0.07511364632712321,0.07511364632712321,0.07511364632712321,0.07511364632712321
cnn_stock_pred_dji,missing_completely_at_random,10,mean_imputation,1,0.31093277826167237,0.0,0.31093277826167237,0.31093277826167237,0.31093277826167237,0.31093277826167237,0.31093277826167237,0.0754274243904172,0.0,0.0754274243904172,0.0754274243904172,0.0754274243904172,0.0754274243904172,0.0754274243904172
cnn_stock_pred_dji,missing_completely_at_random,10,median_imputation,1,0.3214958612692015,0.0,0.3214958612692015,0.3214958612692015,0.3214958612692015,0.3214958612692015,0.3214958612692015,0.07317620594294925,0.0,0.07317620594294925,0.07317620594294925,0.07317620594294925,0.07317620594294925,0.07317620594294925
cnn_stock_pred_dji,missing_completely_at_random,10,k_nearest_neighbors_imputation,1,0.20204802193886687,0.0,0.20204802193886687,0.20204802193886687,0.20204802193886687,0.20204802193886687,0.20204802193886687,0.0397397203864187,0.0,0.0397397203864187,0.0397397203864187,0.0397397203864187,0.0397397203864187,0.0397397203864187
cnn_stock_pred_dji,missing_completely_at_random,10,mice_imputation,9,0.29444579372698854,0.009571435211717544,0.296967373532642,0.284959696214803,0.30333153290251214,0.28708853733430206,0.301803050119675,0.06293246339381126,0.0022556230311376736,0.0628226463050563,0.06188641381310026,0.0644110888798876,0.06119863804805618,0.06466628873956633
cnn_stock_pred_dji,missing_completely_at_random,10,random_forest_imputation,9,0.21447852815506607,0.009600261625019,0.2127086680659105,0.20875134528524325,0.22159611432317167,0.20709911381962084,0.2218579424905113,0.045002985589904426,0.0016047165974909993,0.04509486012326645,0.04430599693723295,0.045591017411300006,0.04376949122002276,0.046236479959786095
cnn_stock_pred_dji,missing_completely_at_random,10,gain_imputation,9,0.24689615420335734,0.021101521569561504,0.2384938022027762,0.23025518214874618,0.2599280156065387,0.2306760888705211,0.2631162195361936,0.053344749188277064,0.004736346180050948,0.053261423572585315,0.05027160398301311,0.054668751020546164,0.04970407122929175,0.05698542714726238
cnn_stock_pred_dji,missing_completely_at_random,10,tabcsdi_imputation,9,0.35902299061051623,0.04030888734225086,0.3517085510294583,0.3360764077351178,0.3937865368032944,0.3280388369782798,0.3900071442427527,0.07103689335856694,0.004859188470032021,0.07090974728577487,0.06707512077517741,0.0761781224061634,0.0673017904566902,0.07477199626044369
cnn_stock_pred_dji,missing_completely_at_random,10,otimpute_imputation,9,0.22234553465845439,0.012500254133690101,0.21950694216607022,0.21385021546175179,0.23116155309910016,0.21273698875065694,0.23195408056625183,0.04863256823571955,0.0015578807626390433,0.04849493787958574,0.04757345189571183,0.049797499180505495,0.047435075075452665,0.04983006139598643
cnn_stock_pred_dji,missing_completely_at_random,15,k_nearest_neighbors_imputation,1,0.2591238402820915,0.0,0.2591238402820915,0.2591238402820915,0.2591238402820915,0.2591238402820915,0.2591238402820915,0.06419971755720176,0.0,0.06419971755720176,0.06419971755720176,0.06419971755720176,0.06419971755720176,0.06419971755720176
cnn_stock_pred_dji,missing_completely_at_random,8,k_nearest_neighbors_imputation,1,0.176109197777693,0.0,0.176109197777693,0.176109197777693,0.176109197777693,0.176109197777693,0.176109197777693,0.031405316186228806,0.0,0.031405316186228806,0.031405316186228806,0.031405316186228806,0.031405316186228806,0.031405316186228806
cnn_stock_pred_dji,missing_completely_at_random,5,constant_imputation,1,0.2061668102797989,0.0,0.2061668102797989,0.2061668102797989,0.2061668102797989,0.2061668102797989,0.2061668102797989,0.035911437309904724,0.0,0.035911437309904724,0.035911437309904724,0.035911437309904724,0.035911437309904724,0.035911437309904724
cnn_stock_pred_dji,missing_completely_at_random,5,mean_imputation,1,0.2066128676317314,0.0,0.2066128676317314,0.2066128676317314,0.2066128676317314,0.2066128676317314,0.2066128676317314,0.03606632275781002,0.0,0.03606632275781002,0.03606632275781002,0.03606632275781002,0.03606632275781002,0.03606632275781002
cnn_stock_pred_dji,missing_completely_at_random,5,median_imputation,1,0.21051778875004104,0.0,0.21051778875004104,0.21051778875004104,0.21051778875004104,0.21051778875004104,0.21051778875004104,0.034412895243495195,0.0,0.034412895243495195,0.034412895243495195,0.034412895243495195,0.034412895243495195,0.034412895243495195
cnn_stock_pred_dji,missing_completely_at_random,5,k_nearest_neighbors_imputation,1,0.13154208919057664,0.0,0.13154208919057664,0.13154208919057664,0.13154208919057664,0.13154208919057664,0.13154208919057664,0.01906038636860012,0.0,0.01906038636860012,0.01906038636860012,0.01906038636860012,0.01906038636860012,0.01906038636860012
cnn_stock_pred_dji,missing_completely_at_random,5,mice_imputation,9,0.21275704963910347,0.01017135816619861,0.21233749582479064,0.2071663654423167,0.21902364987243111,0.20493865164180458,0.22057544763640236,0.03141240977447066,0.0014010367587089232,0.0314716647681768,0.030790093594082413,0.032163629272150274,0.030335477588085392,0.032489341960855934
cnn_stock_pred_dji,missing_completely_at_random,5,random_forest_imputation,9,0.15116868549845494,0.011315945794301693,0.15226708740159023,0.14654833624879282,0.1606718180565944,0.14247047956665299,0.1598668914302569,0.022189122454624396,0.0013677382070444158,0.022443448496260083,0.021267579639820056,0.022664838885536092,0.021137785800850677,0.023240459108398115
cnn_stock_pred_dji,missing_completely_at_random,5,gain_imputation,9,0.18702345979492005,0.01618121730567569,0.1872747631105482,0.17326203455637781,0.1969879979380767,0.17458547512174494,0.19946144446809516,0.02848392435240365,0.001571079583389528,0.028583691532594435,0.027408307763386763,0.029545555499825495,0.027276285680393284,0.029691563024414013
cnn_stock_pred_dji,missing_completely_at_random,5,tabcsdi_imputation,9,0.23765704928097797,0.02685119513605297,0.23447112634450779,0.22336260597225727,0.25148929638691797,0.21701739360800726,0.2582967049539487,0.03350991937721467,0.0024964930583114327,0.034029260011132614,0.032840070392628665,0.03442729855538745,0.03159094493855645,0.035428893815872886
cnn_stock_pred_dji,missing_completely_at_random,5,otimpute_imputation,9,0.16067581561725516,0.012227201921928227,0.16575019415766237,0.15237910431440727,0.16656231089471946,0.15127715621927423,0.1700744750152361,0.02496861822691856,0.001095939380511234,0.025170792525945455,0.0243525075480862,0.025481287103919333,0.024126204645787894,0.025811031808049223
cnn_stock_pred_dji,missing_completely_at_random,6,k_nearest_neighbors_imputation,1,0.15033201407704716,0.0,0.15033201407704716,0.15033201407704716,0.15033201407704716,0.15033201407704716,0.15033201407704716,0.02332323609437719,0.0,0.02332323609437719,0.02332323609437719,0.02332323609437719,0.02332323609437719,0.02332323609437719
cnn_stock_pred_dji,missing_completely_at_random,25,constant_imputation,1,0.4960947778239911,0.0,0.4960947778239911,0.4960947778239911,0.4960947778239911,0.4960947778239911,0.4960947778239911,0.19261126636248302,0.0,0.19261126636248302,0.19261126636248302,0.19261126636248302,0.19261126636248302,0.19261126636248302
cnn_stock_pred_dji,missing_completely_at_random,25,mean_imputation,1,0.497218524628091,0.0,0.497218524628091,0.497218524628091,0.497218524628091,0.497218524628091,0.497218524628091,0.19316744179829778,0.0,0.19316744179829778,0.19316744179829778,0.19316744179829778,0.19316744179829778,0.19316744179829778
cnn_stock_pred_dji,missing_completely_at_random,25,median_imputation,1,0.5131593465254946,0.0,0.5131593465254946,0.5131593465254946,0.5131593465254946,0.5131593465254946,0.5131593465254946,0.1876779782173785,0.0,0.1876779782173785,0.1876779782173785,0.1876779782173785,0.1876779782173785,0.1876779782173785
cnn_stock_pred_dji,missing_completely_at_random,25,k_nearest_neighbors_imputation,1,0.33706414448293714,0.0,0.33706414448293714,0.33706414448293714,0.33706414448293714,0.33706414448293714,0.33706414448293714,0.10777918974374737,0.0,0.10777918974374737,0.10777918974374737,0.10777918974374737,0.10777918974374737,0.10777918974374737
cnn_stock_pred_dji,missing_completely_at_random,25,mice_imputation,9,0.4819862570732074,0.01601025121989876,0.4861550898946052,0.4727254248068824,0.4920808536786753,0.4696796885669594,0.4942928255794554,0.16376916775767925,0.00493057494561865,0.16344580144148566,0.1633451557666992,0.16660160396375986,0.15997919235316901,0.16755914316218948
cnn_stock_pred_dji,missing_completely_at_random,25,random_forest_imputation,9,0.37794394103865153,0.013132295917917371,0.37982633182202646,0.36723028717610606,0.3892152200440937,0.36784956480817077,0.3880383172691323,0.1255903755085881,0.0038172403762913834,0.12500611503976233,0.12260636895608745,0.1285024863156089,0.12265618481098935,0.12852456620618682
cnn_stock_pred_dji,missing_completely_at_random,25,gain_imputation,9,0.3735249763227992,0.017760281284890742,0.3684429116654959,0.3622995458492816,0.3807547917628892,0.35987321562768343,0.38717673701791494,0.1263906499329801,0.007349889436086443,0.12431585057088278,0.12252539148804518,0.12504531925853507,0.12074102478867718,0.13204027507728303
cnn_stock_pred_dji,missing_completely_at_random,25,tabcsdi_imputation,9,0.5599019960449008,0.06413321486344363,0.534762136326173,0.5213983119299764,0.576403985972877,0.510604843151888,0.6091991489379135,0.1752814516781679,0.011472072265599065,0.17224034740759608,0.1677915634871403,0.18098258785053253,0.1664632363168904,0.18409966703944539
cnn_stock_pred_dji,missing_completely_at_random,25,otimpute_imputation,9,0.3632062049098964,0.011762150151645239,0.36248371654516753,0.35912814690939104,0.3658143375519031,0.3541650159470343,0.3722473938727585,0.12626545338070783,0.002939268654167303,0.12628682260615492,0.12403121229197546,0.12805467288477054,0.12400613149037923,0.12852477527103642
cnn_stock_pred_dji,missing_completely_at_random,20,k_nearest_neighbors_imputation,1,0.2918445318938528,0.0,0.2918445318938528,0.2918445318938528,0.2918445318938528,0.2918445318938528,0.2918445318938528,0.08423267395284452,0.0,0.08423267395284452,0.08423267395284452,0.08423267395284452,0.08423267395284452,0.08423267395284452
cnn_stock_pred_dji,missing_completely_at_random,30,k_nearest_neighbors_imputation,1,0.3767798665033761,0.0,0.3767798665033761,0.3767798665033761,0.3767798665033761,0.3767798665033761,0.3767798665033761,0.1324787733683937,0.0,0.1324787733683937,0.1324787733683937,0.1324787733683937,0.1324787733683937,0.1324787733683937
cnn_stock_pred_dji,missing_completely_at_random,40,k_nearest_neighbors_imputation,1,0.4563393641739015,0.0,0.4563393641739015,0.4563393641739015,0.4563393641739015,0.4563393641739015,0.4563393641739015,0.18651102585341506,0.0,0.18651102585341506,0.18651102585341506,0.18651102585341506,0.18651102585341506,0.18651102585341506
cnn_stock_pred_dji,missing_at_random,3,k_nearest_neighbors_imputation,1,0.03267181468106168,0.0,0.03267181468106168,0.03267181468106168,0.03267181468106168,0.03267181468106168,0.03267181468106168,0.003421442251821423,0.0,0.003421442251821423,0.003421442251821423,0.003421442251821423,0.003421442251821423,0.003421442251821423
cnn_stock_pred_dji,missing_at_random,2,k_nearest_neighbors_imputation,1,0.024967014744145487,0.0,0.024967014744145487,0.024967014744145487,0.024967014744145487,0.024967014744145487,0.024967014744145487,0.002126078025084144,0.0,0.002126078025084144,0.002126078025084144,0.002126078025084144,0.002126078025084144,0.002126078025084144
cnn_stock_pred_dji,missing_at_random,1,k_nearest_neighbors_imputation,1,0.0205386127270768,0.0,0.0205386127270768,0.0205386127270768,0.0205386127270768,0.0205386127270768,0.0205386127270768,0.0011556526705180778,0.0,0.0011556526705180778,0.0011556526705180778,0.0011556526705180778,0.0011556526705180778,0.0011556526705180778
cnn_stock_pred_dji,missing_at_random,4,k_nearest_neighbors_imputation,1,0.036115762794683315,0.0,0.036115762794683315,0.036115762794683315,0.036115762794683315,0.036115762794683315,0.036115762794683315,0.004477027823910754,0.0,0.004477027823910754,0.004477027823910754,0.004477027823910754,0.004477027823910754,0.004477027823910754
cnn_stock_pred_dji,missing_at_random,10,constant_imputation,1,0.2802262577379511,0.0,0.2802262577379511,0.2802262577379511,0.2802262577379511,0.2802262577379511,0.2802262577379511,0.08453957039170319,0.0,0.08453957039170319,0.08453957039170319,0.08453957039170319,0.08453957039170319,0.08453957039170319
cnn_stock_pred_dji,missing_at_random,10,mean_imputation,1,0.33927103558272687,0.0,0.33927103558272687,0.33927103558272687,0.33927103558272687,0.33927103558272687,0.33927103558272687,0.10305945167850153,0.0,0.10305945167850153,0.10305945167850153,0.10305945167850153,0.10305945167850153,0.10305945167850153
cnn_stock_pred_dji,missing_at_random,10,median_imputation,1,0.2798739071489327,0.0,0.2798739071489327,0.2798739071489327,0.2798739071489327,0.2798739071489327,0.2798739071489327,0.0824238356382373,0.0,0.0824238356382373,0.0824238356382373,0.0824238356382373,0.0824238356382373,0.0824238356382373
cnn_stock_pred_dji,missing_at_random,10,k_nearest_neighbors_imputation,1,0.08451671486265178,0.0,0.08451671486265178,0.08451671486265178,0.08451671486265178,0.08451671486265178,0.08451671486265178,0.016651116258482868,0.0,0.016651116258482868,0.016651116258482868,0.016651116258482868,0.016651116258482868,0.016651116258482868
cnn_stock_pred_dji,missing_at_random,10,mice_imputation,1,0.14869099966153707,0.0,0.14869099966153707,0.14869099966153707,0.14869099966153707,0.14869099966153707,0.14869099966153707,0.02896037887986271,0.0,0.02896037887986271,0.02896037887986271,0.02896037887986271,0.02896037887986271,0.02896037887986271
cnn_stock_pred_dji,missing_at_random,10,random_forest_imputation,1,0.09420495708889205,0.0,0.09420495708889205,0.09420495708889205,0.09420495708889205,0.09420495708889205,0.09420495708889205,0.01897496882598446,0.0,0.01897496882598446,0.01897496882598446,0.01897496882598446,0.01897496882598446,0.01897496882598446
cnn_stock_pred_dji,missing_at_random,10,gain_imputation,1,0.1287669402113836,0.0,0.1287669402113836,0.1287669402113836,0.1287669402113836,0.1287669402113836,0.1287669402113836,0.02650123628786677,0.0,0.02650123628786677,0.02650123628786677,0.02650123628786677,0.02650123628786677,0.02650123628786677
cnn_stock_pred_dji,missing_at_random,10,tabcsdi_imputation,1,0.14126117479004832,0.0,0.14126117479004832,0.14126117479004832,0.14126117479004832,0.14126117479004832,0.14126117479004832,0.03169930802149114,0.0,0.03169930802149114,0.03169930802149114,0.03169930802149114,0.03169930802149114,0.03169930802149114
cnn_stock_pred_dji,missing_at_random,10,otimpute_imputation,1,0.15810006798804438,0.0,0.15810006798804438,0.15810006798804438,0.15810006798804438,0.15810006798804438,0.15810006798804438,0.04525365411413171,0.0,0.04525365411413171,0.04525365411413171,0.04525365411413171,0.04525365411413171,0.04525365411413171
cnn_stock_pred_dji,missing_at_random,8,k_nearest_neighbors_imputation,1,0.06600330720874878,0.0,0.06600330720874878,0.06600330720874878,0.06600330720874878,0.06600330720874878,0.06600330720874878,0.011185674246022624,0.0,0.011185674246022624,0.011185674246022624,0.011185674246022624,0.011185674246022624,0.011185674246022624
cnn_stock_pred_dji,missing_at_random,6,k_nearest_neighbors_imputation,1,0.05130636764417217,0.0,0.05130636764417217,0.05130636764417217,0.05130636764417217,0.05130636764417217,0.05130636764417217,0.0074835638566736334,0.0,0.0074835638566736334,0.0074835638566736334,0.0074835638566736334,0.0074835638566736334,0.0074835638566736334
cnn_stock_pred_dji,missing_at_random,5,constant_imputation,1,0.2018842176175059,0.0,0.2018842176175059,0.2018842176175059,0.2018842176175059,0.2018842176175059,0.2018842176175059,0.04356150539393159,0.0,0.04356150539393159,0.04356150539393159,0.04356150539393159,0.04356150539393159,0.04356150539393159
cnn_stock_pred_dji,missing_at_random,5,mean_imputation,1,0.222468046202111,0.0,0.222468046202111,0.222468046202111,0.222468046202111,0.222468046202111,0.222468046202111,0.048138107383449646,0.0,0.048138107383449646,0.048138107383449646,0.048138107383449646,0.048138107383449646,0.048138107383449646
cnn_stock_pred_dji,missing_at_random,5,median_imputation,1,0.17549311615813826,0.0,0.17549311615813826,0.17549311615813826,0.17549311615813826,0.17549311615813826,0.17549311615813826,0.036542275895309555,0.0,0.036542275895309555,0.036542275895309555,0.036542275895309555,0.036542275895309555,0.036542275895309555
cnn_stock_pred_dji,missing_at_random,5,k_nearest_neighbors_imputation,1,0.043168543192755975,0.0,0.043168543192755975,0.043168543192755975,0.043168543192755975,0.043168543192755975,0.043168543192755975,0.005842988055126584,0.0,0.005842988055126584,0.005842988055126584,0.005842988055126584,0.005842988055126584,0.005842988055126584
cnn_stock_pred_dji,missing_at_random,5,mice_imputation,1,0.08463595797840429,0.0,0.08463595797840429,0.08463595797840429,0.08463595797840429,0.08463595797840429,0.08463595797840429,0.011100153327390234,0.0,0.011100153327390234,0.011100153327390234,0.011100153327390234,0.011100153327390234,0.011100153327390234
cnn_stock_pred_dji,missing_at_random,5,random_forest_imputation,1,0.05048991166773187,0.0,0.05048991166773187,0.05048991166773187,0.05048991166773187,0.05048991166773187,0.05048991166773187,0.007135663703927558,0.0,0.007135663703927558,0.007135663703927558,0.007135663703927558,0.007135663703927558,0.007135663703927558
cnn_stock_pred_dji,missing_at_random,5,gain_imputation,1,0.1209344363171752,0.0,0.1209344363171752,0.1209344363171752,0.1209344363171752,0.1209344363171752,0.1209344363171752,0.01479370455368843,0.0,0.01479370455368843,0.01479370455368843,0.01479370455368843,0.01479370455368843,0.01479370455368843
cnn_stock_pred_dji,missing_at_random,5,tabcsdi_imputation,1,0.12848538776848217,0.0,0.12848538776848217,0.12848538776848217,0.12848538776848217,0.12848538776848217,0.12848538776848217,0.01027076024336308,0.0,0.01027076024336308,0.01027076024336308,0.01027076024336308,0.01027076024336308,0.01027076024336308
cnn_stock_pred_dji,missing_at_random,5,otimpute_imputation,1,0.09270944278483796,0.0,0.09270944278483796,0.09270944278483796,0.09270944278483796,0.09270944278483796,0.09270944278483796,0.018992602970616616,0.0,0.018992602970616616,0.018992602970616616,0.018992602970616616,0.018992602970616616,0.018992602970616616
cnn_stock_pred_dji,missing_at_random,15,k_nearest_neighbors_imputation,1,0.16179919751300526,0.0,0.16179919751300526,0.16179919751300526,0.16179919751300526,0.16179919751300526,0.16179919751300526,0.04465424049807069,0.0,0.04465424049807069,0.04465424049807069,0.04465424049807069,0.04465424049807069,0.04465424049807069
cnn_stock_pred_dji,missing_at_random,25,constant_imputation,1,0.40678864470460685,0.0,0.40678864470460685,0.40678864470460685,0.40678864470460685,0.40678864470460685,0.40678864470460685,0.1804643503558669,0.0,0.1804643503558669,0.1804643503558669,0.1804643503558669,0.1804643503558669,0.1804643503558669
cnn_stock_pred_dji,missing_at_random,25,mean_imputation,1,0.6203778619872443,0.0,0.6203778619872443,0.6203778619872443,0.6203778619872443,0.6203778619872443,0.6203778619872443,0.2881055767357984,0.0,0.2881055767357984,0.2881055767357984,0.2881055767357984,0.2881055767357984,0.2881055767357984
cnn_stock_pred_dji,missing_at_random,25,median_imputation,1,0.5392832122730641,0.0,0.5392832122730641,0.5392832122730641,0.5392832122730641,0.5392832122730641,0.5392832122730641,0.24505172075205467,0.0,0.24505172075205467,0.24505172075205467,0.24505172075205467,0.24505172075205467,0.24505172075205467
cnn_stock_pred_dji,missing_at_random,25,k_nearest_neighbors_imputation,1,0.30458164881784705,0.0,0.30458164881784705,0.30458164881784705,0.30458164881784705,0.30458164881784705,0.30458164881784705,0.12293549926921574,0.0,0.12293549926921574,0.12293549926921574,0.12293549926921574,0.12293549926921574,0.12293549926921574
cnn_stock_pred_dji,missing_at_random,25,mice_imputation,1,0.4708507528848036,0.0,0.4708507528848036,0.4708507528848036,0.4708507528848036,0.4708507528848036,0.4708507528848036,0.17687426141397172,0.0,0.17687426141397172,0.17687426141397172,0.17687426141397172,0.17687426141397172,0.17687426141397172
cnn_stock_pred_dji,missing_at_random,25,random_forest_imputation,1,0.34822697848957995,0.0,0.34822697848957995,0.34822697848957995,0.34822697848957995,0.34822697848957995,0.34822697848957995,0.13694449243034845,0.0,0.13694449243034845,0.13694449243034845,0.13694449243034845,0.13694449243034845,0.13694449243034845
cnn_stock_pred_dji,missing_at_random,25,gain_imputation,1,0.334913162879119,0.0,0.334913162879119,0.334913162879119,0.334913162879119,0.334913162879119,0.334913162879119,0.11654422514116602,0.0,0.11654422514116602,0.11654422514116602,0.11654422514116602,0.11654422514116602,0.11654422514116602
cnn_stock_pred_dji,missing_at_random,25,tabcsdi_imputation,1,0.37263836421086133,0.0,0.37263836421086133,0.37263836421086133,0.37263836421086133,0.37263836421086133,0.37263836421086133,0.1339561466953554,0.0,0.1339561466953554,0.1339561466953554,0.1339561466953554,0.1339561466953554,0.1339561466953554
cnn_stock_pred_dji,missing_at_random,25,otimpute_imputation,1,0.43657494625829313,0.0,0.43657494625829313,0.43657494625829313,0.43657494625829313,0.43657494625829313,0.43657494625829313,0.19085094937776714,0.0,0.19085094937776714,0.19085094937776714,0.19085094937776714,0.19085094937776714,0.19085094937776714
cnn_stock_pred_dji,missing_at_random,20,k_nearest_neighbors_imputation,1,0.23329604532223122,0.0,0.23329604532223122,0.23329604532223122,0.23329604532223122,0.23329604532223122,0.23329604532223122,0.08303204893863728,0.0,0.08303204893863728,0.08303204893863728,0.08303204893863728,0.08303204893863728,0.08303204893863728
cnn_stock_pred_dji,missing_at_random,40,k_nearest_neighbors_imputation,1,0.65977979909509,0.0,0.65977979909509,0.65977979909509,0.65977979909509,0.65977979909509,0.65977979909509,0.3627819871427495,0.0,0.3627819871427495,0.3627819871427495,0.3627819871427495,0.3627819871427495,0.3627819871427495
cnn_stock_pred_dji,missing_at_random,30,k_nearest_neighbors_imputation,1,0.42895469485150267,0.0,0.42895469485150267,0.42895469485150267,0.42895469485150267,0.42895469485150267,0.42895469485150267,0.19541723406539852,0.0,0.19541723406539852,0.19541723406539852,0.19541723406539852,0.19541723406539852,0.19541723406539852
cnn_stock_pred_dji,missing_not_at_random,2,k_nearest_neighbors_imputation,1,0.02972017069162673,0.0,0.02972017069162673,0.02972017069162673,0.02972017069162673,0.02972017069162673,0.02972017069162673,0.003144421835466496,0.0,0.003144421835466496,0.003144421835466496,0.003144421835466496,0.003144421835466496,0.003144421835466496
cnn_stock_pred_dji,missing_not_at_random,1,k_nearest_neighbors_imputation,1,0.021312512224652698,0.0,0.021312512224652698,0.021312512224652698,0.021312512224652698,0.021312512224652698,0.021312512224652698,0.001464909541378873,0.0,0.001464909541378873,0.001464909541378873,0.001464909541378873,0.001464909541378873,0.001464909541378873
cnn_stock_pred_dji,missing_not_at_random,3,k_nearest_neighbors_imputation,1,0.04247213259529047,0.0,0.04247213259529047,0.04247213259529047,0.04247213259529047,0.04247213259529047,0.04247213259529047,0.005284122198868342,0.0,0.005284122198868342,0.005284122198868342,0.005284122198868342,0.005284122198868342,0.005284122198868342
cnn_stock_pred_dji,missing_not_at_random,4,k_nearest_neighbors_imputation,1,0.046837551760538707,0.0,0.046837551760538707,0.046837551760538707,0.046837551760538707,0.046837551760538707,0.046837551760538707,0.007181225969074185,0.0,0.007181225969074185,0.007181225969074185,0.007181225969074185,0.007181225969074185,0.007181225969074185
cnn_stock_pred_dji,missing_not_at_random,6,k_nearest_neighbors_imputation,1,0.06768798968654552,0.0,0.06768798968654552,0.06768798968654552,0.06768798968654552,0.06768798968654552,0.06768798968654552,0.012888588114166969,0.0,0.012888588114166969,0.012888588114166969,0.012888588114166969,0.012888588114166969,0.012888588114166969
cnn_stock_pred_dji,missing_not_at_random,5,constant_imputation,1,0.21203093121775596,0.0,0.21203093121775596,0.21203093121775596,0.21203093121775596,0.21203093121775596,0.21203093121775596,0.04712193303900286,0.0,0.04712193303900286,0.04712193303900286,0.04712193303900286,0.04712193303900286,0.04712193303900286
cnn_stock_pred_dji,missing_not_at_random,5,mean_imputation,1,0.23548196613931996,0.0,0.23548196613931996,0.23548196613931996,0.23548196613931996,0.23548196613931996,0.23548196613931996,0.052335423502892546,0.0,0.052335423502892546,0.052335423502892546,0.052335423502892546,0.052335423502892546,0.052335423502892546
cnn_stock_pred_dji,missing_not_at_random,5,median_imputation,1,0.1764493317400692,0.0,0.1764493317400692,0.1764493317400692,0.1764493317400692,0.1764493317400692,0.1764493317400692,0.03871646584456365,0.0,0.03871646584456365,0.03871646584456365,0.03871646584456365,0.03871646584456365,0.03871646584456365
cnn_stock_pred_dji,missing_not_at_random,5,k_nearest_neighbors_imputation,1,0.058643292656175634,0.0,0.058643292656175634,0.058643292656175634,0.058643292656175634,0.058643292656175634,0.058643292656175634,0.00990161745895408,0.0,0.00990161745895408,0.00990161745895408,0.00990161745895408,0.00990161745895408,0.00990161745895408
cnn_stock_pred_dji,missing_not_at_random,5,mice_imputation,1,0.11245900306137918,0.0,0.11245900306137918,0.11245900306137918,0.11245900306137918,0.11245900306137918,0.11245900306137918,0.014634391895941429,0.0,0.014634391895941429,0.014634391895941429,0.014634391895941429,0.014634391895941429,0.014634391895941429
cnn_stock_pred_dji,missing_not_at_random,5,random_forest_imputation,1,0.07661060485878617,0.0,0.07661060485878617,0.07661060485878617,0.07661060485878617,0.07661060485878617,0.07661060485878617,0.0129687180477534,0.0,0.0129687180477534,0.0129687180477534,0.0129687180477534,0.0129687180477534,0.0129687180477534
cnn_stock_pred_dji,missing_not_at_random,5,gain_imputation,1,0.17441278076494457,0.0,0.17441278076494457,0.17441278076494457,0.17441278076494457,0.17441278076494457,0.17441278076494457,0.024127131032328844,0.0,0.024127131032328844,0.024127131032328844,0.024127131032328844,0.024127131032328844,0.024127131032328844
cnn_stock_pred_dji,missing_not_at_random,5,tabcsdi_imputation,1,0.08227159222344232,0.0,0.08227159222344232,0.08227159222344232,0.08227159222344232,0.08227159222344232,0.08227159222344232,0.012185773676909512,0.0,0.012185773676909512,0.012185773676909512,0.012185773676909512,0.012185773676909512,0.012185773676909512
cnn_stock_pred_dji,missing_not_at_random,5,otimpute_imputation,1,0.12163575721260496,0.0,0.12163575721260496,0.12163575721260496,0.12163575721260496,0.12163575721260496,0.12163575721260496,0.025874239531595334,0.0,0.025874239531595334,0.025874239531595334,0.025874239531595334,0.025874239531595334,0.025874239531595334
cnn_stock_pred_dji,missing_not_at_random,8,k_nearest_neighbors_imputation,1,0.08541424895351278,0.0,0.08541424895351278,0.08541424895351278,0.08541424895351278,0.08541424895351278,0.08541424895351278,0.019505532586545186,0.0,0.019505532586545186,0.019505532586545186,0.019505532586545186,0.019505532586545186,0.019505532586545186
cnn_stock_pred_dji,missing_not_at_random,10,constant_imputation,1,0.28990871210767827,0.0,0.28990871210767827,0.28990871210767827,0.28990871210767827,0.28990871210767827,0.28990871210767827,0.09107588681300295,0.0,0.09107588681300295,0.09107588681300295,0.09107588681300295,0.09107588681300295,0.09107588681300295
cnn_stock_pred_dji,missing_not_at_random,10,mean_imputation,1,0.36192346314318025,0.0,0.36192346314318025,0.36192346314318025,0.36192346314318025,0.36192346314318025,0.36192346314318025,0.11373591606791278,0.0,0.11373591606791278,0.11373591606791278,0.11373591606791278,0.11373591606791278,0.11373591606791278
cnn_stock_pred_dji,missing_not_at_random,10,median_imputation,1,0.2818875902247536,0.0,0.2818875902247536,0.2818875902247536,0.2818875902247536,0.2818875902247536,0.2818875902247536,0.08763764879569348,0.0,0.08763764879569348,0.08763764879569348,0.08763764879569348,0.08763764879569348,0.08763764879569348
cnn_stock_pred_dji,missing_not_at_random,10,k_nearest_neighbors_imputation,1,0.11225190928870162,0.0,0.11225190928870162,0.11225190928870162,0.11225190928870162,0.11225190928870162,0.11225190928870162,0.029882315563595274,0.0,0.029882315563595274,0.029882315563595274,0.029882315563595274,0.029882315563595274,0.029882315563595274
cnn_stock_pred_dji,missing_not_at_random,10,mice_imputation,1,0.20934884564518363,0.0,0.20934884564518363,0.20934884564518363,0.20934884564518363,0.20934884564518363,0.20934884564518363,0.04742264649383064,0.0,0.04742264649383064,0.04742264649383064,0.04742264649383064,0.04742264649383064,0.04742264649383064
cnn_stock_pred_dji,missing_not_at_random,10,random_forest_imputation,1,0.14057945164297872,0.0,0.14057945164297872,0.14057945164297872,0.14057945164297872,0.14057945164297872,0.14057945164297872,0.03652637638647487,0.0,0.03652637638647487,0.03652637638647487,0.03652637638647487,0.03652637638647487,0.03652637638647487
cnn_stock_pred_dji,missing_not_at_random,10,gain_imputation,1,0.343627797500795,0.0,0.343627797500795,0.343627797500795,0.343627797500795,0.343627797500795,0.343627797500795,0.0777524850780524,0.0,0.0777524850780524,0.0777524850780524,0.0777524850780524,0.0777524850780524,0.0777524850780524
cnn_stock_pred_dji,missing_not_at_random,10,tabcsdi_imputation,1,0.16107657890414337,0.0,0.16107657890414337,0.16107657890414337,0.16107657890414337,0.16107657890414337,0.16107657890414337,0.02867602988352199,0.0,0.02867602988352199,0.02867602988352199,0.02867602988352199,0.02867602988352199,0.02867602988352199
cnn_stock_pred_dji,missing_not_at_random,10,otimpute_imputation,1,0.20255978507019065,0.0,0.20255978507019065,0.20255978507019065,0.20255978507019065,0.20255978507019065,0.20255978507019065,0.061530771103674296,0.0,0.061530771103674296,0.061530771103674296,0.061530771103674296,0.061530771103674296,0.061530771103674296
cnn_stock_pred_dji,missing_not_at_random,15,k_nearest_neighbors_imputation,1,0.21931636980682245,0.0,0.21931636980682245,0.21931636980682245,0.21931636980682245,0.21931636980682245,0.21931636980682245,0.07939842304407972,0.0,0.07939842304407972,0.07939842304407972,0.07939842304407972,0.07939842304407972,0.07939842304407972
cnn_stock_pred_dji,missing_not_at_random,20,k_nearest_neighbors_imputation,1,0.3520354602353892,0.0,0.3520354602353892,0.3520354602353892,0.3520354602353892,0.3520354602353892,0.3520354602353892,0.15113135814676296,0.0,0.15113135814676296,0.15113135814676296,0.15113135814676296,0.15113135814676296,0.15113135814676296
cnn_stock_pred_dji,missing_not_at_random,25,constant_imputation,1,0.37693449665974477,0.0,0.37693449665974477,0.37693449665974477,0.37693449665974477,0.37693449665974477,0.37693449665974477,0.18110245923275559,0.0,0.18110245923275559,0.18110245923275559,0.18110245923275559,0.18110245923275559,0.18110245923275559
cnn_stock_pred_dji,missing_not_at_random,25,mean_imputation,1,0.7327745777602719,0.0,0.7327745777602719,0.7327745777602719,0.7327745777602719,0.7327745777602719,0.7327745777602719,0.36220491846551117,0.0,0.36220491846551117,0.36220491846551117,0.36220491846551117,0.36220491846551117,0.36220491846551117
cnn_stock_pred_dji,missing_not_at_random,25,median_imputation,1,0.6021169274882874,0.0,0.6021169274882874,0.6021169274882874,0.6021169274882874,0.6021169274882874,0.6021169274882874,0.29515000249547096,0.0,0.29515000249547096,0.29515000249547096,0.29515000249547096,0.29515000249547096,0.29515000249547096
cnn_stock_pred_dji,missing_not_at_random,25,k_nearest_neighbors_imputation,1,0.49950848835632483,0.0,0.49950848835632483,0.49950848835632483,0.49950848835632483,0.49950848835632483,0.49950848835632483,0.24176980197804443,0.0,0.24176980197804443,0.24176980197804443,0.24176980197804443,0.24176980197804443,0.24176980197804443
cnn_stock_pred_dji,missing_not_at_random,25,mice_imputation,1,0.6210688748968204,0.0,0.6210688748968204,0.6210688748968204,0.6210688748968204,0.6210688748968204,0.6210688748968204,0.264710756282982,0.0,0.264710756282982,0.264710756282982,0.264710756282982,0.264710756282982,0.264710756282982
cnn_stock_pred_dji,missing_not_at_random,25,random_forest_imputation,1,0.6307083485339288,0.0,0.6307083485339288,0.6307083485339288,0.6307083485339288,0.6307083485339288,0.6307083485339288,0.29224412000782096,0.0,0.29224412000782096,0.29224412000782096,0.29224412000782096,0.29224412000782096,0.29224412000782096
cnn_stock_pred_dji,missing_not_at_random,25,gain_imputation,1,0.656509762724113,0.0,0.656509762724113,0.656509762724113,0.656509762724113,0.656509762724113,0.656509762724113,0.29211554007065366,0.0,0.29211554007065366,0.29211554007065366,0.29211554007065366,0.29211554007065366,0.29211554007065366
cnn_stock_pred_dji,missing_not_at_random,25,tabcsdi_imputation,1,0.4817282874516862,0.0,0.4817282874516862,0.4817282874516862,0.4817282874516862,0.4817282874516862,0.4817282874516862,0.19343055834165257,0.0,0.19343055834165257,0.19343055834165257,0.19343055834165257,0.19343055834165257,0.19343055834165257
cnn_stock_pred_dji,missing_not_at_random,25,otimpute_imputation,1,0.5712399847269415,0.0,0.5712399847269415,0.5712399847269415,0.5712399847269415,0.5712399847269415,0.5712399847269415,0.2765589279946125,0.0,0.2765589279946125,0.2765589279946125,0.2765589279946125,0.2765589279946125,0.2765589279946125
cnn_stock_pred_dji,missing_not_at_random,30,k_nearest_neighbors_imputation,1,0.7059926034095609,0.0,0.7059926034095609,0.7059926034095609,0.7059926034095609,0.7059926034095609,0.7059926034095609,0.3727275026625388,0.0,0.3727275026625388,0.3727275026625388,0.3727275026625388,0.3727275026625388,0.3727275026625388
cnn_stock_pred_dji,missing_not_at_random,40,k_nearest_neighbors_imputation,1,1.2178801943349449,0.0,1.2178801943349449,1.2178801943349449,1.2178801943349449,1.2178801943349449,1.2178801943349449,0.7451342327966891,0.0,0.7451342327966891,0.7451342327966891,0.7451342327966891,0.7451342327966891,0.7451342327966891
red_wine_quality,missing_completely_at_random,2,k_nearest_neighbors_imputation,1,0.0709266022445823,0.0,0.0709266022445823,0.0709266022445823,0.0709266022445823,0.0709266022445823,0.0709266022445823,0.007482705463561455,0.0,0.007482705463561455,0.007482705463561455,0.007482705463561455,0.007482705463561455,0.007482705463561455
red_wine_quality,missing_completely_at_random,1,k_nearest_neighbors_imputation,1,0.04965514321803575,0.0,0.04965514321803575,0.04965514321803575,0.04965514321803575,0.04965514321803575,0.04965514321803575,0.003681244172465035,0.0,0.003681244172465035,0.003681244172465035,0.003681244172465035,0.003681244172465035,0.003681244172465035
red_wine_quality,missing_completely_at_random,3,k_nearest_neighbors_imputation,1,0.0925675438532326,0.0,0.0925675438532326,0.0925675438532326,0.0925675438532326,0.0925675438532326,0.0925675438532326,0.011995011965022135,0.0,0.011995011965022135,0.011995011965022135,0.011995011965022135,0.011995011965022135,0.011995011965022135
red_wine_quality,missing_completely_at_random,4,k_nearest_neighbors_imputation,1,0.10988603447688967,0.0,0.10988603447688967,0.10988603447688967,0.10988603447688967,0.10988603447688967,0.10988603447688967,0.016536552097076006,0.0,0.016536552097076006,0.016536552097076006,0.016536552097076006,0.016536552097076006,0.016536552097076006
red_wine_quality,missing_completely_at_random,5,constant_imputation,1,0.19642226658979037,0.0,0.19642226658979037,0.19642226658979037,0.19642226658979037,0.19642226658979037,0.19642226658979037,0.034069987974042155,0.0,0.034069987974042155,0.034069987974042155,0.034069987974042155,0.034069987974042155,0.034069987974042155
red_wine_quality,missing_completely_at_random,5,mean_imputation,1,0.1967429453822322,0.0,0.1967429453822322,0.1967429453822322,0.1967429453822322,0.1967429453822322,0.1967429453822322,0.034237341255167496,0.0,0.034237341255167496,0.034237341255167496,0.034237341255167496,0.034237341255167496,0.034237341255167496
red_wine_quality,missing_completely_at_random,5,median_imputation,1,0.19641681414042725,0.0,0.19641681414042725,0.19641681414042725,0.19641681414042725,0.19641681414042725,0.19641681414042725,0.0327722289723051,0.0,0.0327722289723051,0.0327722289723051,0.0327722289723051,0.0327722289723051,0.0327722289723051
red_wine_quality,missing_completely_at_random,5,k_nearest_neighbors_imputation,1,0.1388191155740222,0.0,0.1388191155740222,0.1388191155740222,0.1388191155740222,0.1388191155740222,0.1388191155740222,0.02212415961130802,0.0,0.02212415961130802,0.02212415961130802,0.02212415961130802,0.02212415961130802,0.02212415961130802
red_wine_quality,missing_completely_at_random,5,mice_imputation,9,0.2036897560140431,0.01717617904378336,0.21064695550383494,0.1869963645795738,0.21660194329449656,0.19048697604671924,0.21689253598136696,0.031148587784472024,0.0018711029137550347,0.03156236923462172,0.029569440602061108,0.03306556983016655,0.0297103307656348,0.03258684480330925
red_wine_quality,missing_completely_at_random,5,random_forest_imputation,9,0.1262736434667685,0.01054193840731092,0.12905648278398996,0.12718235449904963,0.13081878491076532,0.11817039227999297,0.13437689465354405,0.018095488564414036,0.0010270508938557523,0.018219392129516544,0.017973215489262662,0.01844056929990243,0.017306027361648536,0.018884949767179537
red_wine_quality,missing_completely_at_random,5,gain_imputation,9,0.25317299166545665,0.03821005059611382,0.24894394966187655,0.23303781838850318,0.27800924925643417,0.22380214677179036,0.28254383655912296,0.042547480741771324,0.0062408766395553985,0.04164133927788346,0.038572311607159813,0.04721618489404516,0.03775031829573338,0.04734464318780927
red_wine_quality,missing_completely_at_random,5,tabcsdi_imputation,9,0.29603194692346174,0.041778332881426315,0.296078140036946,0.2746290175192989,0.31162388301347194,0.2639182774612933,0.32814561638563017,0.04643763189320914,0.006518956789439629,0.04857122510724849,0.04067153009032465,0.04968648343190206,0.04142671812198745,0.05144854566443083
red_wine_quality,missing_completely_at_random,5,otimpute_imputation,9,0.15700201967002891,0.018296773075327406,0.15513540196273087,0.14454627625118158,0.16805717542748816,0.14293787487916318,0.17106616446089465,0.022940614228269943,0.0011697940079584196,0.022964555227089286,0.022164261258728817,0.02360848913643979,0.022041430955040218,0.023839797501499668
red_wine_quality,missing_completely_at_random,6,k_nearest_neighbors_imputation,1,0.15789524471380106,0.0,0.15789524471380106,0.15789524471380106,0.15789524471380106,0.15789524471380106,0.15789524471380106,0.026754544092345824,0.0,0.026754544092345824,0.026754544092345824,0.026754544092345824,0.026754544092345824,0.026754544092345824
red_wine_quality,missing_completely_at_random,8,k_nearest_neighbors_imputation,1,0.2038736314607686,0.0,0.2038736314607686,0.2038736314607686,0.2038736314607686,0.2038736314607686,0.2038736314607686,0.03688640140942488,0.0,0.03688640140942488,0.03688640140942488,0.03688640140942488,0.03688640140942488,0.03688640140942488
red_wine_quality,missing_completely_at_random,10,constant_imputation,1,0.3172747359123671,0.0,0.3172747359123671,0.3172747359123671,0.3172747359123671,0.3172747359123671,0.3172747359123671,0.0716227335784388,0.0,0.0716227335784388,0.0716227335784388,0.0716227335784388,0.0716227335784388,0.0716227335784388
red_wine_quality,missing_completely_at_random,10,mean_imputation,1,0.317442266709041,0.0,0.317442266709041,0.317442266709041,0.317442266709041,0.317442266709041,0.317442266709041,0.07179821591642921,0.0,0.07179821591642921,0.07179821591642921,0.07179821591642921,0.07179821591642921,0.07179821591642921
red_wine_quality,missing_completely_at_random,10,median_imputation,1,0.3201114072477953,0.0,0.3201114072477953,0.3201114072477953,0.3201114072477953,0.3201114072477953,0.3201114072477953,0.06937433251322007,0.0,0.06937433251322007,0.06937433251322007,0.06937433251322007,0.06937433251322007,0.06937433251322007
red_wine_quality,missing_completely_at_random,10,k_nearest_neighbors_imputation,1,0.23331506595617654,0.0,0.23331506595617654,0.23331506595617654,0.23331506595617654,0.23331506595617654,0.23331506595617654,0.04754700971119717,0.0,0.04754700971119717,0.04754700971119717,0.04754700971119717,0.04754700971119717,0.04754700971119717
red_wine_quality,missing_completely_at_random,10,mice_imputation,9,0.3060441104963416,0.015798141864116818,0.3085858631925368,0.2979850530697548,0.31769466622375825,0.2939005836739431,0.3181876373187401,0.06577777524520495,0.003511883801458648,0.06430540545055884,0.06299136369726831,0.06680252355392113,0.06307830238903156,0.06847724810137834
red_wine_quality,missing_completely_at_random,10,random_forest_imputation,9,0.19846625990373998,0.012596626888923622,0.19831930150200125,0.19630803353559045,0.20036466563886365,0.18878363533857936,0.2081488844689006,0.04025833981487723,0.002659498851567708,0.03976099635702772,0.038668642602678605,0.040740122183799084,0.03821406803178194,0.04230261159797252
red_wine_quality,missing_completely_at_random,10,gain_imputation,9,0.33083370066518636,0.04148332677192754,0.3290044659954371,0.31121070025615905,0.36118852339591606,0.2989467929724895,0.3627206083578832,0.07655221671685125,0.009888122540151652,0.07482754713780786,0.07212733425916916,0.08315005640754697,0.06895153289451951,0.08415290053918299
red_wine_quality,missing_completely_at_random,10,tabcsdi_imputation,9,0.41085725832251496,0.02163644376001961,0.41148839894447575,0.4049989521715561,0.43152785593025583,0.39422601539527574,0.4274885012497542,0.09326638735913889,0.007354141330955711,0.0931483390024823,0.09208493212074668,0.09883862262868913,0.08761349391911898,0.0989192807991588
red_wine_quality,missing_completely_at_random,10,otimpute_imputation,9,0.23278878232934433,0.01729328055389544,0.23776680760631574,0.22103120050622474,0.2435493231009115,0.2194959901731681,0.24608157448552057,0.04739942289329706,0.0017732358339741861,0.047867931251676175,0.04602899200100664,0.04825678894281646,0.0460363931713515,0.04876245261524262
red_wine_quality,missing_completely_at_random,15,k_nearest_neighbors_imputation,1,0.29292770628521436,0.0,0.29292770628521436,0.29292770628521436,0.29292770628521436,0.29292770628521436,0.29292770628521436,0.07407358827196976,0.0,0.07407358827196976,0.07407358827196976,0.07407358827196976,0.07407358827196976,0.07407358827196976
red_wine_quality,missing_completely_at_random,20,k_nearest_neighbors_imputation,1,0.3445399887547769,0.0,0.3445399887547769,0.3445399887547769,0.3445399887547769,0.3445399887547769,0.3445399887547769,0.10160245118621204,0.0,0.10160245118621204,0.10160245118621204,0.10160245118621204,0.10160245118621204,0.10160245118621204
red_wine_quality,missing_completely_at_random,25,constant_imputation,1,0.5000072161419574,0.0,0.5000072161419574,0.5000072161419574,0.5000072161419574,0.5000072161419574,0.5000072161419574,0.17899999865421687,0.0,0.17899999865421687,0.17899999865421687,0.17899999865421687,0.17899999865421687,0.17899999865421687
red_wine_quality,missing_completely_at_random,25,mean_imputation,1,0.5003047773523298,0.0,0.5003047773523298,0.5003047773523298,0.5003047773523298,0.5003047773523298,0.5003047773523298,0.18003538454931337,0.0,0.18003538454931337,0.18003538454931337,0.18003538454931337,0.18003538454931337,0.18003538454931337
red_wine_quality,missing_completely_at_random,25,median_imputation,1,0.5052080294189965,0.0,0.5052080294189965,0.5052080294189965,0.5052080294189965,0.5052080294189965,0.5052080294189965,0.1741117715253627,0.0,0.1741117715253627,0.1741117715253627,0.1741117715253627,0.1741117715253627,0.1741117715253627
red_wine_quality,missing_completely_at_random,25,k_nearest_neighbors_imputation,1,0.39624517981533486,0.0,0.39624517981533486,0.39624517981533486,0.39624517981533486,0.39624517981533486,0.39624517981533486,0.1328240551097353,0.0,0.1328240551097353,0.1328240551097353,0.1328240551097353,0.1328240551097353,0.1328240551097353
red_wine_quality,missing_completely_at_random,25,mice_imputation,9,0.5114694773403018,0.024820053018006074,0.5156790789697092,0.48857942607593374,0.5333881275452081,0.49239109570846556,0.530547858972138,0.17493399356576447,0.009998728686388946,0.17425977175812837,0.166766272542143,0.18276628599721711,0.167248290333232,0.18261969679829695
red_wine_quality,missing_completely_at_random,25,random_forest_imputation,9,0.39131618183122946,0.02588995573037157,0.39659265011390177,0.368314501998694,0.4064025375829165,0.37141540017306623,0.4112169634893927,0.12868426401458932,0.01256386164116818,0.1291712260927982,0.1176242882747075,0.13831321507708583,0.11902682504836705,0.1383417029808116
red_wine_quality,missing_completely_at_random,25,gain_imputation,9,0.4673731961627636,0.0462463087015584,0.4700203148796705,0.4199127538443797,0.496116412148499,0.43182513646152293,0.5029212558640043,0.16435139729651413,0.01894427164304473,0.17281893464139358,0.1471850009863229,0.18001260205085373,0.14978954104741674,0.17891325354561152
red_wine_quality,missing_completely_at_random,25,tabcsdi_imputation,9,0.6552961949895254,0.028958395728035408,0.664353453683763,0.6465342408323684,0.6793360349373718,0.6330368015569493,0.6775555884221015,0.23603681691963077,0.014543215723471618,0.23666473937912977,0.22343666488308314,0.24442774732315906,0.22485791172046685,0.2472157221187947
red_wine_quality,missing_completely_at_random,25,otimpute_imputation,9,0.4045453481789936,0.018741180619177657,0.40625615401590465,0.38972098502958097,0.41419111720146834,0.390139601510183,0.41895109484780424,0.13300273692753287,0.006860952162980877,0.13114366644594272,0.1268069729538597,0.1377470418128008,0.12772894224110892,0.1382765316139568
red_wine_quality,missing_completely_at_random,30,k_nearest_neighbors_imputation,1,0.44710690493091076,0.0,0.44710690493091076,0.44710690493091076,0.44710690493091076,0.44710690493091076,0.44710690493091076,0.16548028781013804,0.0,0.16548028781013804,0.16548028781013804,0.16548028781013804,0.16548028781013804,0.16548028781013804
red_wine_quality,missing_completely_at_random,40,k_nearest_neighbors_imputation,1,0.5483101538616674,0.0,0.5483101538616674,0.5483101538616674,0.5483101538616674,0.5483101538616674,0.5483101538616674,0.23610216654194882,0.0,0.23610216654194882,0.23610216654194882,0.23610216654194882,0.23610216654194882,0.23610216654194882
red_wine_quality,missing_at_random,1,k_nearest_neighbors_imputation,1,0.11415233078547729,0.0,0.11415233078547729,0.11415233078547729,0.11415233078547729,0.11415233078547729,0.11415233078547729,0.008374261779804439,0.0,0.008374261779804439,0.008374261779804439,0.008374261779804439,0.008374261779804439,0.008374261779804439
red_wine_quality,missing_at_random,2,k_nearest_neighbors_imputation,1,0.16403830404825964,0.0,0.16403830404825964,0.16403830404825964,0.16403830404825964,0.16403830404825964,0.16403830404825964,0.01665817961134956,0.0,0.01665817961134956,0.01665817961134956,0.01665817961134956,0.01665817961134956,0.01665817961134956
red_wine_quality,missing_at_random,4,k_nearest_neighbors_imputation,1,0.23254923856470677,0.0,0.23254923856470677,0.23254923856470677,0.23254923856470677,0.23254923856470677,0.23254923856470677,0.03207600450787404,0.0,0.03207600450787404,0.03207600450787404,0.03207600450787404,0.03207600450787404,0.03207600450787404
red_wine_quality,missing_at_random,5,constant_imputation,1,0.30503673188205066,0.0,0.30503673188205066,0.30503673188205066,0.30503673188205066,0.30503673188205066,0.30503673188205066,0.05325302081892281,0.0,0.05325302081892281,0.05325302081892281,0.05325302081892281,0.05325302081892281,0.05325302081892281
red_wine_quality,missing_at_random,5,mean_imputation,1,0.322564506241959,0.0,0.322564506241959,0.322564506241959,0.322564506241959,0.322564506241959,0.322564506241959,0.05713402052249531,0.0,0.05713402052249531,0.05713402052249531,0.05713402052249531,0.05713402052249531,0.05713402052249531
red_wine_quality,missing_at_random,5,median_imputation,1,0.32767389431334,0.0,0.32767389431334,0.32767389431334,0.32767389431334,0.32767389431334,0.32767389431334,0.055643911194014614,0.0,0.055643911194014614,0.055643911194014614,0.055643911194014614,0.055643911194014614,0.055643911194014614
red_wine_quality,missing_at_random,5,k_nearest_neighbors_imputation,1,0.24793221096971568,0.0,0.24793221096971568,0.24793221096971568,0.24793221096971568,0.24793221096971568,0.24793221096971568,0.03861679313037078,0.0,0.03861679313037078,0.03861679313037078,0.03861679313037078,0.03861679313037078,0.03861679313037078
red_wine_quality,missing_at_random,5,mice_imputation,1,0.261085244650504,0.0,0.261085244650504,0.261085244650504,0.261085244650504,0.261085244650504,0.261085244650504,0.039122454507550065,0.0,0.039122454507550065,0.039122454507550065,0.039122454507550065,0.039122454507550065,0.039122454507550065
red_wine_quality,missing_at_random,5,random_forest_imputation,1,0.2346185780694672,0.0,0.2346185780694672,0.2346185780694672,0.2346185780694672,0.2346185780694672,0.2346185780694672,0.03559248776980325,0.0,0.03559248776980325,0.03559248776980325,0.03559248776980325,0.03559248776980325,0.03559248776980325
red_wine_quality,missing_at_random,5,gain_imputation,1,0.3178874735345495,0.0,0.3178874735345495,0.3178874735345495,0.3178874735345495,0.3178874735345495,0.3178874735345495,0.051644881225612164,0.0,0.051644881225612164,0.051644881225612164,0.051644881225612164,0.051644881225612164,0.051644881225612164
red_wine_quality,missing_at_random,5,tabcsdi_imputation,1,0.37449854235204544,0.0,0.37449854235204544,0.37449854235204544,0.37449854235204544,0.37449854235204544,0.37449854235204544,0.06403821425463152,0.0,0.06403821425463152,0.06403821425463152,0.06403821425463152,0.06403821425463152,0.06403821425463152
red_wine_quality,missing_at_random,5,otimpute_imputation,1,0.26189433525648703,0.0,0.26189433525648703,0.26189433525648703,0.26189433525648703,0.26189433525648703,0.26189433525648703,0.03987198577079482,0.0,0.03987198577079482,0.03987198577079482,0.03987198577079482,0.03987198577079482,0.03987198577079482
red_wine_quality,missing_at_random,3,k_nearest_neighbors_imputation,1,0.21039669722279392,0.0,0.21039669722279392,0.21039669722279392,0.21039669722279392,0.21039669722279392,0.21039669722279392,0.024834473361376393,0.0,0.024834473361376393,0.024834473361376393,0.024834473361376393,0.024834473361376393,0.024834473361376393
red_wine_quality,missing_at_random,6,k_nearest_neighbors_imputation,1,0.26280910434200333,0.0,0.26280910434200333,0.26280910434200333,0.26280910434200333,0.26280910434200333,0.26280910434200333,0.045038853944662685,0.0,0.045038853944662685,0.045038853944662685,0.045038853944662685,0.045038853944662685,0.045038853944662685
red_wine_quality,missing_at_random,8,k_nearest_neighbors_imputation,1,0.2997287316316332,0.0,0.2997287316316332,0.2997287316316332,0.2997287316316332,0.2997287316316332,0.2997287316316332,0.05932714866100398,0.0,0.05932714866100398,0.05932714866100398,0.05932714866100398,0.05932714866100398,0.05932714866100398
red_wine_quality,missing_at_random,15,k_nearest_neighbors_imputation,1,0.4117395085499036,0.0,0.4117395085499036,0.4117395085499036,0.4117395085499036,0.4117395085499036,0.4117395085499036,0.11468296114783713,0.0,0.11468296114783713,0.11468296114783713,0.11468296114783713,0.11468296114783713,0.11468296114783713
red_wine_quality,missing_at_random,10,constant_imputation,1,0.38125756429333596,0.0,0.38125756429333596,0.38125756429333596,0.38125756429333596,0.38125756429333596,0.38125756429333596,0.09333570341915472,0.0,0.09333570341915472,0.09333570341915472,0.09333570341915472,0.09333570341915472,0.09333570341915472
red_wine_quality,missing_at_random,10,mean_imputation,1,0.4232092898543694,0.0,0.4232092898543694,0.4232092898543694,0.4232092898543694,0.4232092898543694,0.4232092898543694,0.10656811111492019,0.0,0.10656811111492019,0.10656811111492019,0.10656811111492019,0.10656811111492019,0.10656811111492019
red_wine_quality,missing_at_random,10,median_imputation,1,0.429828079336959,0.0,0.429828079336959,0.429828079336959,0.429828079336959,0.429828079336959,0.429828079336959,0.10442780962248548,0.0,0.10442780962248548,0.10442780962248548,0.10442780962248548,0.10442780962248548,0.10442780962248548
red_wine_quality,missing_at_random,10,k_nearest_neighbors_imputation,1,0.33894278470526323,0.0,0.33894278470526323,0.33894278470526323,0.33894278470526323,0.33894278470526323,0.33894278470526323,0.07545444255498451,0.0,0.07545444255498451,0.07545444255498451,0.07545444255498451,0.07545444255498451,0.07545444255498451
red_wine_quality,missing_at_random,10,mice_imputation,1,0.3490148453412436,0.0,0.3490148453412436,0.3490148453412436,0.3490148453412436,0.3490148453412436,0.3490148453412436,0.07687254359346021,0.0,0.07687254359346021,0.07687254359346021,0.07687254359346021,0.07687254359346021,0.07687254359346021
red_wine_quality,missing_at_random,10,random_forest_imputation,1,0.3400877209813166,0.0,0.3400877209813166,0.3400877209813166,0.3400877209813166,0.3400877209813166,0.3400877209813166,0.07182035483770892,0.0,0.07182035483770892,0.07182035483770892,0.07182035483770892,0.07182035483770892,0.07182035483770892
red_wine_quality,missing_at_random,10,gain_imputation,1,0.41170203605917965,0.0,0.41170203605917965,0.41170203605917965,0.41170203605917965,0.41170203605917965,0.41170203605917965,0.0936888022666483,0.0,0.0936888022666483,0.0936888022666483,0.0936888022666483,0.0936888022666483,0.0936888022666483
red_wine_quality,missing_at_random,10,tabcsdi_imputation,1,0.5096880649300535,0.0,0.5096880649300535,0.5096880649300535,0.5096880649300535,0.5096880649300535,0.5096880649300535,0.12438055354376287,0.0,0.12438055354376287,0.12438055354376287,0.12438055354376287,0.12438055354376287,0.12438055354376287
red_wine_quality,missing_at_random,10,otimpute_imputation,1,0.3559730274519178,0.0,0.3559730274519178,0.3559730274519178,0.3559730274519178,0.3559730274519178,0.3559730274519178,0.07927963456794783,0.0,0.07927963456794783,0.07927963456794783,0.07927963456794783,0.07927963456794783,0.07927963456794783
red_wine_quality,missing_at_random,20,k_nearest_neighbors_imputation,1,0.4707173186235652,0.0,0.4707173186235652,0.4707173186235652,0.4707173186235652,0.4707173186235652,0.4707173186235652,0.1531716357769929,0.0,0.1531716357769929,0.1531716357769929,0.1531716357769929,0.1531716357769929,0.1531716357769929
red_wine_quality,missing_at_random,25,constant_imputation,1,0.497685286280323,0.0,0.497685286280323,0.497685286280323,0.497685286280323,0.497685286280323,0.497685286280323,0.19024636078926244,0.0,0.19024636078926244,0.19024636078926244,0.19024636078926244,0.19024636078926244,0.19024636078926244
red_wine_quality,missing_at_random,25,mean_imputation,1,0.6195869763080047,0.0,0.6195869763080047,0.6195869763080047,0.6195869763080047,0.6195869763080047,0.6195869763080047,0.24818234824337226,0.0,0.24818234824337226,0.24818234824337226,0.24818234824337226,0.24818234824337226,0.24818234824337226
red_wine_quality,missing_at_random,25,median_imputation,1,0.6217009167585695,0.0,0.6217009167585695,0.6217009167585695,0.6217009167585695,0.6217009167585695,0.6217009167585695,0.24009816148683955,0.0,0.24009816148683955,0.24009816148683955,0.24009816148683955,0.24009816148683955,0.24009816148683955
red_wine_quality,missing_at_random,25,k_nearest_neighbors_imputation,1,0.5458504417055186,0.0,0.5458504417055186,0.5458504417055186,0.5458504417055186,0.5458504417055186,0.5458504417055186,0.20225926694779095,0.0,0.20225926694779095,0.20225926694779095,0.20225926694779095,0.20225926694779095,0.20225926694779095
red_wine_quality,missing_at_random,25,mice_imputation,1,0.550016515648621,0.0,0.550016515648621,0.550016515648621,0.550016515648621,0.550016515648621,0.550016515648621,0.20225377973144185,0.0,0.20225377973144185,0.20225377973144185,0.20225377973144185,0.20225377973144185,0.20225377973144185
red_wine_quality,missing_at_random,25,random_forest_imputation,1,0.528380333958787,0.0,0.528380333958787,0.528380333958787,0.528380333958787,0.528380333958787,0.528380333958787,0.19517537619221634,0.0,0.19517537619221634,0.19517537619221634,0.19517537619221634,0.19517537619221634,0.19517537619221634
red_wine_quality,missing_at_random,25,gain_imputation,1,0.8872974706474485,0.0,0.8872974706474485,0.8872974706474485,0.8872974706474485,0.8872974706474485,0.8872974706474485,0.32192654941276966,0.0,0.32192654941276966,0.32192654941276966,0.32192654941276966,0.32192654941276966,0.32192654941276966
red_wine_quality,missing_at_random,25,tabcsdi_imputation,1,0.7349446438016415,0.0,0.7349446438016415,0.7349446438016415,0.7349446438016415,0.7349446438016415,0.7349446438016415,0.2833520949675268,0.0,0.2833520949675268,0.2833520949675268,0.2833520949675268,0.2833520949675268,0.2833520949675268
red_wine_quality,missing_at_random,25,otimpute_imputation,1,0.5772217304572448,0.0,0.5772217304572448,0.5772217304572448,0.5772217304572448,0.5772217304572448,0.5772217304572448,0.21855180809599542,0.0,0.21855180809599542,0.21855180809599542,0.21855180809599542,0.21855180809599542,0.21855180809599542
red_wine_quality,missing_at_random,30,k_nearest_neighbors_imputation,1,0.6256522650160646,0.0,0.6256522650160646,0.6256522650160646,0.6256522650160646,0.6256522650160646,0.6256522650160646,0.2593078626154849,0.0,0.2593078626154849,0.2593078626154849,0.2593078626154849,0.2593078626154849,0.2593078626154849
red_wine_quality,missing_at_random,40,k_nearest_neighbors_imputation,1,0.7367587936636564,0.0,0.7367587936636564,0.7367587936636564,0.7367587936636564,0.7367587936636564,0.7367587936636564,0.35521350273989,0.0,0.35521350273989,0.35521350273989,0.35521350273989,0.35521350273989,0.35521350273989
red_wine_quality,missing_not_at_random,2,k_nearest_neighbors_imputation,1,0.14494702395136064,0.0,0.14494702395136064,0.14494702395136064,0.14494702395136064,0.14494702395136064,0.14494702395136064,0.018209975164936984,0.0,0.018209975164936984,0.018209975164936984,0.018209975164936984,0.018209975164936984,0.018209975164936984
red_wine_quality,missing_not_at_random,1,k_nearest_neighbors_imputation,1,0.11052867951979138,0.0,0.11052867951979138,0.11052867951979138,0.11052867951979138,0.11052867951979138,0.11052867951979138,0.009766873138284317,0.0,0.009766873138284317,0.009766873138284317,0.009766873138284317,0.009766873138284317,0.009766873138284317
red_wine_quality,missing_not_at_random,3,k_nearest_neighbors_imputation,1,0.15275513385091383,0.0,0.15275513385091383,0.15275513385091383,0.15275513385091383,0.15275513385091383,0.15275513385091383,0.024644655805135043,0.0,0.024644655805135043,0.024644655805135043,0.024644655805135043,0.024644655805135043,0.024644655805135043
red_wine_quality,missing_not_at_random,4,k_nearest_neighbors_imputation,1,0.19286062838324167,0.0,0.19286062838324167,0.19286062838324167,0.19286062838324167,0.19286062838324167,0.19286062838324167,0.03454689695524153,0.0,0.03454689695524153,0.03454689695524153,0.03454689695524153,0.03454689695524153,0.03454689695524153
red_wine_quality,missing_not_at_random,5,constant_imputation,1,0.31340406071765137,0.0,0.31340406071765137,0.31340406071765137,0.31340406071765137,0.31340406071765137,0.31340406071765137,0.06650187711063786,0.0,0.06650187711063786,0.06650187711063786,0.06650187711063786,0.06650187711063786,0.06650187711063786
red_wine_quality,missing_not_at_random,5,mean_imputation,1,0.3504960462526663,0.0,0.3504960462526663,0.3504960462526663,0.3504960462526663,0.3504960462526663,0.3504960462526663,0.07472698629649291,0.0,0.07472698629649291,0.07472698629649291,0.07472698629649291,0.07472698629649291,0.07472698629649291
red_wine_quality,missing_not_at_random,5,median_imputation,1,0.3232308115096539,0.0,0.3232308115096539,0.3232308115096539,0.3232308115096539,0.3232308115096539,0.3232308115096539,0.06757540193269604,0.0,0.06757540193269604,0.06757540193269604,0.06757540193269604,0.06757540193269604,0.06757540193269604
red_wine_quality,missing_not_at_random,5,k_nearest_neighbors_imputation,1,0.2432608458303412,0.0,0.2432608458303412,0.2432608458303412,0.2432608458303412,0.2432608458303412,0.2432608458303412,0.048914689235938676,0.0,0.048914689235938676,0.048914689235938676,0.048914689235938676,0.048914689235938676,0.048914689235938676
red_wine_quality,missing_not_at_random,5,mice_imputation,1,0.22696518886563213,0.0,0.22696518886563213,0.22696518886563213,0.22696518886563213,0.22696518886563213,0.22696518886563213,0.040987306408524854,0.0,0.040987306408524854,0.040987306408524854,0.040987306408524854,0.040987306408524854,0.040987306408524854
red_wine_quality,missing_not_at_random,5,random_forest_imputation,1,0.21945705087138317,0.0,0.21945705087138317,0.21945705087138317,0.21945705087138317,0.21945705087138317,0.21945705087138317,0.041758841787625296,0.0,0.041758841787625296,0.041758841787625296,0.041758841787625296,0.041758841787625296,0.041758841787625296
red_wine_quality,missing_not_at_random,5,gain_imputation,1,0.3218861214834103,0.0,0.3218861214834103,0.3218861214834103,0.3218861214834103,0.3218861214834103,0.3218861214834103,0.06114718532878211,0.0,0.06114718532878211,0.06114718532878211,0.06114718532878211,0.06114718532878211,0.06114718532878211
red_wine_quality,missing_not_at_random,5,tabcsdi_imputation,1,0.39102704767792157,0.0,0.39102704767792157,0.39102704767792157,0.39102704767792157,0.39102704767792157,0.39102704767792157,0.0731122702423362,0.0,0.0731122702423362,0.0731122702423362,0.0731122702423362,0.0731122702423362,0.0731122702423362
red_wine_quality,missing_not_at_random,5,otimpute_imputation,1,0.22519161626437856,0.0,0.22519161626437856,0.22519161626437856,0.22519161626437856,0.22519161626437856,0.22519161626437856,0.04544744093019405,0.0,0.04544744093019405,0.04544744093019405,0.04544744093019405,0.04544744093019405,0.04544744093019405
red_wine_quality,missing_not_at_random,6,k_nearest_neighbors_imputation,1,0.2297731664184835,0.0,0.2297731664184835,0.2297731664184835,0.2297731664184835,0.2297731664184835,0.2297731664184835,0.05045368551013051,0.0,0.05045368551013051,0.05045368551013051,0.05045368551013051,0.05045368551013051,0.05045368551013051
red_wine_quality,missing_not_at_random,10,constant_imputation,1,0.3132530786669289,0.0,0.3132530786669289,0.3132530786669289,0.3132530786669289,0.3132530786669289,0.3132530786669289,0.09072670472832398,0.0,0.09072670472832398,0.09072670472832398,0.09072670472832398,0.09072670472832398,0.09072670472832398
red_wine_quality,missing_not_at_random,10,mean_imputation,1,0.39445424398728857,0.0,0.39445424398728857,0.39445424398728857,0.39445424398728857,0.39445424398728857,0.39445424398728857,0.11633680903014353,0.0,0.11633680903014353,0.11633680903014353,0.11633680903014353,0.11633680903014353,0.11633680903014353
red_wine_quality,missing_not_at_random,10,median_imputation,1,0.32704160117631637,0.0,0.32704160117631637,0.32704160117631637,0.32704160117631637,0.32704160117631637,0.32704160117631637,0.09070256858174011,0.0,0.09070256858174011,0.09070256858174011,0.09070256858174011,0.09070256858174011,0.09070256858174011
red_wine_quality,missing_not_at_random,10,k_nearest_neighbors_imputation,1,0.2963767105078409,0.0,0.2963767105078409,0.2963767105078409,0.2963767105078409,0.2963767105078409,0.2963767105078409,0.08451809431520894,0.0,0.08451809431520894,0.08451809431520894,0.08451809431520894,0.08451809431520894,0.08451809431520894
red_wine_quality,missing_not_at_random,10,mice_imputation,1,0.3319331431624173,0.0,0.3319331431624173,0.3319331431624173,0.3319331431624173,0.3319331431624173,0.3319331431624173,0.07797148601086507,0.0,0.07797148601086507,0.07797148601086507,0.07797148601086507,0.07797148601086507,0.07797148601086507
red_wine_quality,missing_not_at_random,10,random_forest_imputation,1,0.3241671524891765,0.0,0.3241671524891765,0.3241671524891765,0.3241671524891765,0.3241671524891765,0.3241671524891765,0.08002103528489454,0.0,0.08002103528489454,0.08002103528489454,0.08002103528489454,0.08002103528489454,0.08002103528489454
red_wine_quality,missing_not_at_random,10,gain_imputation,1,0.3145095444801822,0.0,0.3145095444801822,0.3145095444801822,0.3145095444801822,0.3145095444801822,0.3145095444801822,0.08192943625865427,0.0,0.08192943625865427,0.08192943625865427,0.08192943625865427,0.08192943625865427,0.08192943625865427
red_wine_quality,missing_not_at_random,10,tabcsdi_imputation,1,0.43375405854540666,0.0,0.43375405854540666,0.43375405854540666,0.43375405854540666,0.43375405854540666,0.43375405854540666,0.10728630833365424,0.0,0.10728630833365424,0.10728630833365424,0.10728630833365424,0.10728630833365424,0.10728630833365424
red_wine_quality,missing_not_at_random,10,otimpute_imputation,1,0.2815403488955782,0.0,0.2815403488955782,0.2815403488955782,0.2815403488955782,0.2815403488955782,0.2815403488955782,0.07904857532520504,0.0,0.07904857532520504,0.07904857532520504,0.07904857532520504,0.07904857532520504,0.07904857532520504
red_wine_quality,missing_not_at_random,15,k_nearest_neighbors_imputation,1,0.37846098402998607,0.0,0.37846098402998607,0.37846098402998607,0.37846098402998607,0.37846098402998607,0.37846098402998607,0.1324901621050016,0.0,0.1324901621050016,0.1324901621050016,0.1324901621050016,0.1324901621050016,0.1324901621050016
red_wine_quality,missing_not_at_random,8,k_nearest_neighbors_imputation,1,0.26072498949797157,0.0,0.26072498949797157,0.26072498949797157,0.26072498949797157,0.26072498949797157,0.26072498949797157,0.06614605778840672,0.0,0.06614605778840672,0.06614605778840672,0.06614605778840672,0.06614605778840672,0.06614605778840672
red_wine_quality,missing_not_at_random,20,k_nearest_neighbors_imputation,1,0.4700217833877594,0.0,0.4700217833877594,0.4700217833877594,0.4700217833877594,0.4700217833877594,0.4700217833877594,0.19051754921685166,0.0,0.19051754921685166,0.19051754921685166,0.19051754921685166,0.19051754921685166,0.19051754921685166
red_wine_quality,missing_not_at_random,40,k_nearest_neighbors_imputation,1,1.3302686757293307,0.0,1.3302686757293307,1.3302686757293307,1.3302686757293307,1.3302686757293307,1.3302686757293307,0.7912262263431978,0.0,0.7912262263431978,0.7912262263431978,0.7912262263431978,0.7912262263431978,0.7912262263431978
red_wine_quality,missing_not_at_random,25,constant_imputation,1,0.3497991125287549,0.0,0.3497991125287549,0.3497991125287549,0.3497991125287549,0.3497991125287549,0.3497991125287549,0.1444896392363426,0.0,0.1444896392363426,0.1444896392363426,0.1444896392363426,0.1444896392363426,0.1444896392363426
red_wine_quality,missing_not_at_random,25,mean_imputation,1,0.6815404494116016,0.0,0.6815404494116016,0.6815404494116016,0.6815404494116016,0.6815404494116016,0.6815404494116016,0.32002961652900835,0.0,0.32002961652900835,0.32002961652900835,0.32002961652900835,0.32002961652900835,0.32002961652900835
red_wine_quality,missing_not_at_random,25,median_imputation,1,0.559743628788129,0.0,0.559743628788129,0.559743628788129,0.559743628788129,0.559743628788129,0.559743628788129,0.24395019133151782,0.0,0.24395019133151782,0.24395019133151782,0.24395019133151782,0.24395019133151782,0.24395019133151782
red_wine_quality,missing_not_at_random,25,k_nearest_neighbors_imputation,1,0.5769951096339436,0.0,0.5769951096339436,0.5769951096339436,0.5769951096339436,0.5769951096339436,0.5769951096339436,0.26177432124731564,0.0,0.26177432124731564,0.26177432124731564,0.26177432124731564,0.26177432124731564,0.26177432124731564
red_wine_quality,missing_not_at_random,25,mice_imputation,1,0.6440809928788047,0.0,0.6440809928788047,0.6440809928788047,0.6440809928788047,0.6440809928788047,0.6440809928788047,0.2515950588009392,0.0,0.2515950588009392,0.2515950588009392,0.2515950588009392,0.2515950588009392,0.2515950588009392
red_wine_quality,missing_not_at_random,25,random_forest_imputation,1,0.6284832207652388,0.0,0.6284832207652388,0.6284832207652388,0.6284832207652388,0.6284832207652388,0.6284832207652388,0.2595177486804151,0.0,0.2595177486804151,0.2595177486804151,0.2595177486804151,0.2595177486804151,0.2595177486804151
red_wine_quality,missing_not_at_random,25,gain_imputation,1,0.5956536985761037,0.0,0.5956536985761037,0.5956536985761037,0.5956536985761037,0.5956536985761037,0.5956536985761037,0.2546449505598404,0.0,0.2546449505598404,0.2546449505598404,0.2546449505598404,0.2546449505598404,0.2546449505598404
red_wine_quality,missing_not_at_random,25,tabcsdi_imputation,1,0.8314288847481317,0.0,0.8314288847481317,0.8314288847481317,0.8314288847481317,0.8314288847481317,0.8314288847481317,0.3206166989989364,0.0,0.3206166989989364,0.3206166989989364,0.3206166989989364,0.3206166989989364,0.3206166989989364
red_wine_quality,missing_not_at_random,25,otimpute_imputation,1,0.5607950095782661,0.0,0.5607950095782661,0.5607950095782661,0.5607950095782661,0.5607950095782661,0.5607950095782661,0.25329846896398606,0.0,0.25329846896398606,0.25329846896398606,0.25329846896398606,0.25329846896398606,0.25329846896398606
red_wine_quality,missing_not_at_random,30,k_nearest_neighbors_imputation,1,0.8317383864510327,0.0,0.8317383864510327,0.8317383864510327,0.8317383864510327,0.8317383864510327,0.8317383864510327,0.42695384428855016,0.0,0.42695384428855016,0.42695384428855016,0.42695384428855016,0.42695384428855016,0.42695384428855016
weather_izmir,missing_completely_at_random,1,k_nearest_neighbors_imputation,1,0.06666803776076782,0.0,0.06666803776076782,0.06666803776076782,0.06666803776076782,0.06666803776076782,0.06666803776076782,0.004192854442019951,0.0,0.004192854442019951,0.004192854442019951,0.004192854442019951,0.004192854442019951,0.004192854442019951
weather_izmir,missing_completely_at_random,2,k_nearest_neighbors_imputation,1,0.08886944561628815,0.0,0.08886944561628815,0.08886944561628815,0.08886944561628815,0.08886944561628815,0.08886944561628815,0.007761680475941634,0.0,0.007761680475941634,0.007761680475941634,0.007761680475941634,0.007761680475941634,0.007761680475941634
weather_izmir,missing_completely_at_random,3,k_nearest_neighbors_imputation,1,0.10095772997410923,0.0,0.10095772997410923,0.10095772997410923,0.10095772997410923,0.10095772997410923,0.10095772997410923,0.010656270274859757,0.0,0.010656270274859757,0.010656270274859757,0.010656270274859757,0.010656270274859757,0.010656270274859757
weather_izmir,missing_completely_at_random,4,k_nearest_neighbors_imputation,1,0.11201073135136314,0.0,0.11201073135136314,0.11201073135136314,0.11201073135136314,0.11201073135136314,0.11201073135136314,0.014050304764071557,0.0,0.014050304764071557,0.014050304764071557,0.014050304764071557,0.014050304764071557,0.014050304764071557
weather_izmir,missing_completely_at_random,5,constant_imputation,1,0.24474391048136585,0.0,0.24474391048136585,0.24474391048136585,0.24474391048136585,0.24474391048136585,0.24474391048136585,0.03819956192846211,0.0,0.03819956192846211,0.03819956192846211,0.03819956192846211,0.03819956192846211,0.03819956192846211
weather_izmir,missing_completely_at_random,5,mean_imputation,1,0.24501562735371607,0.0,0.24501562735371607,0.24501562735371607,0.24501562735371607,0.24501562735371607,0.24501562735371607,0.03829161611301617,0.0,0.03829161611301617,0.03829161611301617,0.03829161611301617,0.03829161611301617,0.03829161611301617
weather_izmir,missing_completely_at_random,5,median_imputation,1,0.2471133545150687,0.0,0.2471133545150687,0.2471133545150687,0.2471133545150687,0.2471133545150687,0.2471133545150687,0.03826580185977697,0.0,0.03826580185977697,0.03826580185977697,0.03826580185977697,0.03826580185977697,0.03826580185977697
weather_izmir,missing_completely_at_random,5,k_nearest_neighbors_imputation,1,0.15531701771460654,0.0,0.15531701771460654,0.15531701771460654,0.15531701771460654,0.15531701771460654,0.15531701771460654,0.01882043375862563,0.0,0.01882043375862563,0.01882043375862563,0.01882043375862563,0.01882043375862563,0.01882043375862563
weather_izmir,missing_completely_at_random,5,mice_imputation,9,0.22338766000786,0.04339550348297074,0.21697166346662625,0.19696190512942693,0.24087569399423817,0.1900309231808609,0.2567443968348591,0.0271921500993165,0.004004632224294238,0.027288353320928715,0.023594755372943744,0.028750660284576925,0.02411391727625171,0.03027038292238129
weather_izmir,missing_completely_at_random,5,random_forest_imputation,9,0.16192294372629024,0.04291471863674431,0.15382174769125634,0.13217807169667825,0.1599041075825656,0.12893577084713836,0.1949101166054421,0.018867675988672686,0.0028500403255070188,0.018357507765024088,0.016494504144586027,0.0206860920459839,0.01667694106330008,0.02105841091404529
weather_izmir,missing_completely_at_random,5,gain_imputation,9,0.24964004445120042,0.04515527556209684,0.2519138434007355,0.2287887403471736,0.2615355251635234,0.2149306270603741,0.2843494618420267,0.036558338231743245,0.007136442750636916,0.03827266283264061,0.02924312298196752,0.04221372581936432,0.03107278273387107,0.042043893729615416
weather_izmir,missing_completely_at_random,5,tabcsdi_imputation,9,0.2192653224448229,0.0427803295210142,0.19762612983942135,0.18969056314285543,0.2449558842309583,0.18638145018453772,0.2521491947051081,0.02655312349485884,0.004617404483283896,0.02625708489260059,0.023837109158122923,0.027283590077772108,0.023003872217404533,0.030102374772313145
weather_izmir,missing_completely_at_random,5,otimpute_imputation,9,0.1765372139385747,0.04597012606365092,0.16086771333678485,0.15593375041757454,0.17783706228163196,0.1412014470056961,0.2118729808714533,0.019672151665655925,0.002611856966973098,0.01966462806384445,0.01815583210866174,0.020516665515764244,0.017664500676855335,0.021679802654456515
weather_izmir,missing_completely_at_random,6,k_nearest_neighbors_imputation,1,0.1762817536136304,0.0,0.1762817536136304,0.1762817536136304,0.1762817536136304,0.1762817536136304,0.1762817536136304,0.023181339664480452,0.0,0.023181339664480452,0.023181339664480452,0.023181339664480452,0.023181339664480452,0.023181339664480452
weather_izmir,missing_completely_at_random,15,k_nearest_neighbors_imputation,1,0.28622784084260017,0.0,0.28622784084260017,0.28622784084260017,0.28622784084260017,0.28622784084260017,0.28622784084260017,0.06341981578156065,0.0,0.06341981578156065,0.06341981578156065,0.06341981578156065,0.06341981578156065,0.06341981578156065
weather_izmir,missing_completely_at_random,8,k_nearest_neighbors_imputation,1,0.21962923877326915,0.0,0.21962923877326915,0.21962923877326915,0.21962923877326915,0.21962923877326915,0.21962923877326915,0.0326929891641118,0.0,0.0326929891641118,0.0326929891641118,0.0326929891641118,0.0326929891641118,0.0326929891641118
weather_izmir,missing_completely_at_random,20,k_nearest_neighbors_imputation,1,0.32910156163846316,0.0,0.32910156163846316,0.32910156163846316,0.32910156163846316,0.32910156163846316,0.32910156163846316,0.08959636312082041,0.0,0.08959636312082041,0.08959636312082041,0.08959636312082041,0.08959636312082041,0.08959636312082041
weather_izmir,missing_completely_at_random,10,constant_imputation,1,0.3493654442150361,0.0,0.3493654442150361,0.3493654442150361,0.3493654442150361,0.3493654442150361,0.3493654442150361,0.07513539348355262,0.0,0.07513539348355262,0.07513539348355262,0.07513539348355262,0.07513539348355262,0.07513539348355262
weather_izmir,missing_completely_at_random,10,mean_imputation,1,0.3501471127631032,0.0,0.3501471127631032,0.3501471127631032,0.3501471127631032,0.3501471127631032,0.3501471127631032,0.0756145897358885,0.0,0.0756145897358885,0.0756145897358885,0.0756145897358885,0.0756145897358885,0.0756145897358885
weather_izmir,missing_completely_at_random,10,median_imputation,1,0.3532253584277345,0.0,0.3532253584277345,0.3532253584277345,0.3532253584277345,0.3532253584277345,0.3532253584277345,0.07525299507158811,0.0,0.07525299507158811,0.07525299507158811,0.07525299507158811,0.07525299507158811,0.07525299507158811
weather_izmir,missing_completely_at_random,10,k_nearest_neighbors_imputation,1,0.2384888148710158,0.0,0.2384888148710158,0.2384888148710158,0.2384888148710158,0.2384888148710158,0.2384888148710158,0.040378046318347446,0.0,0.040378046318347446,0.040378046318347446,0.040378046318347446,0.040378046318347446,0.040378046318347446
weather_izmir,missing_completely_at_random,10,mice_imputation,9,0.32223075467030937,0.05497322840680654,0.312796791072666,0.2880584221628186,0.374272049369822,0.2799745906597697,0.36448691868084904,0.05607654598863153,0.0069412867544334554,0.05657933574923243,0.052396071033232176,0.057790421485244485,0.05074100066884438,0.06141209130841868
weather_izmir,missing_completely_at_random,10,random_forest_imputation,9,0.2267939200392997,0.049149045374679255,0.21780397761685188,0.20413164794892535,0.24952401951494455,0.18901461941418385,0.2645732206644156,0.03865544532018437,0.0056346955454426055,0.03860152160795538,0.03508231638574039,0.04265037346155635,0.034324234910715325,0.04298665572965341
weather_izmir,missing_completely_at_random,10,gain_imputation,9,0.3329422557238464,0.052662894045773116,0.33128273449550805,0.3202602852376319,0.3482047263818642,0.29246197191005585,0.37342253953763693,0.0703056251471966,0.013322966794497449,0.07269143259972734,0.05793830863066027,0.08100285545142462,0.060064686306763634,0.08054656398762956
weather_izmir,missing_completely_at_random,10,tabcsdi_imputation,9,0.32955221921156647,0.06929840804355727,0.2906656807754092,0.2735784809185078,0.37916799814826313,0.2762847473743969,0.38281969104873603,0.05971510992627852,0.016494082558395066,0.05363321510854521,0.049318672035546095,0.05741972612611826,0.047036635730925876,0.07239358412163116
weather_izmir,missing_completely_at_random,10,otimpute_imputation,9,0.2446950121222254,0.05173718163090243,0.23930613314660618,0.20352658914782604,0.24673428604120184,0.20492629386066874,0.2844637303837821,0.04056478039910278,0.004573233754859004,0.040354393428799,0.03886349251494844,0.04250184220852329,0.03704948174911607,0.04408007904908949
weather_izmir,missing_completely_at_random,25,constant_imputation,1,0.516049448878205,0.0,0.516049448878205,0.516049448878205,0.516049448878205,0.516049448878205,0.516049448878205,0.17925689818947324,0.0,0.17925689818947324,0.17925689818947324,0.17925689818947324,0.17925689818947324,0.17925689818947324
weather_izmir,missing_completely_at_random,25,mean_imputation,1,0.5163271174194464,0.0,0.5163271174194464,0.5163271174194464,0.5163271174194464,0.5163271174194464,0.5163271174194464,0.17960294184793577,0.0,0.17960294184793577,0.17960294184793577,0.17960294184793577,0.17960294184793577,0.17960294184793577
weather_izmir,missing_completely_at_random,25,median_imputation,1,0.5223072512875443,0.0,0.5223072512875443,0.5223072512875443,0.5223072512875443,0.5223072512875443,0.5223072512875443,0.179383118371455,0.0,0.179383118371455,0.179383118371455,0.179383118371455,0.179383118371455,0.179383118371455
weather_izmir,missing_completely_at_random,25,k_nearest_neighbors_imputation,1,0.39096199110451085,0.0,0.39096199110451085,0.39096199110451085,0.39096199110451085,0.39096199110451085,0.39096199110451085,0.12068698543280769,0.0,0.12068698543280769,0.12068698543280769,0.12068698543280769,0.12068698543280769,0.12068698543280769
weather_izmir,missing_completely_at_random,25,mice_imputation,9,0.5089576821484246,0.05353817703164676,0.49883997246065176,0.47366683196356985,0.5545125440504326,0.46780459627300125,0.550110768023848,0.14818595748728447,0.01650148808083669,0.14173385545858883,0.14048921629116648,0.15554868332259225,0.13550179090347392,0.16087012407109502
weather_izmir,missing_completely_at_random,25,random_forest_imputation,9,0.39583597239635915,0.051190778921763797,0.413310333985238,0.3522937542692436,0.43695723650446683,0.356487256437056,0.4351846883556623,0.11179085619798973,0.01519947538262221,0.10697527194725454,0.10157323273111647,0.11678061850039584,0.10010750516956948,0.12347420722640998
weather_izmir,missing_completely_at_random,25,gain_imputation,9,0.5085449339653211,0.0551403702277186,0.4930698284874864,0.4726959184958278,0.5314699280881232,0.4661602933780518,0.5509295745525903,0.16688136448759605,0.029562107960970238,0.1621655726350094,0.1489853904019454,0.17436436726312235,0.14415791675314626,0.18960481222204584
weather_izmir,missing_completely_at_random,25,tabcsdi_imputation,9,0.6363669153297844,0.062171358877653016,0.6261232386570772,0.6073057086336333,0.6658115373632503,0.5885777784420744,0.6841560522174944,0.20219931209573122,0.04566434057791004,0.21418147317051672,0.18475164702627284,0.24047580815979883,0.16709859269438726,0.23730003149707518
weather_izmir,missing_completely_at_random,25,otimpute_imputation,9,0.4067986835901277,0.04599037098115009,0.40082399231228694,0.36704365070220135,0.43919911654144383,0.37144735503609244,0.442150012144163,0.11453011700602213,0.013187130068076579,0.11234296929326226,0.11184219727176074,0.11778895675782594,0.10439359151653553,0.12466664249550873
weather_izmir,missing_completely_at_random,40,k_nearest_neighbors_imputation,1,0.5502046104541932,0.0,0.5502046104541932,0.5502046104541932,0.5502046104541932,0.5502046104541932,0.5502046104541932,0.23960383650526515,0.0,0.23960383650526515,0.23960383650526515,0.23960383650526515,0.23960383650526515,0.23960383650526515
weather_izmir,missing_completely_at_random,30,k_nearest_neighbors_imputation,1,0.43758831081539473,0.0,0.43758831081539473,0.43758831081539473,0.43758831081539473,0.43758831081539473,0.43758831081539473,0.15247994715051486,0.0,0.15247994715051486,0.15247994715051486,0.15247994715051486,0.15247994715051486,0.15247994715051486
weather_izmir,missing_at_random,1,k_nearest_neighbors_imputation,1,0.06795030713593898,0.0,0.06795030713593898,0.06795030713593898,0.06795030713593898,0.06795030713593898,0.06795030713593898,0.004850511646819659,0.0,0.004850511646819659,0.004850511646819659,0.004850511646819659,0.004850511646819659,0.004850511646819659
weather_izmir,missing_at_random,3,k_nearest_neighbors_imputation,1,0.11031182815852916,0.0,0.11031182815852916,0.11031182815852916,0.11031182815852916,0.11031182815852916,0.11031182815852916,0.013269840021394284,0.0,0.013269840021394284,0.013269840021394284,0.013269840021394284,0.013269840021394284,0.013269840021394284
weather_izmir,missing_at_random,2,k_nearest_neighbors_imputation,1,0.10365192637792173,0.0,0.10365192637792173,0.10365192637792173,0.10365192637792173,0.10365192637792173,0.10365192637792173,0.009885815870712389,0.0,0.009885815870712389,0.009885815870712389,0.009885815870712389,0.009885815870712389,0.009885815870712389
weather_izmir,missing_at_random,4,k_nearest_neighbors_imputation,1,0.12259236307197244,0.0,0.12259236307197244,0.12259236307197244,0.12259236307197244,0.12259236307197244,0.12259236307197244,0.017408535583373744,0.0,0.017408535583373744,0.017408535583373744,0.017408535583373744,0.017408535583373744,0.017408535583373744
weather_izmir,missing_at_random,5,constant_imputation,1,0.24482478688798415,0.0,0.24482478688798415,0.24482478688798415,0.24482478688798415,0.24482478688798415,0.24482478688798415,0.04547825901696096,0.0,0.04547825901696096,0.04547825901696096,0.04547825901696096,0.04547825901696096,0.04547825901696096
weather_izmir,missing_at_random,5,mean_imputation,1,0.255963776046901,0.0,0.255963776046901,0.255963776046901,0.255963776046901,0.255963776046901,0.255963776046901,0.04757499871238216,0.0,0.04757499871238216,0.04757499871238216,0.04757499871238216,0.04757499871238216,0.04757499871238216
weather_izmir,missing_at_random,5,median_imputation,1,0.2503507052354687,0.0,0.2503507052354687,0.2503507052354687,0.2503507052354687,0.2503507052354687,0.2503507052354687,0.045752609152841156,0.0,0.045752609152841156,0.045752609152841156,0.045752609152841156,0.045752609152841156,0.045752609152841156
weather_izmir,missing_at_random,5,k_nearest_neighbors_imputation,1,0.14046571765352492,0.0,0.14046571765352492,0.14046571765352492,0.14046571765352492,0.14046571765352492,0.14046571765352492,0.022447142103608382,0.0,0.022447142103608382,0.022447142103608382,0.022447142103608382,0.022447142103608382,0.022447142103608382
weather_izmir,missing_at_random,5,mice_imputation,1,0.1923392948618435,0.0,0.1923392948618435,0.1923392948618435,0.1923392948618435,0.1923392948618435,0.1923392948618435,0.03166547792147441,0.0,0.03166547792147441,0.03166547792147441,0.03166547792147441,0.03166547792147441,0.03166547792147441
weather_izmir,missing_at_random,5,random_forest_imputation,1,0.151116395776931,0.0,0.151116395776931,0.151116395776931,0.151116395776931,0.151116395776931,0.151116395776931,0.021357872654340374,0.0,0.021357872654340374,0.021357872654340374,0.021357872654340374,0.021357872654340374,0.021357872654340374
weather_izmir,missing_at_random,5,gain_imputation,1,0.38653841619003526,0.0,0.38653841619003526,0.38653841619003526,0.38653841619003526,0.38653841619003526,0.38653841619003526,0.06736523226336923,0.0,0.06736523226336923,0.06736523226336923,0.06736523226336923,0.06736523226336923,0.06736523226336923
weather_izmir,missing_at_random,5,tabcsdi_imputation,1,0.24698786317891622,0.0,0.24698786317891622,0.24698786317891622,0.24698786317891622,0.24698786317891622,0.24698786317891622,0.03986826862132104,0.0,0.03986826862132104,0.03986826862132104,0.03986826862132104,0.03986826862132104,0.03986826862132104
weather_izmir,missing_at_random,5,otimpute_imputation,1,0.18414164994694196,0.0,0.18414164994694196,0.18414164994694196,0.18414164994694196,0.18414164994694196,0.18414164994694196,0.029791248252009763,0.0,0.029791248252009763,0.029791248252009763,0.029791248252009763,0.029791248252009763,0.029791248252009763
weather_izmir,missing_at_random,6,k_nearest_neighbors_imputation,1,0.15214650756190287,0.0,0.15214650756190287,0.15214650756190287,0.15214650756190287,0.15214650756190287,0.15214650756190287,0.027339734881142025,0.0,0.027339734881142025,0.027339734881142025,0.027339734881142025,0.027339734881142025,0.027339734881142025
weather_izmir,missing_at_random,8,k_nearest_neighbors_imputation,1,0.1812486096539522,0.0,0.1812486096539522,0.1812486096539522,0.1812486096539522,0.1812486096539522,0.1812486096539522,0.03866331980308702,0.0,0.03866331980308702,0.03866331980308702,0.03866331980308702,0.03866331980308702,0.03866331980308702
weather_izmir,missing_at_random,10,constant_imputation,1,0.31981302368527526,0.0,0.31981302368527526,0.31981302368527526,0.31981302368527526,0.31981302368527526,0.31981302368527526,0.0843555455663597,0.0,0.0843555455663597,0.0843555455663597,0.0843555455663597,0.0843555455663597,0.0843555455663597
weather_izmir,missing_at_random,10,mean_imputation,1,0.3520126218417442,0.0,0.3520126218417442,0.3520126218417442,0.3520126218417442,0.3520126218417442,0.3520126218417442,0.09293891355652564,0.0,0.09293891355652564,0.09293891355652564,0.09293891355652564,0.09293891355652564,0.09293891355652564
weather_izmir,missing_at_random,10,median_imputation,1,0.3421643737541717,0.0,0.3421643737541717,0.3421643737541717,0.3421643737541717,0.3421643737541717,0.3421643737541717,0.08879874124274065,0.0,0.08879874124274065,0.08879874124274065,0.08879874124274065,0.08879874124274065,0.08879874124274065
weather_izmir,missing_at_random,10,k_nearest_neighbors_imputation,1,0.20844258430952994,0.0,0.20844258430952994,0.20844258430952994,0.20844258430952994,0.20844258430952994,0.20844258430952994,0.05015602839447142,0.0,0.05015602839447142,0.05015602839447142,0.05015602839447142,0.05015602839447142,0.05015602839447142
weather_izmir,missing_at_random,10,mice_imputation,1,0.2851752780671191,0.0,0.2851752780671191,0.2851752780671191,0.2851752780671191,0.2851752780671191,0.2851752780671191,0.06405987474838834,0.0,0.06405987474838834,0.06405987474838834,0.06405987474838834,0.06405987474838834,0.06405987474838834
weather_izmir,missing_at_random,10,random_forest_imputation,1,0.20981235318520777,0.0,0.20981235318520777,0.20981235318520777,0.20981235318520777,0.20981235318520777,0.20981235318520777,0.0453111680968788,0.0,0.0453111680968788,0.0453111680968788,0.0453111680968788,0.0453111680968788,0.0453111680968788
weather_izmir,missing_at_random,10,gain_imputation,1,0.432978639663543,0.0,0.432978639663543,0.432978639663543,0.432978639663543,0.432978639663543,0.432978639663543,0.10660561180138997,0.0,0.10660561180138997,0.10660561180138997,0.10660561180138997,0.10660561180138997,0.10660561180138997
weather_izmir,missing_at_random,10,tabcsdi_imputation,1,0.2857649470368595,0.0,0.2857649470368595,0.2857649470368595,0.2857649470368595,0.2857649470368595,0.2857649470368595,0.06314691367596102,0.0,0.06314691367596102,0.06314691367596102,0.06314691367596102,0.06314691367596102,0.06314691367596102
weather_izmir,missing_at_random,10,otimpute_imputation,1,0.24763135294007474,0.0,0.24763135294007474,0.24763135294007474,0.24763135294007474,0.24763135294007474,0.24763135294007474,0.05962687220492258,0.0,0.05962687220492258,0.05962687220492258,0.05962687220492258,0.05962687220492258,0.05962687220492258
weather_izmir,missing_at_random,15,k_nearest_neighbors_imputation,1,0.2689663368155685,0.0,0.2689663368155685,0.2689663368155685,0.2689663368155685,0.2689663368155685,0.2689663368155685,0.07934557394203685,0.0,0.07934557394203685,0.07934557394203685,0.07934557394203685,0.07934557394203685,0.07934557394203685
weather_izmir,missing_at_random,25,constant_imputation,1,0.4620792569974784,0.0,0.4620792569974784,0.4620792569974784,0.4620792569974784,0.4620792569974784,0.4620792569974784,0.18604193414391235,0.0,0.18604193414391235,0.18604193414391235,0.18604193414391235,0.18604193414391235,0.18604193414391235
weather_izmir,missing_at_random,25,mean_imputation,1,0.5904856417898702,0.0,0.5904856417898702,0.5904856417898702,0.5904856417898702,0.5904856417898702,0.5904856417898702,0.24331852100487902,0.0,0.24331852100487902,0.24331852100487902,0.24331852100487902,0.24331852100487902,0.24331852100487902
weather_izmir,missing_at_random,25,median_imputation,1,0.5820850130681144,0.0,0.5820850130681144,0.5820850130681144,0.5820850130681144,0.5820850130681144,0.5820850130681144,0.2362607988875595,0.0,0.2362607988875595,0.2362607988875595,0.2362607988875595,0.2362607988875595,0.2362607988875595
weather_izmir,missing_at_random,25,k_nearest_neighbors_imputation,1,0.4158150103575659,0.0,0.4158150103575659,0.4158150103575659,0.4158150103575659,0.4158150103575659,0.4158150103575659,0.15926283067301075,0.0,0.15926283067301075,0.15926283067301075,0.15926283067301075,0.15926283067301075,0.15926283067301075
weather_izmir,missing_at_random,25,mice_imputation,1,0.5319950523426585,0.0,0.5319950523426585,0.5319950523426585,0.5319950523426585,0.5319950523426585,0.5319950523426585,0.19583401206882328,0.0,0.19583401206882328,0.19583401206882328,0.19583401206882328,0.19583401206882328,0.19583401206882328
weather_izmir,missing_at_random,25,random_forest_imputation,1,0.404532337271545,0.0,0.404532337271545,0.404532337271545,0.404532337271545,0.404532337271545,0.404532337271545,0.14520446709128587,0.0,0.14520446709128587,0.14520446709128587,0.14520446709128587,0.14520446709128587,0.14520446709128587
weather_izmir,missing_at_random,25,gain_imputation,1,1.0517818678344306,0.0,1.0517818678344306,1.0517818678344306,1.0517818678344306,1.0517818678344306,1.0517818678344306,0.38215281948956387,0.0,0.38215281948956387,0.38215281948956387,0.38215281948956387,0.38215281948956387,0.38215281948956387
weather_izmir,missing_at_random,25,tabcsdi_imputation,1,0.6473233776213764,0.0,0.6473233776213764,0.6473233776213764,0.6473233776213764,0.6473233776213764,0.6473233776213764,0.24170530999522702,0.0,0.24170530999522702,0.24170530999522702,0.24170530999522702,0.24170530999522702,0.24170530999522702
weather_izmir,missing_at_random,25,otimpute_imputation,1,0.4954148918893132,0.0,0.4954148918893132,0.4954148918893132,0.4954148918893132,0.4954148918893132,0.4954148918893132,0.1937313075272444,0.0,0.1937313075272444,0.1937313075272444,0.1937313075272444,0.1937313075272444,0.1937313075272444
weather_izmir,missing_at_random,20,k_nearest_neighbors_imputation,1,0.3406885553699582,0.0,0.3406885553699582,0.3406885553699582,0.3406885553699582,0.3406885553699582,0.3406885553699582,0.11833893676084033,0.0,0.11833893676084033,0.11833893676084033,0.11833893676084033,0.11833893676084033,0.11833893676084033
weather_izmir,missing_at_random,30,k_nearest_neighbors_imputation,1,0.4882997698202026,0.0,0.4882997698202026,0.4882997698202026,0.4882997698202026,0.4882997698202026,0.4882997698202026,0.20587090217999024,0.0,0.20587090217999024,0.20587090217999024,0.20587090217999024,0.20587090217999024,0.20587090217999024
weather_izmir,missing_at_random,40,k_nearest_neighbors_imputation,1,0.7006698584317883,0.0,0.7006698584317883,0.7006698584317883,0.7006698584317883,0.7006698584317883,0.7006698584317883,0.3412967808735528,0.0,0.3412967808735528,0.3412967808735528,0.3412967808735528,0.3412967808735528,0.3412967808735528
weather_izmir,missing_not_at_random,1,k_nearest_neighbors_imputation,1,0.23672540260415356,0.0,0.23672540260415356,0.23672540260415356,0.23672540260415356,0.23672540260415356,0.23672540260415356,0.01688869828937992,0.0,0.01688869828937992,0.01688869828937992,0.01688869828937992,0.01688869828937992,0.01688869828937992
weather_izmir,missing_not_at_random,2,k_nearest_neighbors_imputation,1,0.2878332145896976,0.0,0.2878332145896976,0.2878332145896976,0.2878332145896976,0.2878332145896976,0.2878332145896976,0.0291107539668213,0.0,0.0291107539668213,0.0291107539668213,0.0291107539668213,0.0291107539668213,0.0291107539668213
weather_izmir,missing_not_at_random,3,k_nearest_neighbors_imputation,1,0.2897302670161958,0.0,0.2897302670161958,0.2897302670161958,0.2897302670161958,0.2897302670161958,0.2897302670161958,0.04113200215487299,0.0,0.04113200215487299,0.04113200215487299,0.04113200215487299,0.04113200215487299,0.04113200215487299
weather_izmir,missing_not_at_random,4,k_nearest_neighbors_imputation,1,0.34471022839655324,0.0,0.34471022839655324,0.34471022839655324,0.34471022839655324,0.34471022839655324,0.34471022839655324,0.04937126293876682,0.0,0.04937126293876682,0.04937126293876682,0.04937126293876682,0.04937126293876682,0.04937126293876682
weather_izmir,missing_not_at_random,5,constant_imputation,1,0.3902754629034752,0.0,0.3902754629034752,0.3902754629034752,0.3902754629034752,0.3902754629034752,0.3902754629034752,0.07601079187116021,0.0,0.07601079187116021,0.07601079187116021,0.07601079187116021,0.07601079187116021,0.07601079187116021
weather_izmir,missing_not_at_random,5,mean_imputation,1,0.42945242072541806,0.0,0.42945242072541806,0.42945242072541806,0.42945242072541806,0.42945242072541806,0.42945242072541806,0.08562202538455291,0.0,0.08562202538455291,0.08562202538455291,0.08562202538455291,0.08562202538455291,0.08562202538455291
weather_izmir,missing_not_at_random,5,median_imputation,1,0.41919477931954713,0.0,0.41919477931954713,0.41919477931954713,0.41919477931954713,0.41919477931954713,0.41919477931954713,0.08242764984229166,0.0,0.08242764984229166,0.08242764984229166,0.08242764984229166,0.08242764984229166,0.08242764984229166
weather_izmir,missing_not_at_random,5,k_nearest_neighbors_imputation,1,0.3284135896913902,0.0,0.3284135896913902,0.3284135896913902,0.3284135896913902,0.3284135896913902,0.3284135896913902,0.05989828594316126,0.0,0.05989828594316126,0.05989828594316126,0.05989828594316126,0.05989828594316126,0.05989828594316126
weather_izmir,missing_not_at_random,5,mice_imputation,1,0.31033413974148766,0.0,0.31033413974148766,0.31033413974148766,0.31033413974148766,0.31033413974148766,0.31033413974148766,0.0505545968989086,0.0,0.0505545968989086,0.0505545968989086,0.0505545968989086,0.0505545968989086,0.0505545968989086
weather_izmir,missing_not_at_random,5,random_forest_imputation,1,0.2848818824725625,0.0,0.2848818824725625,0.2848818824725625,0.2848818824725625,0.2848818824725625,0.2848818824725625,0.04467190741919532,0.0,0.04467190741919532,0.04467190741919532,0.04467190741919532,0.04467190741919532,0.04467190741919532
weather_izmir,missing_not_at_random,5,gain_imputation,1,0.38796816466063183,0.0,0.38796816466063183,0.38796816466063183,0.38796816466063183,0.38796816466063183,0.38796816466063183,0.06757884275898268,0.0,0.06757884275898268,0.06757884275898268,0.06757884275898268,0.06757884275898268,0.06757884275898268
weather_izmir,missing_not_at_random,5,tabcsdi_imputation,1,0.3922246605792815,0.0,0.3922246605792815,0.3922246605792815,0.3922246605792815,0.3922246605792815,0.3922246605792815,0.06825271747460974,0.0,0.06825271747460974,0.06825271747460974,0.06825271747460974,0.06825271747460974,0.06825271747460974
weather_izmir,missing_not_at_random,5,otimpute_imputation,1,0.34005367329138936,0.0,0.34005367329138936,0.34005367329138936,0.34005367329138936,0.34005367329138936,0.34005367329138936,0.06233701383871184,0.0,0.06233701383871184,0.06233701383871184,0.06233701383871184,0.06233701383871184,0.06233701383871184
weather_izmir,missing_not_at_random,6,k_nearest_neighbors_imputation,1,0.37953881539437156,0.0,0.37953881539437156,0.37953881539437156,0.37953881539437156,0.37953881539437156,0.37953881539437156,0.06694632087452995,0.0,0.06694632087452995,0.06694632087452995,0.06694632087452995,0.06694632087452995,0.06694632087452995
weather_izmir,missing_not_at_random,8,k_nearest_neighbors_imputation,1,0.40685087108516593,0.0,0.40685087108516593,0.40685087108516593,0.40685087108516593,0.40685087108516593,0.40685087108516593,0.08373019375284946,0.0,0.08373019375284946,0.08373019375284946,0.08373019375284946,0.08373019375284946,0.08373019375284946
weather_izmir,missing_not_at_random,10,constant_imputation,1,0.41716364500369807,0.0,0.41716364500369807,0.41716364500369807,0.41716364500369807,0.41716364500369807,0.41716364500369807,0.1029118586294205,0.0,0.1029118586294205,0.1029118586294205,0.1029118586294205,0.1029118586294205,0.1029118586294205
weather_izmir,missing_not_at_random,10,mean_imputation,1,0.5074817022953715,0.0,0.5074817022953715,0.5074817022953715,0.5074817022953715,0.5074817022953715,0.5074817022953715,0.1328217539377946,0.0,0.1328217539377946,0.1328217539377946,0.1328217539377946,0.1328217539377946,0.1328217539377946
weather_izmir,missing_not_at_random,10,median_imputation,1,0.49180867062246697,0.0,0.49180867062246697,0.49180867062246697,0.49180867062246697,0.49180867062246697,0.49180867062246697,0.12022409151487609,0.0,0.12022409151487609,0.12022409151487609,0.12022409151487609,0.12022409151487609,0.12022409151487609
weather_izmir,missing_not_at_random,10,k_nearest_neighbors_imputation,1,0.42890362390264297,0.0,0.42890362390264297,0.42890362390264297,0.42890362390264297,0.42890362390264297,0.42890362390264297,0.09914100851954083,0.0,0.09914100851954083,0.09914100851954083,0.09914100851954083,0.09914100851954083,0.09914100851954083
weather_izmir,missing_not_at_random,10,mice_imputation,1,0.45958645967819034,0.0,0.45958645967819034,0.45958645967819034,0.45958645967819034,0.45958645967819034,0.45958645967819034,0.09366090890531947,0.0,0.09366090890531947,0.09366090890531947,0.09366090890531947,0.09366090890531947,0.09366090890531947
weather_izmir,missing_not_at_random,10,random_forest_imputation,1,0.42357663772012305,0.0,0.42357663772012305,0.42357663772012305,0.42357663772012305,0.42357663772012305,0.42357663772012305,0.09111142701329275,0.0,0.09111142701329275,0.09111142701329275,0.09111142701329275,0.09111142701329275,0.09111142701329275
weather_izmir,missing_not_at_random,10,gain_imputation,1,0.4663990594830728,0.0,0.4663990594830728,0.4663990594830728,0.4663990594830728,0.4663990594830728,0.4663990594830728,0.10432091935180575,0.0,0.10432091935180575,0.10432091935180575,0.10432091935180575,0.10432091935180575,0.10432091935180575
weather_izmir,missing_not_at_random,10,tabcsdi_imputation,1,0.45338156240427047,0.0,0.45338156240427047,0.45338156240427047,0.45338156240427047,0.45338156240427047,0.45338156240427047,0.09464033843977288,0.0,0.09464033843977288,0.09464033843977288,0.09464033843977288,0.09464033843977288,0.09464033843977288
weather_izmir,missing_not_at_random,10,otimpute_imputation,1,0.4209444993255754,0.0,0.4209444993255754,0.4209444993255754,0.4209444993255754,0.4209444993255754,0.4209444993255754,0.09462827494164963,0.0,0.09462827494164963,0.09462827494164963,0.09462827494164963,0.09462827494164963,0.09462827494164963
weather_izmir,missing_not_at_random,15,k_nearest_neighbors_imputation,1,0.48213187384041073,0.0,0.48213187384041073,0.48213187384041073,0.48213187384041073,0.48213187384041073,0.48213187384041073,0.13972660606957946,0.0,0.13972660606957946,0.13972660606957946,0.13972660606957946,0.13972660606957946,0.13972660606957946
weather_izmir,missing_not_at_random,20,k_nearest_neighbors_imputation,1,0.548763626608755,0.0,0.548763626608755,0.548763626608755,0.548763626608755,0.548763626608755,0.548763626608755,0.1901805613840363,0.0,0.1901805613840363,0.1901805613840363,0.1901805613840363,0.1901805613840363,0.1901805613840363
weather_izmir,missing_not_at_random,25,constant_imputation,1,0.4556060001160402,0.0,0.4556060001160402,0.4556060001160402,0.4556060001160402,0.4556060001160402,0.4556060001160402,0.1894767784530129,0.0,0.1894767784530129,0.1894767784530129,0.1894767784530129,0.1894767784530129,0.1894767784530129
weather_izmir,missing_not_at_random,25,mean_imputation,1,0.8939860089546283,0.0,0.8939860089546283,0.8939860089546283,0.8939860089546283,0.8939860089546283,0.8939860089546283,0.4275022921873906,0.0,0.4275022921873906,0.4275022921873906,0.4275022921873906,0.4275022921873906,0.4275022921873906
weather_izmir,missing_not_at_random,25,median_imputation,1,0.8703679370190616,0.0,0.8703679370190616,0.8703679370190616,0.8703679370190616,0.8703679370190616,0.8703679370190616,0.4143401454780077,0.0,0.4143401454780077,0.4143401454780077,0.4143401454780077,0.4143401454780077,0.4143401454780077
weather_izmir,missing_not_at_random,25,k_nearest_neighbors_imputation,1,0.7648996436176765,0.0,0.7648996436176765,0.7648996436176765,0.7648996436176765,0.7648996436176765,0.7648996436176765,0.35544554531173916,0.0,0.35544554531173916,0.35544554531173916,0.35544554531173916,0.35544554531173916,0.35544554531173916
weather_izmir,missing_not_at_random,25,mice_imputation,1,0.7659007084997266,0.0,0.7659007084997266,0.7659007084997266,0.7659007084997266,0.7659007084997266,0.7659007084997266,0.34790974585722084,0.0,0.34790974585722084,0.34790974585722084,0.34790974585722084,0.34790974585722084,0.34790974585722084
weather_izmir,missing_not_at_random,25,random_forest_imputation,1,0.680959025674343,0.0,0.680959025674343,0.680959025674343,0.680959025674343,0.680959025674343,0.680959025674343,0.3090886766689098,0.0,0.3090886766689098,0.3090886766689098,0.3090886766689098,0.3090886766689098,0.3090886766689098
weather_izmir,missing_not_at_random,25,gain_imputation,1,0.8477521142715869,0.0,0.8477521142715869,0.8477521142715869,0.8477521142715869,0.8477521142715869,0.8477521142715869,0.3824455817393349,0.0,0.3824455817393349,0.3824455817393349,0.3824455817393349,0.3824455817393349,0.3824455817393349
weather_izmir,missing_not_at_random,25,tabcsdi_imputation,1,0.9379464839626757,0.0,0.9379464839626757,0.9379464839626757,0.9379464839626757,0.9379464839626757,0.9379464839626757,0.4331544635107066,0.0,0.4331544635107066,0.4331544635107066,0.4331544635107066,0.4331544635107066,0.4331544635107066
weather_izmir,missing_not_at_random,25,otimpute_imputation,1,0.8002852039361483,0.0,0.8002852039361483,0.8002852039361483,0.8002852039361483,0.8002852039361483,0.8002852039361483,0.37532455932670594,0.0,0.37532455932670594,0.37532455932670594,0.37532455932670594,0.37532455932670594,0.37532455932670594
weather_izmir,missing_not_at_random,30,k_nearest_neighbors_imputation,1,0.7852681463846809,0.0,0.7852681463846809,0.7852681463846809,0.7852681463846809,0.7852681463846809,0.7852681463846809,0.358775750143378,0.0,0.358775750143378,0.358775750143378,0.358775750143378,0.358775750143378,0.358775750143378
weather_izmir,missing_not_at_random,40,k_nearest_neighbors_imputation,1,1.304072128598097,0.0,1.304072128598097,1.304072128598097,1.304072128598097,1.304072128598097,1.304072128598097,0.7326265500392782,0.0,0.7326265500392782,0.7326265500392782,0.7326265500392782,0.7326265500392782,0.7326265500392782
rmftsa_ladata,missing_completely_at_random,1,k_nearest_neighbors_imputation,1,0.059236833941838915,0.0,0.059236833941838915,0.059236833941838915,0.059236833941838915,0.059236833941838915,0.059236833941838915,0.004237303343178043,0.0,0.004237303343178043,0.004237303343178043,0.004237303343178043,0.004237303343178043,0.004237303343178043
rmftsa_ladata,missing_completely_at_random,3,k_nearest_neighbors_imputation,1,0.09736845228097818,0.0,0.09736845228097818,0.09736845228097818,0.09736845228097818,0.09736845228097818,0.09736845228097818,0.012216152695535503,0.0,0.012216152695535503,0.012216152695535503,0.012216152695535503,0.012216152695535503,0.012216152695535503
rmftsa_ladata,missing_completely_at_random,2,k_nearest_neighbors_imputation,1,0.08133973863803169,0.0,0.08133973863803169,0.08133973863803169,0.08133973863803169,0.08133973863803169,0.08133973863803169,0.008442912155049304,0.0,0.008442912155049304,0.008442912155049304,0.008442912155049304,0.008442912155049304,0.008442912155049304
rmftsa_ladata,missing_completely_at_random,4,k_nearest_neighbors_imputation,1,0.11008872569628338,0.0,0.11008872569628338,0.11008872569628338,0.11008872569628338,0.11008872569628338,0.11008872569628338,0.01621780937838495,0.0,0.01621780937838495,0.01621780937838495,0.01621780937838495,0.01621780937838495,0.01621780937838495
rmftsa_ladata,missing_completely_at_random,5,constant_imputation,1,0.20941808412050708,0.0,0.20941808412050708,0.20941808412050708,0.20941808412050708,0.20941808412050708,0.20941808412050708,0.0364688875777046,0.0,0.0364688875777046,0.0364688875777046,0.0364688875777046,0.0364688875777046,0.0364688875777046
rmftsa_ladata,missing_completely_at_random,5,mean_imputation,1,0.20982891019461025,0.0,0.20982891019461025,0.20982891019461025,0.20982891019461025,0.20982891019461025,0.20982891019461025,0.03660917734465337,0.0,0.03660917734465337,0.03660917734465337,0.03660917734465337,0.03660917734465337,0.03660917734465337
rmftsa_ladata,missing_completely_at_random,5,median_imputation,1,0.20969563011341727,0.0,0.20969563011341727,0.20969563011341727,0.20969563011341727,0.20969563011341727,0.20969563011341727,0.03557850362672431,0.0,0.03557850362672431,0.03557850362672431,0.03557850362672431,0.03557850362672431,0.03557850362672431
rmftsa_ladata,missing_completely_at_random,5,k_nearest_neighbors_imputation,1,0.1242402747251601,0.0,0.1242402747251601,0.1242402747251601,0.1242402747251601,0.1242402747251601,0.1242402747251601,0.0202777292230748,0.0,0.0202777292230748,0.0202777292230748,0.0202777292230748,0.0202777292230748,0.0202777292230748
rmftsa_ladata,missing_completely_at_random,5,mice_imputation,9,0.14319366981832832,0.011430841397014611,0.14172730973528053,0.13605032926994673,0.14911645612531904,0.1344071473082021,0.15198019232845453,0.024385304318116002,0.001661833726292038,0.023932478143418066,0.023323257871280857,0.02573690514897038,0.02310790583649894,0.025662702799733064
rmftsa_ladata,missing_completely_at_random,5,random_forest_imputation,9,0.1032827610014731,0.011175659773131485,0.10324228550304276,0.09589973132985509,0.10856057796413972,0.09469238845131442,0.11187313355163178,0.017153076984736865,0.001675534078973579,0.017094824223542214,0.016375638298023635,0.0182967213353967,0.01586514747980734,0.01844100648966639
rmftsa_ladata,missing_completely_at_random,5,gain_imputation,9,0.17401668151889355,0.03787219188836268,0.1828620952556853,0.14703009920955235,0.20480868847821995,0.14490553781762355,0.20312782522016354,0.029120808235867726,0.004911904324253553,0.03046250184945992,0.0259918771684521,0.032491390002325905,0.025345184341382422,0.03289643213035303
rmftsa_ladata,missing_completely_at_random,5,tabcsdi_imputation,9,0.2786421541184056,0.025332655504929108,0.27649163798251297,0.27280180651783936,0.2928758691617888,0.2591697513350492,0.298114556901762,0.046562458317800585,0.003314254262403773,0.04687242678884307,0.044371661438983946,0.048578477896178134,0.04401489697306021,0.049110019662540964
rmftsa_ladata,missing_completely_at_random,5,otimpute_imputation,9,0.11540903477844895,0.00968125111220804,0.11453310860462358,0.11136013802096105,0.11937980010916448,0.10796736641221506,0.12285070314468284,0.018972795271595014,0.0016199559850133786,0.018692733000269135,0.01784756519495966,0.019788976556566334,0.017727586871498485,0.020218003671691544
rmftsa_ladata,missing_completely_at_random,6,k_nearest_neighbors_imputation,1,0.14173573637097692,0.0,0.14173573637097692,0.14173573637097692,0.14173573637097692,0.14173573637097692,0.14173573637097692,0.025219753366320517,0.0,0.025219753366320517,0.025219753366320517,0.025219753366320517,0.025219753366320517,0.025219753366320517
rmftsa_ladata,missing_completely_at_random,8,k_nearest_neighbors_imputation,1,0.16162487165871114,0.0,0.16162487165871114,0.16162487165871114,0.16162487165871114,0.16162487165871114,0.16162487165871114,0.03337000712642654,0.0,0.03337000712642654,0.03337000712642654,0.03337000712642654,0.03337000712642654,0.03337000712642654
rmftsa_ladata,missing_completely_at_random,10,constant_imputation,1,0.315302515425721,0.0,0.315302515425721,0.315302515425721,0.315302515425721,0.315302515425721,0.315302515425721,0.07894181770805882,0.0,0.07894181770805882,0.07894181770805882,0.07894181770805882,0.07894181770805882,0.07894181770805882
rmftsa_ladata,missing_completely_at_random,10,mean_imputation,1,0.3157573127345405,0.0,0.3157573127345405,0.3157573127345405,0.3157573127345405,0.3157573127345405,0.3157573127345405,0.0792328274085121,0.0,0.0792328274085121,0.0792328274085121,0.0792328274085121,0.0792328274085121,0.0792328274085121
rmftsa_ladata,missing_completely_at_random,10,median_imputation,1,0.3179285809769939,0.0,0.3179285809769939,0.3179285809769939,0.3179285809769939,0.3179285809769939,0.3179285809769939,0.07761244721575787,0.0,0.07761244721575787,0.07761244721575787,0.07761244721575787,0.07761244721575787,0.07761244721575787
rmftsa_ladata,missing_completely_at_random,10,k_nearest_neighbors_imputation,1,0.18497202128524287,0.0,0.18497202128524287,0.18497202128524287,0.18497202128524287,0.18497202128524287,0.18497202128524287,0.042569245160888905,0.0,0.042569245160888905,0.042569245160888905,0.042569245160888905,0.042569245160888905,0.042569245160888905
rmftsa_ladata,missing_completely_at_random,10,mice_imputation,9,0.21506086338903124,0.01788596278425272,0.2145207809568596,0.20529778868550222,0.23122559156153033,0.20131249534149973,0.22880923143656276,0.050698347162242224,0.0034118811222989282,0.05061948189194956,0.04841677505175468,0.05415539781097405,0.048075743169960106,0.05332095115452434
rmftsa_ladata,missing_completely_at_random,10,random_forest_imputation,9,0.1565322141056367,0.0161791502282512,0.1642673080719524,0.14964433986800993,0.1658306458698979,0.14409581832882445,0.16896860988244894,0.03657263905070199,0.0030041749115682823,0.03741429225317849,0.03502224388424453,0.038075067607267324,0.0342634257943843,0.038881852307019675
rmftsa_ladata,missing_completely_at_random,10,gain_imputation,9,0.23748906537141604,0.05867970268136385,0.2436479827180082,0.18164900524492894,0.28229920423084826,0.19238385302615738,0.2825942777166747,0.056371027244613486,0.012129296304537438,0.056655789438909074,0.04410118749607538,0.06537547357518793,0.047047624766153505,0.06569442972307346
rmftsa_ladata,missing_completely_at_random,10,tabcsdi_imputation,9,0.3950111597981479,0.029746973717994483,0.3945470698542149,0.3677247910614787,0.4263120266859141,0.37214561166364624,0.4178767079326495,0.09474099579611778,0.006251516544283904,0.09639484326609986,0.09036868874042617,0.09943329320360789,0.08993565479531246,0.0995463367969231
rmftsa_ladata,missing_completely_at_random,10,otimpute_imputation,9,0.17197286996552955,0.013289238197634638,0.17366629260218003,0.16387209805881775,0.17633040528717658,0.16175785721971,0.1821878827113491,0.040016643377181235,0.0028178999158836077,0.03950942802706788,0.03786864153148572,0.04211755599761136,0.037850613757641545,0.042182672996720925
rmftsa_ladata,missing_completely_at_random,15,k_nearest_neighbors_imputation,1,0.24893109723373533,0.0,0.24893109723373533,0.24893109723373533,0.24893109723373533,0.24893109723373533,0.24893109723373533,0.06957031212922828,0.0,0.06957031212922828,0.06957031212922828,0.06957031212922828,0.06957031212922828,0.06957031212922828
rmftsa_ladata,missing_completely_at_random,20,k_nearest_neighbors_imputation,1,0.29538816800126816,0.0,0.29538816800126816,0.29538816800126816,0.29538816800126816,0.29538816800126816,0.29538816800126816,0.0946657929656224,0.0,0.0946657929656224,0.0946657929656224,0.0946657929656224,0.0946657929656224,0.0946657929656224
rmftsa_ladata,missing_completely_at_random,30,k_nearest_neighbors_imputation,1,0.39484336812187604,0.0,0.39484336812187604,0.39484336812187604,0.39484336812187604,0.39484336812187604,0.39484336812187604,0.15671194626562412,0.0,0.15671194626562412,0.15671194626562412,0.15671194626562412,0.15671194626562412,0.15671194626562412
rmftsa_ladata,missing_completely_at_random,25,constant_imputation,1,0.5100434235229477,0.0,0.5100434235229477,0.5100434235229477,0.5100434235229477,0.5100434235229477,0.5100434235229477,0.20119727339996676,0.0,0.20119727339996676,0.20119727339996676,0.20119727339996676,0.20119727339996676,0.20119727339996676
rmftsa_ladata,missing_completely_at_random,25,mean_imputation,1,0.5107724584433149,0.0,0.5107724584433149,0.5107724584433149,0.5107724584433149,0.5107724584433149,0.5107724584433149,0.20064974844109695,0.0,0.20064974844109695,0.20064974844109695,0.20064974844109695,0.20064974844109695,0.20064974844109695
rmftsa_ladata,missing_completely_at_random,25,median_imputation,1,0.5219402714430205,0.0,0.5219402714430205,0.5219402714430205,0.5219402714430205,0.5219402714430205,0.5219402714430205,0.2004880128402408,0.0,0.2004880128402408,0.2004880128402408,0.2004880128402408,0.2004880128402408,0.2004880128402408
rmftsa_ladata,missing_completely_at_random,25,k_nearest_neighbors_imputation,1,0.34824438404814306,0.0,0.34824438404814306,0.34824438404814306,0.34824438404814306,0.34824438404814306,0.34824438404814306,0.12526652638240196,0.0,0.12526652638240196,0.12526652638240196,0.12526652638240196,0.12526652638240196,0.12526652638240196
rmftsa_ladata,missing_completely_at_random,25,mice_imputation,9,0.37171330054284957,0.040212632760290745,0.3705376266134084,0.3347013896049142,0.40234396795708904,0.3408031347319572,0.4026234663537419,0.13935609696329954,0.013394999575212119,0.14421798423724574,0.12615222448879368,0.14821155609195638,0.1290597888261338,0.14965240510046526
rmftsa_ladata,missing_completely_at_random,25,random_forest_imputation,9,0.2877774375059178,0.03490680622634754,0.29693603446786465,0.2632005259974812,0.31601628848710894,0.2609456910043418,0.31460918400749377,0.10595790094278651,0.01085194939881549,0.10912101714675275,0.0963307885248284,0.1144414393837092,0.09761635421322155,0.11429944767235146
rmftsa_ladata,missing_completely_at_random,25,gain_imputation,9,0.3524376312600833,0.07872057708853039,0.34354515921388323,0.28240490713882827,0.4227935490849145,0.2919276391628135,0.41294762335735313,0.13290746088535924,0.027083154445495288,0.13122018617465575,0.10693558344118916,0.1544796461148177,0.11208950550346417,0.1537254162672543
rmftsa_ladata,missing_completely_at_random,25,tabcsdi_imputation,9,0.6646394616209643,0.03867039135311656,0.6608485261572575,0.6289461299422904,0.6995584493798,0.6349147674975476,0.694364155744381,0.2535310360523103,0.012942684705788377,0.24932137946357877,0.24183158275921954,0.26699436803521487,0.24358240790157973,0.26347966420304086
rmftsa_ladata,missing_completely_at_random,25,otimpute_imputation,9,0.31915846901554096,0.025130499132873567,0.31649892902300175,0.30201253356047203,0.33970613055714594,0.29984145737549056,0.33847548065559135,0.11817285020858126,0.007505579261388239,0.12081802513924568,0.11274963294958856,0.12417172416474406,0.11240355127062662,0.1239421491465359
rmftsa_ladata,missing_completely_at_random,40,k_nearest_neighbors_imputation,1,0.4949987341182193,0.0,0.4949987341182193,0.4949987341182193,0.4949987341182193,0.4949987341182193,0.4949987341182193,0.2303251605546845,0.0,0.2303251605546845,0.2303251605546845,0.2303251605546845,0.2303251605546845,0.2303251605546845
rmftsa_ladata,missing_at_random,1,k_nearest_neighbors_imputation,1,0.059434535235690054,0.0,0.059434535235690054,0.059434535235690054,0.059434535235690054,0.059434535235690054,0.059434535235690054,0.004426044166528954,0.0,0.004426044166528954,0.004426044166528954,0.004426044166528954,0.004426044166528954,0.004426044166528954
rmftsa_ladata,missing_at_random,2,k_nearest_neighbors_imputation,1,0.08929432850276316,0.0,0.08929432850276316,0.08929432850276316,0.08929432850276316,0.08929432850276316,0.08929432850276316,0.00977930526023892,0.0,0.00977930526023892,0.00977930526023892,0.00977930526023892,0.00977930526023892,0.00977930526023892
rmftsa_ladata,missing_at_random,4,k_nearest_neighbors_imputation,1,0.11626203489604801,0.0,0.11626203489604801,0.11626203489604801,0.11626203489604801,0.11626203489604801,0.11626203489604801,0.018417270306841906,0.0,0.018417270306841906,0.018417270306841906,0.018417270306841906,0.018417270306841906,0.018417270306841906
rmftsa_ladata,missing_at_random,5,constant_imputation,1,0.2766828513915384,0.0,0.2766828513915384,0.2766828513915384,0.2766828513915384,0.2766828513915384,0.2766828513915384,0.05651383868500178,0.0,0.05651383868500178,0.05651383868500178,0.05651383868500178,0.05651383868500178,0.05651383868500178
rmftsa_ladata,missing_at_random,5,mean_imputation,1,0.3013594020721777,0.0,0.3013594020721777,0.3013594020721777,0.3013594020721777,0.3013594020721777,0.3013594020721777,0.06203036103016669,0.0,0.06203036103016669,0.06203036103016669,0.06203036103016669,0.06203036103016669,0.06203036103016669
rmftsa_ladata,missing_at_random,5,median_imputation,1,0.2817565342722901,0.0,0.2817565342722901,0.2817565342722901,0.2817565342722901,0.2817565342722901,0.2817565342722901,0.05707685126638605,0.0,0.05707685126638605,0.05707685126638605,0.05707685126638605,0.05707685126638605,0.05707685126638605
rmftsa_ladata,missing_at_random,5,k_nearest_neighbors_imputation,1,0.13162550688973687,0.0,0.13162550688973687,0.13162550688973687,0.13162550688973687,0.13162550688973687,0.13162550688973687,0.023705800214205434,0.0,0.023705800214205434,0.023705800214205434,0.023705800214205434,0.023705800214205434,0.023705800214205434
rmftsa_ladata,missing_at_random,5,mice_imputation,1,0.1275489945464008,0.0,0.1275489945464008,0.1275489945464008,0.1275489945464008,0.1275489945464008,0.1275489945464008,0.021723204886230276,0.0,0.021723204886230276,0.021723204886230276,0.021723204886230276,0.021723204886230276,0.021723204886230276
rmftsa_ladata,missing_at_random,5,random_forest_imputation,1,0.0987414278229398,0.0,0.0987414278229398,0.0987414278229398,0.0987414278229398,0.0987414278229398,0.0987414278229398,0.016897195023566486,0.0,0.016897195023566486,0.016897195023566486,0.016897195023566486,0.016897195023566486,0.016897195023566486
rmftsa_ladata,missing_at_random,5,gain_imputation,1,0.2051430601252935,0.0,0.2051430601252935,0.2051430601252935,0.2051430601252935,0.2051430601252935,0.2051430601252935,0.028978155810660614,0.0,0.028978155810660614,0.028978155810660614,0.028978155810660614,0.028978155810660614,0.028978155810660614
rmftsa_ladata,missing_at_random,5,tabcsdi_imputation,1,0.3398875033613891,0.0,0.3398875033613891,0.3398875033613891,0.3398875033613891,0.3398875033613891,0.3398875033613891,0.06083110150816644,0.0,0.06083110150816644,0.06083110150816644,0.06083110150816644,0.06083110150816644,0.06083110150816644
rmftsa_ladata,missing_at_random,5,otimpute_imputation,1,0.14047078923193398,0.0,0.14047078923193398,0.14047078923193398,0.14047078923193398,0.14047078923193398,0.14047078923193398,0.025053463426664587,0.0,0.025053463426664587,0.025053463426664587,0.025053463426664587,0.025053463426664587,0.025053463426664587
rmftsa_ladata,missing_at_random,6,k_nearest_neighbors_imputation,1,0.15152492749729207,0.0,0.15152492749729207,0.15152492749729207,0.15152492749729207,0.15152492749729207,0.15152492749729207,0.030000914911506422,0.0,0.030000914911506422,0.030000914911506422,0.030000914911506422,0.030000914911506422,0.030000914911506422
rmftsa_ladata,missing_at_random,8,k_nearest_neighbors_imputation,1,0.17794946080361732,0.0,0.17794946080361732,0.17794946080361732,0.17794946080361732,0.17794946080361732,0.17794946080361732,0.0408590774995701,0.0,0.0408590774995701,0.0408590774995701,0.0408590774995701,0.0408590774995701,0.0408590774995701
rmftsa_ladata,missing_at_random,3,k_nearest_neighbors_imputation,1,0.1011504087263782,0.0,0.1011504087263782,0.1011504087263782,0.1011504087263782,0.1011504087263782,0.1011504087263782,0.013555455434266126,0.0,0.013555455434266126,0.013555455434266126,0.013555455434266126,0.013555455434266126,0.013555455434266126
rmftsa_ladata,missing_at_random,10,constant_imputation,1,0.3553686185273876,0.0,0.3553686185273876,0.3553686185273876,0.3553686185273876,0.3553686185273876,0.3553686185273876,0.10054562589447498,0.0,0.10054562589447498,0.10054562589447498,0.10054562589447498,0.10054562589447498,0.10054562589447498
rmftsa_ladata,missing_at_random,10,mean_imputation,1,0.4209007760650062,0.0,0.4209007760650062,0.4209007760650062,0.4209007760650062,0.4209007760650062,0.4209007760650062,0.12158688786229171,0.0,0.12158688786229171,0.12158688786229171,0.12158688786229171,0.12158688786229171,0.12158688786229171
rmftsa_ladata,missing_at_random,10,median_imputation,1,0.39808403750551863,0.0,0.39808403750551863,0.39808403750551863,0.39808403750551863,0.39808403750551863,0.39808403750551863,0.11327768907417005,0.0,0.11327768907417005,0.11327768907417005,0.11327768907417005,0.11327768907417005,0.11327768907417005
rmftsa_ladata,missing_at_random,10,k_nearest_neighbors_imputation,1,0.20519368636825705,0.0,0.20519368636825705,0.20519368636825705,0.20519368636825705,0.20519368636825705,0.20519368636825705,0.05326752507905065,0.0,0.05326752507905065,0.05326752507905065,0.05326752507905065,0.05326752507905065,0.05326752507905065
rmftsa_ladata,missing_at_random,10,mice_imputation,1,0.19298844213789693,0.0,0.19298844213789693,0.19298844213789693,0.19298844213789693,0.19298844213789693,0.19298844213789693,0.04554862766308482,0.0,0.04554862766308482,0.04554862766308482,0.04554862766308482,0.04554862766308482,0.04554862766308482
rmftsa_ladata,missing_at_random,10,random_forest_imputation,1,0.16269224426667359,0.0,0.16269224426667359,0.16269224426667359,0.16269224426667359,0.16269224426667359,0.16269224426667359,0.03892307741812138,0.0,0.03892307741812138,0.03892307741812138,0.03892307741812138,0.03892307741812138,0.03892307741812138
rmftsa_ladata,missing_at_random,10,gain_imputation,1,0.28934177049120374,0.0,0.28934177049120374,0.28934177049120374,0.28934177049120374,0.28934177049120374,0.28934177049120374,0.059717909548930255,0.0,0.059717909548930255,0.059717909548930255,0.059717909548930255,0.059717909548930255,0.059717909548930255
rmftsa_ladata,missing_at_random,10,tabcsdi_imputation,1,0.4679315938656545,0.0,0.4679315938656545,0.4679315938656545,0.4679315938656545,0.4679315938656545,0.4679315938656545,0.1216538934204279,0.0,0.1216538934204279,0.1216538934204279,0.1216538934204279,0.1216538934204279,0.1216538934204279
rmftsa_ladata,missing_at_random,10,otimpute_imputation,1,0.22997503902073757,0.0,0.22997503902073757,0.22997503902073757,0.22997503902073757,0.22997503902073757,0.22997503902073757,0.059537577799837205,0.0,0.059537577799837205,0.059537577799837205,0.059537577799837205,0.059537577799837205,0.059537577799837205
rmftsa_ladata,missing_at_random,15,k_nearest_neighbors_imputation,1,0.28037339574710224,0.0,0.28037339574710224,0.28037339574710224,0.28037339574710224,0.28037339574710224,0.28037339574710224,0.08966894144018289,0.0,0.08966894144018289,0.08966894144018289,0.08966894144018289,0.08966894144018289,0.08966894144018289
rmftsa_ladata,missing_at_random,20,k_nearest_neighbors_imputation,1,0.35570309537465966,0.0,0.35570309537465966,0.35570309537465966,0.35570309537465966,0.35570309537465966,0.35570309537465966,0.13260219384277988,0.0,0.13260219384277988,0.13260219384277988,0.13260219384277988,0.13260219384277988,0.13260219384277988
rmftsa_ladata,missing_at_random,25,constant_imputation,1,0.4601612464521823,0.0,0.4601612464521823,0.4601612464521823,0.4601612464521823,0.4601612464521823,0.4601612464521823,0.19181729667935377,0.0,0.19181729667935377,0.19181729667935377,0.19181729667935377,0.19181729667935377,0.19181729667935377
rmftsa_ladata,missing_at_random,25,mean_imputation,1,0.7115700071740627,0.0,0.7115700071740627,0.7115700071740627,0.7115700071740627,0.7115700071740627,0.7115700071740627,0.31965390862703724,0.0,0.31965390862703724,0.31965390862703724,0.31965390862703724,0.31965390862703724,0.31965390862703724
rmftsa_ladata,missing_at_random,25,median_imputation,1,0.7012113084069427,0.0,0.7012113084069427,0.7012113084069427,0.7012113084069427,0.7012113084069427,0.7012113084069427,0.31310299738695696,0.0,0.31310299738695696,0.31310299738695696,0.31310299738695696,0.31310299738695696,0.31310299738695696
rmftsa_ladata,missing_at_random,25,k_nearest_neighbors_imputation,1,0.439090538196176,0.0,0.439090538196176,0.439090538196176,0.439090538196176,0.439090538196176,0.439090538196176,0.18398100295482886,0.0,0.18398100295482886,0.18398100295482886,0.18398100295482886,0.18398100295482886,0.18398100295482886
rmftsa_ladata,missing_at_random,25,mice_imputation,1,0.4099186005513687,0.0,0.4099186005513687,0.4099186005513687,0.4099186005513687,0.4099186005513687,0.4099186005513687,0.15759665383162974,0.0,0.15759665383162974,0.15759665383162974,0.15759665383162974,0.15759665383162974,0.15759665383162974
rmftsa_ladata,missing_at_random,25,random_forest_imputation,1,0.3765906082649855,0.0,0.3765906082649855,0.3765906082649855,0.3765906082649855,0.3765906082649855,0.3765906082649855,0.15020203429239476,0.0,0.15020203429239476,0.15020203429239476,0.15020203429239476,0.15020203429239476,0.15020203429239476
rmftsa_ladata,missing_at_random,25,gain_imputation,1,0.31458844544344183,0.0,0.31458844544344183,0.31458844544344183,0.31458844544344183,0.31458844544344183,0.31458844544344183,0.12845837690283507,0.0,0.12845837690283507,0.12845837690283507,0.12845837690283507,0.12845837690283507,0.12845837690283507
rmftsa_ladata,missing_at_random,25,tabcsdi_imputation,1,0.8173678683000273,0.0,0.8173678683000273,0.8173678683000273,0.8173678683000273,0.8173678683000273,0.8173678683000273,0.3414511481523973,0.0,0.3414511481523973,0.3414511481523973,0.3414511481523973,0.3414511481523973,0.3414511481523973
rmftsa_ladata,missing_at_random,25,otimpute_imputation,1,0.5211066801997484,0.0,0.5211066801997484,0.5211066801997484,0.5211066801997484,0.5211066801997484,0.5211066801997484,0.22162799533287722,0.0,0.22162799533287722,0.22162799533287722,0.22162799533287722,0.22162799533287722,0.22162799533287722
rmftsa_ladata,missing_at_random,30,k_nearest_neighbors_imputation,1,0.5413203387102287,0.0,0.5413203387102287,0.5413203387102287,0.5413203387102287,0.5413203387102287,0.5413203387102287,0.25162826936752275,0.0,0.25162826936752275,0.25162826936752275,0.25162826936752275,0.25162826936752275,0.25162826936752275
rmftsa_ladata,missing_at_random,40,k_nearest_neighbors_imputation,1,0.8481824314739842,0.0,0.8481824314739842,0.8481824314739842,0.8481824314739842,0.8481824314739842,0.8481824314739842,0.4619597285622953,0.0,0.4619597285622953,0.4619597285622953,0.4619597285622953,0.4619597285622953,0.4619597285622953
rmftsa_ladata,missing_not_at_random,2,k_nearest_neighbors_imputation,1,0.15606072482385996,0.0,0.15606072482385996,0.15606072482385996,0.15606072482385996,0.15606072482385996,0.15606072482385996,0.017755166815564445,0.0,0.017755166815564445,0.017755166815564445,0.017755166815564445,0.017755166815564445,0.017755166815564445
rmftsa_ladata,missing_not_at_random,1,k_nearest_neighbors_imputation,1,0.11385332209869169,0.0,0.11385332209869169,0.11385332209869169,0.11385332209869169,0.11385332209869169,0.11385332209869169,0.008862154172603207,0.0,0.008862154172603207,0.008862154172603207,0.008862154172603207,0.008862154172603207,0.008862154172603207
rmftsa_ladata,missing_not_at_random,3,k_nearest_neighbors_imputation,1,0.18801245989454854,0.0,0.18801245989454854,0.18801245989454854,0.18801245989454854,0.18801245989454854,0.18801245989454854,0.02677576318778309,0.0,0.02677576318778309,0.02677576318778309,0.02677576318778309,0.02677576318778309,0.02677576318778309
rmftsa_ladata,missing_not_at_random,4,k_nearest_neighbors_imputation,1,0.16699029848515198,0.0,0.16699029848515198,0.16699029848515198,0.16699029848515198,0.16699029848515198,0.16699029848515198,0.030010704439044612,0.0,0.030010704439044612,0.030010704439044612,0.030010704439044612,0.030010704439044612,0.030010704439044612
rmftsa_ladata,missing_not_at_random,5,constant_imputation,1,0.3393623956066567,0.0,0.3393623956066567,0.3393623956066567,0.3393623956066567,0.3393623956066567,0.3393623956066567,0.07360425776960734,0.0,0.07360425776960734,0.07360425776960734,0.07360425776960734,0.07360425776960734,0.07360425776960734
rmftsa_ladata,missing_not_at_random,5,median_imputation,1,0.34759150663601956,0.0,0.34759150663601956,0.34759150663601956,0.34759150663601956,0.34759150663601956,0.34759150663601956,0.07407637937584174,0.0,0.07407637937584174,0.07407637937584174,0.07407637937584174,0.07407637937584174,0.07407637937584174
rmftsa_ladata,missing_not_at_random,5,mean_imputation,1,0.3762980708245871,0.0,0.3762980708245871,0.3762980708245871,0.3762980708245871,0.3762980708245871,0.3762980708245871,0.08181829966512152,0.0,0.08181829966512152,0.08181829966512152,0.08181829966512152,0.08181829966512152,0.08181829966512152
rmftsa_ladata,missing_not_at_random,5,k_nearest_neighbors_imputation,1,0.24663485620300216,0.0,0.24663485620300216,0.24663485620300216,0.24663485620300216,0.24663485620300216,0.24663485620300216,0.046414914045130526,0.0,0.046414914045130526,0.046414914045130526,0.046414914045130526,0.046414914045130526,0.046414914045130526
rmftsa_ladata,missing_not_at_random,5,mice_imputation,1,0.22519082889160016,0.0,0.22519082889160016,0.22519082889160016,0.22519082889160016,0.22519082889160016,0.22519082889160016,0.03881615689561463,0.0,0.03881615689561463,0.03881615689561463,0.03881615689561463,0.03881615689561463,0.03881615689561463
rmftsa_ladata,missing_not_at_random,5,random_forest_imputation,1,0.2199134804343911,0.0,0.2199134804343911,0.2199134804343911,0.2199134804343911,0.2199134804343911,0.2199134804343911,0.039929627434398395,0.0,0.039929627434398395,0.039929627434398395,0.039929627434398395,0.039929627434398395,0.039929627434398395
rmftsa_ladata,missing_not_at_random,5,gain_imputation,1,0.35811221948074573,0.0,0.35811221948074573,0.35811221948074573,0.35811221948074573,0.35811221948074573,0.35811221948074573,0.06154933457733056,0.0,0.06154933457733056,0.06154933457733056,0.06154933457733056,0.06154933457733056,0.06154933457733056
rmftsa_ladata,missing_not_at_random,5,tabcsdi_imputation,1,0.4054301799003887,0.0,0.4054301799003887,0.4054301799003887,0.4054301799003887,0.4054301799003887,0.4054301799003887,0.077598394504843,0.0,0.077598394504843,0.077598394504843,0.077598394504843,0.077598394504843,0.077598394504843
rmftsa_ladata,missing_not_at_random,5,otimpute_imputation,1,0.24193418084815105,0.0,0.24193418084815105,0.24193418084815105,0.24193418084815105,0.24193418084815105,0.24193418084815105,0.04546827833861703,0.0,0.04546827833861703,0.04546827833861703,0.04546827833861703,0.04546827833861703,0.04546827833861703
rmftsa_ladata,missing_not_at_random,6,k_nearest_neighbors_imputation,1,0.26587790363912095,0.0,0.26587790363912095,0.26587790363912095,0.26587790363912095,0.26587790363912095,0.26587790363912095,0.055023750391901445,0.0,0.055023750391901445,0.055023750391901445,0.055023750391901445,0.055023750391901445,0.055023750391901445
rmftsa_ladata,missing_not_at_random,8,k_nearest_neighbors_imputation,1,0.30697950365824217,0.0,0.30697950365824217,0.30697950365824217,0.30697950365824217,0.30697950365824217,0.30697950365824217,0.07375331303814904,0.0,0.07375331303814904,0.07375331303814904,0.07375331303814904,0.07375331303814904,0.07375331303814904
rmftsa_ladata,missing_not_at_random,10,constant_imputation,1,0.40800465479551656,0.0,0.40800465479551656,0.40800465479551656,0.40800465479551656,0.40800465479551656,0.40800465479551656,0.12404188306432144,0.0,0.12404188306432144,0.12404188306432144,0.12404188306432144,0.12404188306432144,0.12404188306432144
rmftsa_ladata,missing_not_at_random,10,mean_imputation,1,0.5046932603987538,0.0,0.5046932603987538,0.5046932603987538,0.5046932603987538,0.5046932603987538,0.5046932603987538,0.1552051147701362,0.0,0.1552051147701362,0.1552051147701362,0.1552051147701362,0.1552051147701362,0.1552051147701362
rmftsa_ladata,missing_not_at_random,10,median_imputation,1,0.4581291961577422,0.0,0.4581291961577422,0.4581291961577422,0.4581291961577422,0.4581291961577422,0.4581291961577422,0.13859595880472608,0.0,0.13859595880472608,0.13859595880472608,0.13859595880472608,0.13859595880472608,0.13859595880472608
rmftsa_ladata,missing_not_at_random,10,k_nearest_neighbors_imputation,1,0.34330779298661546,0.0,0.34330779298661546,0.34330779298661546,0.34330779298661546,0.34330779298661546,0.34330779298661546,0.09368470333731145,0.0,0.09368470333731145,0.09368470333731145,0.09368470333731145,0.09368470333731145,0.09368470333731145
rmftsa_ladata,missing_not_at_random,10,mice_imputation,1,0.32149122486241744,0.0,0.32149122486241744,0.32149122486241744,0.32149122486241744,0.32149122486241744,0.32149122486241744,0.0810849073594508,0.0,0.0810849073594508,0.0810849073594508,0.0810849073594508,0.0810849073594508,0.0810849073594508
rmftsa_ladata,missing_not_at_random,10,random_forest_imputation,1,0.31501177046431694,0.0,0.31501177046431694,0.31501177046431694,0.31501177046431694,0.31501177046431694,0.31501177046431694,0.08353980768221961,0.0,0.08353980768221961,0.08353980768221961,0.08353980768221961,0.08353980768221961,0.08353980768221961
rmftsa_ladata,missing_not_at_random,10,gain_imputation,1,0.43850911786095703,0.0,0.43850911786095703,0.43850911786095703,0.43850911786095703,0.43850911786095703,0.43850911786095703,0.11274540630221604,0.0,0.11274540630221604,0.11274540630221604,0.11274540630221604,0.11274540630221604,0.11274540630221604
rmftsa_ladata,missing_not_at_random,10,tabcsdi_imputation,1,0.5420773974716001,0.0,0.5420773974716001,0.5420773974716001,0.5420773974716001,0.5420773974716001,0.5420773974716001,0.14729033020968166,0.0,0.14729033020968166,0.14729033020968166,0.14729033020968166,0.14729033020968166,0.14729033020968166
rmftsa_ladata,missing_not_at_random,10,otimpute_imputation,1,0.33648109035945645,0.0,0.33648109035945645,0.33648109035945645,0.33648109035945645,0.33648109035945645,0.33648109035945645,0.0927486478427896,0.0,0.0927486478427896,0.0927486478427896,0.0927486478427896,0.0927486478427896,0.0927486478427896
rmftsa_ladata,missing_not_at_random,15,k_nearest_neighbors_imputation,1,0.37603469067662326,0.0,0.37603469067662326,0.37603469067662326,0.37603469067662326,0.37603469067662326,0.37603469067662326,0.1318762651072462,0.0,0.1318762651072462,0.1318762651072462,0.1318762651072462,0.1318762651072462,0.1318762651072462
rmftsa_ladata,missing_not_at_random,20,k_nearest_neighbors_imputation,1,0.5220272849137697,0.0,0.5220272849137697,0.5220272849137697,0.5220272849137697,0.5220272849137697,0.5220272849137697,0.21055580078392785,0.0,0.21055580078392785,0.21055580078392785,0.21055580078392785,0.21055580078392785,0.21055580078392785
rmftsa_ladata,missing_not_at_random,25,constant_imputation,1,0.4601900860280478,0.0,0.4601900860280478,0.4601900860280478,0.4601900860280478,0.4601900860280478,0.4601900860280478,0.19903175144690546,0.0,0.19903175144690546,0.19903175144690546,0.19903175144690546,0.19903175144690546,0.19903175144690546
rmftsa_ladata,missing_not_at_random,25,mean_imputation,1,0.8266676640553322,0.0,0.8266676640553322,0.8266676640553322,0.8266676640553322,0.8266676640553322,0.8266676640553322,0.3964141022990316,0.0,0.3964141022990316,0.3964141022990316,0.3964141022990316,0.3964141022990316,0.3964141022990316
rmftsa_ladata,missing_not_at_random,25,median_imputation,1,0.7574026312073057,0.0,0.7574026312073057,0.7574026312073057,0.7574026312073057,0.7574026312073057,0.7574026312073057,0.3599470384723225,0.0,0.3599470384723225,0.3599470384723225,0.3599470384723225,0.3599470384723225,0.3599470384723225
rmftsa_ladata,missing_not_at_random,25,k_nearest_neighbors_imputation,1,0.6418549599836469,0.0,0.6418549599836469,0.6418549599836469,0.6418549599836469,0.6418549599836469,0.6418549599836469,0.2949202841819305,0.0,0.2949202841819305,0.2949202841819305,0.2949202841819305,0.2949202841819305,0.2949202841819305
rmftsa_ladata,missing_not_at_random,25,mice_imputation,1,0.6145172367795385,0.0,0.6145172367795385,0.6145172367795385,0.6145172367795385,0.6145172367795385,0.6145172367795385,0.2714975879387896,0.0,0.2714975879387896,0.2714975879387896,0.2714975879387896,0.2714975879387896,0.2714975879387896
rmftsa_ladata,missing_not_at_random,25,random_forest_imputation,1,0.6250891626994114,0.0,0.6250891626994114,0.6250891626994114,0.6250891626994114,0.6250891626994114,0.6250891626994114,0.28208722761431976,0.0,0.28208722761431976,0.28208722761431976,0.28208722761431976,0.28208722761431976,0.28208722761431976
rmftsa_ladata,missing_not_at_random,25,gain_imputation,1,0.6895376000996851,0.0,0.6895376000996851,0.6895376000996851,0.6895376000996851,0.6895376000996851,0.6895376000996851,0.31086051299030854,0.0,0.31086051299030854,0.31086051299030854,0.31086051299030854,0.31086051299030854,0.31086051299030854
rmftsa_ladata,missing_not_at_random,25,tabcsdi_imputation,1,0.8742769798803292,0.0,0.8742769798803292,0.8742769798803292,0.8742769798803292,0.8742769798803292,0.8742769798803292,0.3920416855913357,0.0,0.3920416855913357,0.3920416855913357,0.3920416855913357,0.3920416855913357,0.3920416855913357
rmftsa_ladata,missing_not_at_random,25,otimpute_imputation,1,0.6412364255151295,0.0,0.6412364255151295,0.6412364255151295,0.6412364255151295,0.6412364255151295,0.6412364255151295,0.2958054143844598,0.0,0.2958054143844598,0.2958054143844598,0.2958054143844598,0.2958054143844598,0.2958054143844598
rmftsa_ladata,missing_not_at_random,30,k_nearest_neighbors_imputation,1,0.7252548263197363,0.0,0.7252548263197363,0.7252548263197363,0.7252548263197363,0.7252548263197363,0.7252548263197363,0.3635190383890356,0.0,0.3635190383890356,0.3635190383890356,0.3635190383890356,0.3635190383890356,0.3635190383890356
rmftsa_ladata,missing_not_at_random,40,k_nearest_neighbors_imputation,1,1.0870469728911014,0.0,1.0870469728911014,1.0870469728911014,1.0870469728911014,1.0870469728911014,1.0870469728911014,0.6371830575061254,0.0,0.6371830575061254,0.6371830575061254,0.6371830575061254,0.6371830575061254,0.6371830575061254
torus,missing_completely_at_random,1,k_nearest_neighbors_imputation,1,0.008148893620642438,0.0,0.008148893620642438,0.008148893620642438,0.008148893620642438,0.008148893620642438,0.008148893620642438,0.0006494222975196671,0.0,0.0006494222975196671,0.0006494222975196671,0.0006494222975196671,0.0006494222975196671,0.0006494222975196671
torus,missing_completely_at_random,2,k_nearest_neighbors_imputation,1,0.012227691422846609,0.0,0.012227691422846609,0.012227691422846609,0.012227691422846609,0.012227691422846609,0.012227691422846609,0.0013568805906664547,0.0,0.0013568805906664547,0.0013568805906664547,0.0013568805906664547,0.0013568805906664547,0.0013568805906664547
torus,missing_completely_at_random,3,k_nearest_neighbors_imputation,1,0.014821524706963877,0.0,0.014821524706963877,0.014821524706963877,0.014821524706963877,0.014821524706963877,0.014821524706963877,0.001985489912985551,0.0,0.001985489912985551,0.001985489912985551,0.001985489912985551,0.001985489912985551,0.001985489912985551
torus,missing_completely_at_random,5,constant_imputation,1,0.22592642763362863,0.0,0.22592642763362863,0.22592642763362863,0.22592642763362863,0.22592642763362863,0.22592642763362863,0.042433052431739345,0.0,0.042433052431739345,0.042433052431739345,0.042433052431739345,0.042433052431739345,0.042433052431739345
torus,missing_completely_at_random,5,mean_imputation,1,0.22623787025598874,0.0,0.22623787025598874,0.22623787025598874,0.22623787025598874,0.22623787025598874,0.22623787025598874,0.04248115245537354,0.0,0.04248115245537354,0.04248115245537354,0.04248115245537354,0.04248115245537354,0.04248115245537354
torus,missing_completely_at_random,5,median_imputation,1,0.2266559333005226,0.0,0.2266559333005226,0.2266559333005226,0.2266559333005226,0.2266559333005226,0.2266559333005226,0.042528168758007974,0.0,0.042528168758007974,0.042528168758007974,0.042528168758007974,0.042528168758007974,0.042528168758007974
torus,missing_completely_at_random,5,k_nearest_neighbors_imputation,1,0.020092176251994172,0.0,0.020092176251994172,0.020092176251994172,0.020092176251994172,0.020092176251994172,0.020092176251994172,0.0034869274550720954,0.0,0.0034869274550720954,0.0034869274550720954,0.0034869274550720954,0.0034869274550720954,0.0034869274550720954
torus,missing_completely_at_random,5,mice_imputation,9,0.006620739053695123,0.00015929690831058098,0.006575779546497922,0.006521998747427992,0.00669358530249344,0.006498292610598643,0.006743185496791602,0.0011711653689674513,3.269403177967535e-05,0.0011545126508241339,0.0011445367946014949,0.001195761606241328,0.0011460345114739754,0.0011962962264609272
torus,missing_completely_at_random,5,random_forest_imputation,9,0.009290979375540848,0.0008506806660570879,0.009210049079812519,0.008733386311109563,0.009410764125499836,0.008637088330985556,0.00994487042009614,0.0014803843034282233,0.00010144407079324965,0.0014526269576706123,0.0014253514411615219,0.0015169340464156352,0.0014024074878478305,0.001558361119008616
torus,missing_completely_at_random,5,gain_imputation,9,0.023897003778070264,0.0011405200718853585,0.0234740971798866,0.02332598377815248,0.024136832101482965,0.02302032244405327,0.02477368511208726,0.003990139866675878,0.00018404161028789606,0.003949013665912483,0.0039025247338201835,0.004005794024267068,0.003848672961884704,0.004131606771467052
torus,missing_completely_at_random,5,tabcsdi_imputation,9,0.23145020232733846,0.09069242038102347,0.22485800814477275,0.20422099333036953,0.2951181800217679,0.1617378368505669,0.30116256780411,0.03862883689948466,0.016484465958291398,0.036593776439778895,0.031013382329742427,0.05187339068392971,0.025957754677333904,0.051299919121635416
torus,missing_completely_at_random,5,otimpute_imputation,9,0.04322403766722223,0.0013084681536839344,0.043640434745984426,0.042446697300039415,0.04397779700465363,0.04221826000949619,0.04422981532494827,0.007355033504005477,0.00024067085086293,0.007407465135704358,0.007231059418316911,0.007509302625067966,0.007170037511567803,0.007540029496443151
torus,missing_completely_at_random,4,k_nearest_neighbors_imputation,1,0.01722955489070925,0.0,0.01722955489070925,0.01722955489070925,0.01722955489070925,0.01722955489070925,0.01722955489070925,0.002686897437472537,0.0,0.002686897437472537,0.002686897437472537,0.002686897437472537,0.002686897437472537,0.002686897437472537
torus,missing_completely_at_random,8,k_nearest_neighbors_imputation,1,0.02784936904695228,0.0,0.02784936904695228,0.02784936904695228,0.02784936904695228,0.02784936904695228,0.02784936904695228,0.006031714053805236,0.0,0.006031714053805236,0.006031714053805236,0.006031714053805236,0.006031714053805236,0.006031714053805236
torus,missing_completely_at_random,6,k_nearest_neighbors_imputation,1,0.02262923398428323,0.0,0.02262923398428323,0.02262923398428323,0.02262923398428323,0.02262923398428323,0.02262923398428323,0.004295291841010718,0.0,0.004295291841010718,0.004295291841010718,0.004295291841010718,0.004295291841010718,0.004295291841010718
torus,missing_completely_at_random,10,constant_imputation,1,0.31641335155699124,0.0,0.31641335155699124,0.31641335155699124,0.31641335155699124,0.31641335155699124,0.31641335155699124,0.08417527864824277,0.0,0.08417527864824277,0.08417527864824277,0.08417527864824277,0.08417527864824277,0.08417527864824277
torus,missing_completely_at_random,10,mean_imputation,1,0.3167654587336516,0.0,0.3167654587336516,0.3167654587336516,0.3167654587336516,0.3167654587336516,0.3167654587336516,0.0842473238289523,0.0,0.0842473238289523,0.0842473238289523,0.0842473238289523,0.0842473238289523,0.0842473238289523
torus,missing_completely_at_random,10,median_imputation,1,0.31696542751883217,0.0,0.31696542751883217,0.31696542751883217,0.31696542751883217,0.31696542751883217,0.31696542751883217,0.08424526528479778,0.0,0.08424526528479778,0.08424526528479778,0.08424526528479778,0.08424526528479778,0.08424526528479778
torus,missing_completely_at_random,10,k_nearest_neighbors_imputation,1,0.03267388819271719,0.0,0.03267388819271719,0.03267388819271719,0.03267388819271719,0.03267388819271719,0.03267388819271719,0.00789161970822557,0.0,0.00789161970822557,0.00789161970822557,0.00789161970822557,0.00789161970822557,0.00789161970822557
torus,missing_completely_at_random,10,mice_imputation,9,0.010792897958668652,0.00019486624211301548,0.01083238786474395,0.010771844334572222,0.010905492890093167,0.010643110505293882,0.010942685412043423,0.0026986954109535534,3.270892377058389e-05,0.002701999988114244,0.0026857450793482604,0.00271743100120254,0.002673553106462539,0.002723837715444568
torus,missing_completely_at_random,10,random_forest_imputation,9,0.01466066890322769,0.0012195141194262635,0.014325527725916477,0.013790469605922786,0.015281388769556118,0.013723267369115414,0.015598070437339967,0.003301741704808954,0.0002376961875251475,0.003274133559201617,0.0031570752335015866,0.003423578811933476,0.0031190322410238687,0.003484451168594039
torus,missing_completely_at_random,10,gain_imputation,9,0.03231535489948236,0.0005237880782278254,0.03237496847643146,0.032155508544789345,0.032593333442769254,0.031912735741361026,0.032717974057603696,0.007819458485494112,0.00013088637713266522,0.007838148501049871,0.007726847484732519,0.007869741079992406,0.007718850309857505,0.007920066661130718
torus,missing_completely_at_random,10,tabcsdi_imputation,9,0.3377914076052355,0.13116025005424856,0.3283047386607519,0.31655798934766377,0.4315667742235544,0.23697271460539898,0.43861010060507205,0.0804422463445127,0.033281812409118414,0.0739844141378326,0.07257495421228437,0.10633178617212936,0.05485958066367391,0.1060249120253515
torus,missing_completely_at_random,10,otimpute_imputation,9,0.06538224019616251,0.0015678467359449963,0.06579764906853884,0.06404662756195552,0.06637596901343445,0.06417708651067734,0.06658739388164768,0.01578042728931349,0.00046420475795144837,0.01578745862210973,0.015555944087397298,0.01612503718570748,0.015423607925507659,0.01613724665311932
torus,missing_completely_at_random,15,k_nearest_neighbors_imputation,1,0.04463453884060785,0.0,0.04463453884060785,0.04463453884060785,0.04463453884060785,0.04463453884060785,0.04463453884060785,0.01321216147310725,0.0,0.01321216147310725,0.01321216147310725,0.01321216147310725,0.01321216147310725,0.01321216147310725
torus,missing_completely_at_random,20,k_nearest_neighbors_imputation,1,0.058635405133640475,0.0,0.058635405133640475,0.058635405133640475,0.058635405133640475,0.058635405133640475,0.058635405133640475,0.02015610377425347,0.0,0.02015610377425347,0.02015610377425347,0.02015610377425347,0.02015610377425347,0.02015610377425347
torus,missing_completely_at_random,25,constant_imputation,1,0.4988933523602566,0.0,0.4988933523602566,0.4988933523602566,0.4988933523602566,0.4988933523602566,0.4988933523602566,0.20973020981845608,0.0,0.20973020981845608,0.20973020981845608,0.20973020981845608,0.20973020981845608,0.20973020981845608
torus,missing_completely_at_random,25,mean_imputation,1,0.4993950068666472,0.0,0.4993950068666472,0.4993950068666472,0.4993950068666472,0.4993950068666472,0.4993950068666472,0.20996373931225776,0.0,0.20996373931225776,0.20996373931225776,0.20996373931225776,0.20996373931225776,0.20996373931225776
torus,missing_completely_at_random,25,median_imputation,1,0.5018980490060643,0.0,0.5018980490060643,0.5018980490060643,0.5018980490060643,0.5018980490060643,0.5018980490060643,0.21075631306215722,0.0,0.21075631306215722,0.21075631306215722,0.21075631306215722,0.21075631306215722,0.21075631306215722
torus,missing_completely_at_random,25,k_nearest_neighbors_imputation,1,0.07462007847140573,0.0,0.07462007847140573,0.07462007847140573,0.07462007847140573,0.07462007847140573,0.07462007847140573,0.028816035686195847,0.0,0.028816035686195847,0.028816035686195847,0.028816035686195847,0.028816035686195847,0.028816035686195847
torus,missing_completely_at_random,25,mice_imputation,9,0.027462268799845323,0.0004591821525277358,0.027319265680206484,0.027224745195986277,0.027511501612006654,0.027109310152331687,0.02781522744735896,0.010743183857908357,0.00011802708747469665,0.010767136916838267,0.010631573140136007,0.01078193879319754,0.010652460207314106,0.010833907508502608
torus,missing_completely_at_random,25,random_forest_imputation,9,0.034559977336868344,0.002334994084428738,0.03429634334631142,0.0333525994465505,0.03536197136491448,0.032765141998745036,0.03635481267499165,0.012281203092044933,0.000752534475532442,0.012070188711152355,0.011839132674456349,0.01255256127169998,0.011702753887891097,0.01285965229619877
torus,missing_completely_at_random,25,gain_imputation,9,0.05602372146312091,0.0032288287290104557,0.056026741591044094,0.05314057438354458,0.0564902914124551,0.053541823996132866,0.05850561893010895,0.021767867155220735,0.0014923008286835027,0.021656352463695582,0.020640603170587832,0.022151901301903667,0.02062078319458315,0.022914951115858322
torus,missing_completely_at_random,25,tabcsdi_imputation,9,0.5536647521407785,0.19982564741368786,0.660193847231708,0.4892415837118801,0.6759711626126315,0.40006516238884055,0.7072643418927165,0.2113573319282923,0.08063465970162326,0.2589022940123333,0.1725327566773823,0.26658725795675053,0.14937604569071766,0.27333861816586696
torus,missing_completely_at_random,25,otimpute_imputation,9,0.13646426415497023,0.003897489829664817,0.13657098660721415,0.13426253059277993,0.13840842264415007,0.13346838826692914,0.13946014004301133,0.05258035327476588,0.0016324578776069707,0.05257458881735837,0.051800208441751906,0.05308004706831079,0.051325535069329783,0.053835171480201977
torus,missing_completely_at_random,40,k_nearest_neighbors_imputation,1,0.19616144861284743,0.0,0.19616144861284743,0.19616144861284743,0.19616144861284743,0.19616144861284743,0.19616144861284743,0.09269610387794609,0.0,0.09269610387794609,0.09269610387794609,0.09269610387794609,0.09269610387794609,0.09269610387794609
torus,missing_completely_at_random,30,k_nearest_neighbors_imputation,1,0.10011189525498537,0.0,0.10011189525498537,0.10011189525498537,0.10011189525498537,0.10011189525498537,0.10011189525498537,0.04169497338120966,0.0,0.04169497338120966,0.04169497338120966,0.04169497338120966,0.04169497338120966,0.04169497338120966
torus,missing_at_random,1,k_nearest_neighbors_imputation,1,0.029648835859364793,0.0,0.029648835859364793,0.029648835859364793,0.029648835859364793,0.029648835859364793,0.029648835859364793,0.002811758322903512,0.0,0.002811758322903512,0.002811758322903512,0.002811758322903512,0.002811758322903512,0.002811758322903512
torus,missing_at_random,2,k_nearest_neighbors_imputation,1,0.05771484925564222,0.0,0.05771484925564222,0.05771484925564222,0.05771484925564222,0.05771484925564222,0.05771484925564222,0.007666350743680067,0.0,0.007666350743680067,0.007666350743680067,0.007666350743680067,0.007666350743680067,0.007666350743680067
torus,missing_at_random,3,k_nearest_neighbors_imputation,1,0.08448225435955663,0.0,0.08448225435955663,0.08448225435955663,0.08448225435955663,0.08448225435955663,0.08448225435955663,0.013615659394814603,0.0,0.013615659394814603,0.013615659394814603,0.013615659394814603,0.013615659394814603,0.013615659394814603
torus,missing_at_random,4,k_nearest_neighbors_imputation,1,0.11029535794785585,0.0,0.11029535794785585,0.11029535794785585,0.11029535794785585,0.11029535794785585,0.11029535794785585,0.020521982188021877,0.0,0.020521982188021877,0.020521982188021877,0.020521982188021877,0.020521982188021877,0.020521982188021877
torus,missing_at_random,6,k_nearest_neighbors_imputation,1,0.15662093549147132,0.0,0.15662093549147132,0.15662093549147132,0.15662093549147132,0.15662093549147132,0.15662093549147132,0.03542143153070359,0.0,0.03542143153070359,0.03542143153070359,0.03542143153070359,0.03542143153070359,0.03542143153070359
torus,missing_at_random,8,k_nearest_neighbors_imputation,1,0.19907738176085438,0.0,0.19907738176085438,0.19907738176085438,0.19907738176085438,0.19907738176085438,0.19907738176085438,0.05151089846583627,0.0,0.05151089846583627,0.05151089846583627,0.05151089846583627,0.05151089846583627,0.05151089846583627
torus,missing_at_random,5,constant_imputation,1,0.34888063477058867,0.0,0.34888063477058867,0.34888063477058867,0.34888063477058867,0.34888063477058867,0.34888063477058867,0.07521486936539631,0.0,0.07521486936539631,0.07521486936539631,0.07521486936539631,0.07521486936539631,0.07521486936539631
torus,missing_at_random,5,mean_imputation,1,0.3857123475408693,0.0,0.3857123475408693,0.3857123475408693,0.3857123475408693,0.3857123475408693,0.3857123475408693,0.08324426743623657,0.0,0.08324426743623657,0.08324426743623657,0.08324426743623657,0.08324426743623657,0.08324426743623657
torus,missing_at_random,5,median_imputation,1,0.3836401593224572,0.0,0.3836401593224572,0.3836401593224572,0.3836401593224572,0.3836401593224572,0.3836401593224572,0.08281482184498018,0.0,0.08281482184498018,0.08281482184498018,0.08281482184498018,0.08281482184498018,0.08281482184498018
torus,missing_at_random,5,k_nearest_neighbors_imputation,1,0.13317760272441365,0.0,0.13317760272441365,0.13317760272441365,0.13317760272441365,0.13317760272441365,0.13317760272441365,0.027660195485035826,0.0,0.027660195485035826,0.027660195485035826,0.027660195485035826,0.027660195485035826,0.027660195485035826
torus,missing_at_random,5,mice_imputation,1,0.055266876316547565,0.0,0.055266876316547565,0.055266876316547565,0.055266876316547565,0.055266876316547565,0.055266876316547565,0.008779595118510794,0.0,0.008779595118510794,0.008779595118510794,0.008779595118510794,0.008779595118510794,0.008779595118510794
torus,missing_at_random,5,random_forest_imputation,1,0.07502905331958963,0.0,0.07502905331958963,0.07502905331958963,0.07502905331958963,0.07502905331958963,0.07502905331958963,0.014515739160025097,0.0,0.014515739160025097,0.014515739160025097,0.014515739160025097,0.014515739160025097,0.014515739160025097
torus,missing_at_random,5,gain_imputation,1,0.07503568239868853,0.0,0.07503568239868853,0.07503568239868853,0.07503568239868853,0.07503568239868853,0.07503568239868853,0.014459085210406755,0.0,0.014459085210406755,0.014459085210406755,0.014459085210406755,0.014459085210406755,0.014459085210406755
torus,missing_at_random,5,tabcsdi_imputation,1,0.3475663775520898,0.0,0.3475663775520898,0.3475663775520898,0.3475663775520898,0.3475663775520898,0.3475663775520898,0.05953419481714045,0.0,0.05953419481714045,0.05953419481714045,0.05953419481714045,0.05953419481714045,0.05953419481714045
torus,missing_at_random,5,otimpute_imputation,1,0.19290389656432352,0.0,0.19290389656432352,0.19290389656432352,0.19290389656432352,0.19290389656432352,0.19290389656432352,0.040090168317940815,0.0,0.040090168317940815,0.040090168317940815,0.040090168317940815,0.040090168317940815,0.040090168317940815
torus,missing_at_random,10,constant_imputation,1,0.43015789339202226,0.0,0.43015789339202226,0.43015789339202226,0.43015789339202226,0.43015789339202226,0.43015789339202226,0.12850000372277082,0.0,0.12850000372277082,0.12850000372277082,0.12850000372277082,0.12850000372277082,0.12850000372277082
torus,missing_at_random,10,mean_imputation,1,0.5260832295049971,0.0,0.5260832295049971,0.5260832295049971,0.5260832295049971,0.5260832295049971,0.5260832295049971,0.1588408091604535,0.0,0.1588408091604535,0.1588408091604535,0.1588408091604535,0.1588408091604535,0.1588408091604535
torus,missing_at_random,10,median_imputation,1,0.5215499529020128,0.0,0.5215499529020128,0.5215499529020128,0.5215499529020128,0.5215499529020128,0.5215499529020128,0.15741872068879972,0.0,0.15741872068879972,0.15741872068879972,0.15741872068879972,0.15741872068879972,0.15741872068879972
torus,missing_at_random,10,k_nearest_neighbors_imputation,1,0.2372583379202173,0.0,0.2372583379202173,0.2372583379202173,0.2372583379202173,0.2372583379202173,0.2372583379202173,0.06768069321939212,0.0,0.06768069321939212,0.06768069321939212,0.06768069321939212,0.06768069321939212,0.06768069321939212
torus,missing_at_random,10,mice_imputation,1,0.13286633697527128,0.0,0.13286633697527128,0.13286633697527128,0.13286633697527128,0.13286633697527128,0.13286633697527128,0.030007420717413358,0.0,0.030007420717413358,0.030007420717413358,0.030007420717413358,0.030007420717413358,0.030007420717413358
torus,missing_at_random,10,random_forest_imputation,1,0.16416706970994727,0.0,0.16416706970994727,0.16416706970994727,0.16416706970994727,0.16416706970994727,0.16416706970994727,0.043535340627375775,0.0,0.043535340627375775,0.043535340627375775,0.043535340627375775,0.043535340627375775,0.043535340627375775
torus,missing_at_random,10,gain_imputation,1,0.1486954002621127,0.0,0.1486954002621127,0.1486954002621127,0.1486954002621127,0.1486954002621127,0.1486954002621127,0.04012092480536186,0.0,0.04012092480536186,0.04012092480536186,0.04012092480536186,0.04012092480536186,0.04012092480536186
torus,missing_at_random,10,tabcsdi_imputation,1,0.5961919664689085,0.0,0.5961919664689085,0.5961919664689085,0.5961919664689085,0.5961919664689085,0.5961919664689085,0.16477669670561837,0.0,0.16477669670561837,0.16477669670561837,0.16477669670561837,0.16477669670561837,0.16477669670561837
torus,missing_at_random,10,otimpute_imputation,1,0.32274341027821063,0.0,0.32274341027821063,0.32274341027821063,0.32274341027821063,0.32274341027821063,0.32274341027821063,0.09298511325009641,0.0,0.09298511325009641,0.09298511325009641,0.09298511325009641,0.09298511325009641,0.09298511325009641
torus,missing_at_random,15,k_nearest_neighbors_imputation,1,0.3184544951458939,0.0,0.3184544951458939,0.3184544951458939,0.3184544951458939,0.3184544951458939,0.3184544951458939,0.10732421256621336,0.0,0.10732421256621336,0.10732421256621336,0.10732421256621336,0.10732421256621336,0.10732421256621336
torus,missing_at_random,20,k_nearest_neighbors_imputation,1,0.41245376016242535,0.0,0.41245376016242535,0.41245376016242535,0.41245376016242535,0.41245376016242535,0.41245376016242535,0.1603445796720028,0.0,0.1603445796720028,0.1603445796720028,0.1603445796720028,0.1603445796720028,0.1603445796720028
torus,missing_at_random,40,k_nearest_neighbors_imputation,1,0.9737304942017373,0.0,0.9737304942017373,0.9737304942017373,0.9737304942017373,0.9737304942017373,0.9737304942017373,0.539972321482246,0.0,0.539972321482246,0.539972321482246,0.539972321482246,0.539972321482246,0.539972321482246
torus,missing_at_random,25,constant_imputation,1,0.4996456055738902,0.0,0.4996456055738902,0.4996456055738902,0.4996456055738902,0.4996456055738902,0.4996456055738902,0.20943560015261437,0.0,0.20943560015261437,0.20943560015261437,0.20943560015261437,0.20943560015261437,0.20943560015261437
torus,missing_at_random,25,mean_imputation,1,0.8204964376336459,0.0,0.8204964376336459,0.8204964376336459,0.8204964376336459,0.8204964376336459,0.8204964376336459,0.3767426243747967,0.0,0.3767426243747967,0.3767426243747967,0.3767426243747967,0.3767426243747967,0.3767426243747967
torus,missing_at_random,25,median_imputation,1,0.783520053512007,0.0,0.783520053512007,0.783520053512007,0.783520053512007,0.783520053512007,0.783520053512007,0.35790200663305816,0.0,0.35790200663305816,0.35790200663305816,0.35790200663305816,0.35790200663305816,0.35790200663305816
torus,missing_at_random,25,k_nearest_neighbors_imputation,1,0.54290189237526,0.0,0.54290189237526,0.54290189237526,0.54290189237526,0.54290189237526,0.54290189237526,0.23788526742360255,0.0,0.23788526742360255,0.23788526742360255,0.23788526742360255,0.23788526742360255,0.23788526742360255
torus,missing_at_random,25,mice_imputation,1,0.36308085043711263,0.0,0.36308085043711263,0.36308085043711263,0.36308085043711263,0.36308085043711263,0.36308085043711263,0.1289739071713811,0.0,0.1289739071713811,0.1289739071713811,0.1289739071713811,0.1289739071713811,0.1289739071713811
torus,missing_at_random,25,random_forest_imputation,1,0.42221503143357175,0.0,0.42221503143357175,0.42221503143357175,0.42221503143357175,0.42221503143357175,0.42221503143357175,0.1760928241275508,0.0,0.1760928241275508,0.1760928241275508,0.1760928241275508,0.1760928241275508,0.1760928241275508
torus,missing_at_random,25,gain_imputation,1,0.5142579220612393,0.0,0.5142579220612393,0.5142579220612393,0.5142579220612393,0.5142579220612393,0.5142579220612393,0.21960270747124155,0.0,0.21960270747124155,0.21960270747124155,0.21960270747124155,0.21960270747124155,0.21960270747124155
torus,missing_at_random,25,tabcsdi_imputation,1,0.889656761069635,0.0,0.889656761069635,0.889656761069635,0.889656761069635,0.889656761069635,0.889656761069635,0.39036069656976763,0.0,0.39036069656976763,0.39036069656976763,0.39036069656976763,0.39036069656976763,0.39036069656976763
torus,missing_at_random,25,otimpute_imputation,1,0.6748066241771247,0.0,0.6748066241771247,0.6748066241771247,0.6748066241771247,0.6748066241771247,0.6748066241771247,0.2984929180775817,0.0,0.2984929180775817,0.2984929180775817,0.2984929180775817,0.2984929180775817,0.2984929180775817
torus,missing_at_random,30,k_nearest_neighbors_imputation,1,0.6649818662350927,0.0,0.6649818662350927,0.6649818662350927,0.6649818662350927,0.6649818662350927,0.6649818662350927,0.31928028418109794,0.0,0.31928028418109794,0.31928028418109794,0.31928028418109794,0.31928028418109794,0.31928028418109794
torus,missing_not_at_random,1,k_nearest_neighbors_imputation,1,0.030109202282714884,0.0,0.030109202282714884,0.030109202282714884,0.030109202282714884,0.030109202282714884,0.030109202282714884,0.0029446065451305347,0.0,0.0029446065451305347,0.0029446065451305347,0.0029446065451305347,0.0029446065451305347,0.0029446065451305347
torus,missing_not_at_random,2,k_nearest_neighbors_imputation,1,0.059511235308585785,0.0,0.059511235308585785,0.059511235308585785,0.059511235308585785,0.059511235308585785,0.059511235308585785,0.00821667270326964,0.0,0.00821667270326964,0.00821667270326964,0.00821667270326964,0.00821667270326964,0.00821667270326964
torus,missing_not_at_random,3,k_nearest_neighbors_imputation,1,0.09138231303073309,0.0,0.09138231303073309,0.09138231303073309,0.09138231303073309,0.09138231303073309,0.09138231303073309,0.015492754352387623,0.0,0.015492754352387623,0.015492754352387623,0.015492754352387623,0.015492754352387623,0.015492754352387623
torus,missing_not_at_random,4,k_nearest_neighbors_imputation,1,0.1188025408553528,0.0,0.1188025408553528,0.1188025408553528,0.1188025408553528,0.1188025408553528,0.1188025408553528,0.02306229209722584,0.0,0.02306229209722584,0.02306229209722584,0.02306229209722584,0.02306229209722584,0.02306229209722584
torus,missing_not_at_random,5,constant_imputation,1,0.37846856495123343,0.0,0.37846856495123343,0.37846856495123343,0.37846856495123343,0.37846856495123343,0.37846856495123343,0.08415493937854643,0.0,0.08415493937854643,0.08415493937854643,0.08415493937854643,0.08415493937854643,0.08415493937854643
torus,missing_not_at_random,5,mean_imputation,1,0.4200904308873081,0.0,0.4200904308873081,0.4200904308873081,0.4200904308873081,0.4200904308873081,0.4200904308873081,0.09350548819838492,0.0,0.09350548819838492,0.09350548819838492,0.09350548819838492,0.09350548819838492,0.09350548819838492
torus,missing_not_at_random,5,median_imputation,1,0.4157795901630359,0.0,0.4157795901630359,0.4157795901630359,0.4157795901630359,0.4157795901630359,0.4157795901630359,0.0925233635353419,0.0,0.0925233635353419,0.0925233635353419,0.0925233635353419,0.0925233635353419,0.0925233635353419
torus,missing_not_at_random,5,k_nearest_neighbors_imputation,1,0.14763812276152852,0.0,0.14763812276152852,0.14763812276152852,0.14763812276152852,0.14763812276152852,0.14763812276152852,0.03187606755431924,0.0,0.03187606755431924,0.03187606755431924,0.03187606755431924,0.03187606755431924,0.03187606755431924
torus,missing_not_at_random,5,mice_imputation,1,0.08687324500283333,0.0,0.08687324500283333,0.08687324500283333,0.08687324500283333,0.08687324500283333,0.08687324500283333,0.017253235437412657,0.0,0.017253235437412657,0.017253235437412657,0.017253235437412657,0.017253235437412657,0.017253235437412657
torus,missing_not_at_random,5,random_forest_imputation,1,0.08693318633568038,0.0,0.08693318633568038,0.08693318633568038,0.08693318633568038,0.08693318633568038,0.08693318633568038,0.017555264281451873,0.0,0.017555264281451873,0.017555264281451873,0.017555264281451873,0.017555264281451873,0.017555264281451873
torus,missing_not_at_random,5,gain_imputation,1,0.1173919830750262,0.0,0.1173919830750262,0.1173919830750262,0.1173919830750262,0.1173919830750262,0.1173919830750262,0.02526558596075717,0.0,0.02526558596075717,0.02526558596075717,0.02526558596075717,0.02526558596075717,0.02526558596075717
torus,missing_not_at_random,5,tabcsdi_imputation,1,0.4712042305512318,0.0,0.4712042305512318,0.4712042305512318,0.4712042305512318,0.4712042305512318,0.4712042305512318,0.09498307741953549,0.0,0.09498307741953549,0.09498307741953549,0.09498307741953549,0.09498307741953549,0.09498307741953549
torus,missing_not_at_random,5,otimpute_imputation,1,0.21522359764832535,0.0,0.21522359764832535,0.21522359764832535,0.21522359764832535,0.21522359764832535,0.21522359764832535,0.04680449653344843,0.0,0.04680449653344843,0.04680449653344843,0.04680449653344843,0.04680449653344843,0.04680449653344843
torus,missing_not_at_random,8,k_nearest_neighbors_imputation,1,0.2140120987703799,0.0,0.2140120987703799,0.2140120987703799,0.2140120987703799,0.2140120987703799,0.2140120987703799,0.05731169409347828,0.0,0.05731169409347828,0.05731169409347828,0.05731169409347828,0.05731169409347828,0.05731169409347828
torus,missing_not_at_random,10,constant_imputation,1,0.45975199537877803,0.0,0.45975199537877803,0.45975199537877803,0.45975199537877803,0.45975199537877803,0.45975199537877803,0.14186895225127577,0.0,0.14186895225127577,0.14186895225127577,0.14186895225127577,0.14186895225127577,0.14186895225127577
torus,missing_not_at_random,10,mean_imputation,1,0.5697325037737061,0.0,0.5697325037737061,0.5697325037737061,0.5697325037737061,0.5697325037737061,0.5697325037737061,0.1773361903140947,0.0,0.1773361903140947,0.1773361903140947,0.1773361903140947,0.1773361903140947,0.1773361903140947
torus,missing_not_at_random,10,median_imputation,1,0.5592995549154665,0.0,0.5592995549154665,0.5592995549154665,0.5592995549154665,0.5592995549154665,0.5592995549154665,0.17388451532706675,0.0,0.17388451532706675,0.17388451532706675,0.17388451532706675,0.17388451532706675,0.17388451532706675
torus,missing_not_at_random,10,k_nearest_neighbors_imputation,1,0.26194995212349226,0.0,0.26194995212349226,0.26194995212349226,0.26194995212349226,0.26194995212349226,0.26194995212349226,0.07762077652348569,0.0,0.07762077652348569,0.07762077652348569,0.07762077652348569,0.07762077652348569,0.07762077652348569
torus,missing_not_at_random,10,mice_imputation,1,0.1989598442095008,0.0,0.1989598442095008,0.1989598442095008,0.1989598442095008,0.1989598442095008,0.1989598442095008,0.05427258179575474,0.0,0.05427258179575474,0.05427258179575474,0.05427258179575474,0.05427258179575474,0.05427258179575474
torus,missing_not_at_random,10,random_forest_imputation,1,0.21600909138503072,0.0,0.21600909138503072,0.21600909138503072,0.21600909138503072,0.21600909138503072,0.21600909138503072,0.060057451851945554,0.0,0.060057451851945554,0.060057451851945554,0.060057451851945554,0.060057451851945554,0.060057451851945554
torus,missing_not_at_random,10,gain_imputation,1,0.27625180487455886,0.0,0.27625180487455886,0.27625180487455886,0.27625180487455886,0.27625180487455886,0.27625180487455886,0.07971913919269637,0.0,0.07971913919269637,0.07971913919269637,0.07971913919269637,0.07971913919269637,0.07971913919269637
torus,missing_not_at_random,10,tabcsdi_imputation,1,0.6579487861736936,0.0,0.6579487861736936,0.6579487861736936,0.6579487861736936,0.6579487861736936,0.6579487861736936,0.19029926263173735,0.0,0.19029926263173735,0.19029926263173735,0.19029926263173735,0.19029926263173735,0.19029926263173735
torus,missing_not_at_random,10,otimpute_imputation,1,0.3537552021952722,0.0,0.3537552021952722,0.3537552021952722,0.3537552021952722,0.3537552021952722,0.3537552021952722,0.10594530260892959,0.0,0.10594530260892959,0.10594530260892959,0.10594530260892959,0.10594530260892959,0.10594530260892959
torus,missing_not_at_random,6,k_nearest_neighbors_imputation,1,0.17286068276147784,0.0,0.17286068276147784,0.17286068276147784,0.17286068276147784,0.17286068276147784,0.17286068276147784,0.040525148193712904,0.0,0.040525148193712904,0.040525148193712904,0.040525148193712904,0.040525148193712904,0.040525148193712904
torus,missing_not_at_random,15,k_nearest_neighbors_imputation,1,0.33765778192266377,0.0,0.33765778192266377,0.33765778192266377,0.33765778192266377,0.33765778192266377,0.33765778192266377,0.11759155865307702,0.0,0.11759155865307702,0.11759155865307702,0.11759155865307702,0.11759155865307702,0.11759155865307702
torus,missing_not_at_random,20,k_nearest_neighbors_imputation,1,0.4534953046549254,0.0,0.4534953046549254,0.4534953046549254,0.4534953046549254,0.4534953046549254,0.4534953046549254,0.18295451209166502,0.0,0.18295451209166502,0.18295451209166502,0.18295451209166502,0.18295451209166502,0.18295451209166502
torus,missing_not_at_random,25,constant_imputation,1,0.5012200731392671,0.0,0.5012200731392671,0.5012200731392671,0.5012200731392671,0.5012200731392671,0.5012200731392671,0.20874886466585518,0.0,0.20874886466585518,0.20874886466585518,0.20874886466585518,0.20874886466585518,0.20874886466585518
torus,missing_not_at_random,25,mean_imputation,1,0.8796907493306043,0.0,0.8796907493306043,0.8796907493306043,0.8796907493306043,0.8796907493306043,0.8796907493306043,0.4173102938437861,0.0,0.4173102938437861,0.4173102938437861,0.4173102938437861,0.4173102938437861,0.4173102938437861
torus,missing_not_at_random,25,median_imputation,1,0.8277399700750682,0.0,0.8277399700750682,0.8277399700750682,0.8277399700750682,0.8277399700750682,0.8277399700750682,0.389802793539406,0.0,0.389802793539406,0.389802793539406,0.389802793539406,0.389802793539406,0.389802793539406
torus,missing_not_at_random,25,k_nearest_neighbors_imputation,1,0.6014988036106897,0.0,0.6014988036106897,0.6014988036106897,0.6014988036106897,0.6014988036106897,0.6014988036106897,0.27195538318749163,0.0,0.27195538318749163,0.27195538318749163,0.27195538318749163,0.27195538318749163,0.27195538318749163
torus,missing_not_at_random,25,mice_imputation,1,0.5191755718244356,0.0,0.5191755718244356,0.5191755718244356,0.5191755718244356,0.5191755718244356,0.5191755718244356,0.21919740498517945,0.0,0.21919740498517945,0.21919740498517945,0.21919740498517945,0.21919740498517945,0.21919740498517945
torus,missing_not_at_random,25,random_forest_imputation,1,0.5587146536694994,0.0,0.5587146536694994,0.5587146536694994,0.5587146536694994,0.5587146536694994,0.5587146536694994,0.24389251041179874,0.0,0.24389251041179874,0.24389251041179874,0.24389251041179874,0.24389251041179874,0.24389251041179874
torus,missing_not_at_random,25,gain_imputation,1,0.7667859002177133,0.0,0.7667859002177133,0.7667859002177133,0.7667859002177133,0.7667859002177133,0.7667859002177133,0.31810684185979354,0.0,0.31810684185979354,0.31810684185979354,0.31810684185979354,0.31810684185979354,0.31810684185979354
torus,missing_not_at_random,25,tabcsdi_imputation,1,0.9310425846973891,0.0,0.9310425846973891,0.9310425846973891,0.9310425846973891,0.9310425846973891,0.9310425846973891,0.4210386593412978,0.0,0.4210386593412978,0.4210386593412978,0.4210386593412978,0.4210386593412978,0.4210386593412978
torus,missing_not_at_random,25,otimpute_imputation,1,0.7275126551613068,0.0,0.7275126551613068,0.7275126551613068,0.7275126551613068,0.7275126551613068,0.7275126551613068,0.3315944201018262,0.0,0.3315944201018262,0.3315944201018262,0.3315944201018262,0.3315944201018262,0.3315944201018262
torus,missing_not_at_random,30,k_nearest_neighbors_imputation,1,0.7510964701028394,0.0,0.7510964701028394,0.7510964701028394,0.7510964701028394,0.7510964701028394,0.7510964701028394,0.3721737209022449,0.0,0.3721737209022449,0.3721737209022449,0.3721737209022449,0.3721737209022449,0.3721737209022449
torus,missing_not_at_random,40,k_nearest_neighbors_imputation,1,1.081598114266271,0.0,1.081598114266271,1.081598114266271,1.081598114266271,1.081598114266271,1.081598114266271,0.618975604758453,0.0,0.618975604758453,0.618975604758453,0.618975604758453,0.618975604758453,0.618975604758453
swiss_roll,missing_completely_at_random,1,k_nearest_neighbors_imputation,1,0.008876286779759475,0.0,0.008876286779759475,0.008876286779759475,0.008876286779759475,0.008876286779759475,0.008876286779759475,0.0005796121633560964,0.0,0.0005796121633560964,0.0005796121633560964,0.0005796121633560964,0.0005796121633560964,0.0005796121633560964
swiss_roll,missing_completely_at_random,2,k_nearest_neighbors_imputation,1,0.012430589680939073,0.0,0.012430589680939073,0.012430589680939073,0.012430589680939073,0.012430589680939073,0.012430589680939073,0.0011424228801669577,0.0,0.0011424228801669577,0.0011424228801669577,0.0011424228801669577,0.0011424228801669577,0.0011424228801669577
swiss_roll,missing_completely_at_random,3,k_nearest_neighbors_imputation,1,0.015899718775978573,0.0,0.015899718775978573,0.015899718775978573,0.015899718775978573,0.015899718775978573,0.015899718775978573,0.0017759739110186153,0.0,0.0017759739110186153,0.0017759739110186153,0.0017759739110186153,0.0017759739110186153,0.0017759739110186153
swiss_roll,missing_completely_at_random,4,k_nearest_neighbors_imputation,1,0.018013091291738483,0.0,0.018013091291738483,0.018013091291738483,0.018013091291738483,0.018013091291738483,0.018013091291738483,0.0023231405964576415,0.0,0.0023231405964576415,0.0023231405964576415,0.0023231405964576415,0.0023231405964576415,0.0023231405964576415
swiss_roll,missing_completely_at_random,5,constant_imputation,1,0.21985226833482208,0.0,0.21985226833482208,0.21985226833482208,0.21985226833482208,0.21985226833482208,0.21985226833482208,0.0414830576007865,0.0,0.0414830576007865,0.0414830576007865,0.0414830576007865,0.0414830576007865,0.0414830576007865
swiss_roll,missing_completely_at_random,5,mean_imputation,1,0.22002514401168133,0.0,0.22002514401168133,0.22002514401168133,0.22002514401168133,0.22002514401168133,0.22002514401168133,0.04152664416594076,0.0,0.04152664416594076,0.04152664416594076,0.04152664416594076,0.04152664416594076,0.04152664416594076
swiss_roll,missing_completely_at_random,5,median_imputation,1,0.22179547720225518,0.0,0.22179547720225518,0.22179547720225518,0.22179547720225518,0.22179547720225518,0.22179547720225518,0.041329201859777245,0.0,0.041329201859777245,0.041329201859777245,0.041329201859777245,0.041329201859777245,0.041329201859777245
swiss_roll,missing_completely_at_random,5,k_nearest_neighbors_imputation,1,0.021012297049623308,0.0,0.021012297049623308,0.021012297049623308,0.021012297049623308,0.021012297049623308,0.021012297049623308,0.002982152345031072,0.0,0.002982152345031072,0.002982152345031072,0.002982152345031072,0.002982152345031072,0.002982152345031072
swiss_roll,missing_completely_at_random,5,mice_imputation,9,0.007543459144156219,0.0006166220361943024,0.007543722021715775,0.007047269605232364,0.007736554063450143,0.007069481489048861,0.008017436799263577,0.0011585723933899756,4.571438430401899e-05,0.001181887603605338,0.0011130610075685296,0.0011913629477224939,0.0011234332069755156,0.0011937115798044357
swiss_roll,missing_completely_at_random,5,random_forest_imputation,9,0.008302121209469318,0.0009671694429903944,0.008257856799234466,0.007656576405069847,0.008886870699493328,0.007558688964476331,0.009045553454462304,0.0012138756895649528,0.0001159537317464712,0.0012161375960675486,0.0011544592038635673,0.0013059385367656944,0.001124745761265047,0.0013030056178648585
swiss_roll,missing_completely_at_random,5,gain_imputation,9,0.024192560776012742,0.0031302061527890466,0.023115146425344863,0.022401219584793963,0.023298738744312267,0.021786471331888387,0.026598650220137098,0.004073792880117678,0.0005590814763947712,0.0038511314623602255,0.0037520614699441198,0.004013052824478744,0.0036440448146235474,0.004503540945611809
swiss_roll,missing_completely_at_random,5,tabcsdi_imputation,9,0.08574726351075058,0.11786923042353288,0.028073122680959704,0.02497161537407042,0.03152282283959885,-0.0048550474125825804,0.17634957443408375,0.014828046784101866,0.02066373242995065,0.004783457700074478,0.0042177679652097965,0.0050597080274667255,-0.0010555040266376752,0.030711597594841406
swiss_roll,missing_completely_at_random,5,otimpute_imputation,9,0.04906176044859859,0.0023483177655794535,0.04878130916500534,0.047470234181485854,0.050929160648750735,0.04725668362253205,0.050866837274665136,0.008557301479375893,0.00039071260627919583,0.008496465757456356,0.008240696661786198,0.00883913087328792,0.00825697318412382,0.008857629774627966
swiss_roll,missing_completely_at_random,8,k_nearest_neighbors_imputation,1,0.030212536873615255,0.0,0.030212536873615255,0.030212536873615255,0.030212536873615255,0.030212536873615255,0.030212536873615255,0.005421416244648845,0.0,0.005421416244648845,0.005421416244648845,0.005421416244648845,0.005421416244648845,0.005421416244648845
swiss_roll,missing_completely_at_random,6,k_nearest_neighbors_imputation,1,0.025457940990809533,0.0,0.025457940990809533,0.025457940990809533,0.025457940990809533,0.025457940990809533,0.025457940990809533,0.003942498890420117,0.0,0.003942498890420117,0.003942498890420117,0.003942498890420117,0.003942498890420117,0.003942498890420117
swiss_roll,missing_completely_at_random,15,k_nearest_neighbors_imputation,1,0.045769893667132945,0.0,0.045769893667132945,0.045769893667132945,0.045769893667132945,0.045769893667132945,0.045769893667132945,0.011549189878449937,0.0,0.011549189878449937,0.011549189878449937,0.011549189878449937,0.011549189878449937,0.011549189878449937
swiss_roll,missing_completely_at_random,10,constant_imputation,1,0.3152410083542955,0.0,0.3152410083542955,0.3152410083542955,0.3152410083542955,0.3152410083542955,0.3152410083542955,0.08422120679492268,0.0,0.08422120679492268,0.08422120679492268,0.08422120679492268,0.08422120679492268,0.08422120679492268
swiss_roll,missing_completely_at_random,10,mean_imputation,1,0.3156066395290761,0.0,0.3156066395290761,0.3156066395290761,0.3156066395290761,0.3156066395290761,0.3156066395290761,0.08432573768893693,0.0,0.08432573768893693,0.08432573768893693,0.08432573768893693,0.08432573768893693,0.08432573768893693
swiss_roll,missing_completely_at_random,10,median_imputation,1,0.31797230357937833,0.0,0.31797230357937833,0.31797230357937833,0.31797230357937833,0.31797230357937833,0.31797230357937833,0.08396289805669985,0.0,0.08396289805669985,0.08396289805669985,0.08396289805669985,0.08396289805669985,0.08396289805669985
swiss_roll,missing_completely_at_random,10,k_nearest_neighbors_imputation,1,0.03546922448030886,0.0,0.03546922448030886,0.03546922448030886,0.03546922448030886,0.03546922448030886,0.03546922448030886,0.007050998129495495,0.0,0.007050998129495495,0.007050998129495495,0.007050998129495495,0.007050998129495495,0.007050998129495495
swiss_roll,missing_completely_at_random,10,mice_imputation,9,0.011943484217216022,0.000627677584576846,0.011771694813780226,0.01152823806743834,0.012031877428733054,0.011461008515346299,0.012425959919085745,0.0026637454854649845,6.973047661462438e-05,0.00265231915273377,0.002627018657034664,0.0027097497877359928,0.0026101458963239577,0.0027173450746060114
swiss_roll,missing_completely_at_random,10,random_forest_imputation,9,0.013049088917172987,0.0016397088038162294,0.013421539399630969,0.012257748479209199,0.01399914941704563,0.011788697156462687,0.014309480677883287,0.0026951037757505696,0.0002816794815972497,0.0027776900404625827,0.002544756386687753,0.002884153022827627,0.0024785857592954283,0.002911621792205711
swiss_roll,missing_completely_at_random,10,gain_imputation,9,0.03110449573192284,0.0012121829573581292,0.03159076242088791,0.02972952000718555,0.03202140625164566,0.030172729427825555,0.03203626203602013,0.007509534254539627,0.00030706500115152335,0.007682480069900277,0.0071793476227259645,0.007763658612833179,0.007273503200395666,0.0077455653086835885
swiss_roll,missing_completely_at_random,10,tabcsdi_imputation,9,0.12536363131087852,0.17078806299521723,0.03850463360356049,0.03607339542920447,0.05106097735412418,-0.005915695192614978,0.256642957814372,0.030544716244633792,0.04209015295601619,0.009144480451879279,0.00852103364997493,0.01211778713964967,-0.0018086393446826027,0.06289807183395019
swiss_roll,missing_completely_at_random,10,otimpute_imputation,9,0.073235787047995,0.0032195152797239567,0.07455818209350658,0.0710853478517882,0.07523925612116773,0.07076104853186285,0.07571052556412713,0.018038392563031025,0.0007720241156775414,0.018162371203684684,0.017780020740140016,0.018509817715360626,0.017444962295287775,0.018631822830774275
swiss_roll,missing_completely_at_random,20,k_nearest_neighbors_imputation,1,0.05812198591033555,0.0,0.05812198591033555,0.05812198591033555,0.05812198591033555,0.05812198591033555,0.05812198591033555,0.017463079791546963,0.0,0.017463079791546963,0.017463079791546963,0.017463079791546963,0.017463079791546963,0.017463079791546963
swiss_roll,missing_completely_at_random,30,k_nearest_neighbors_imputation,1,0.09111891163852616,0.0,0.09111891163852616,0.09111891163852616,0.09111891163852616,0.09111891163852616,0.09111891163852616,0.035944438104400345,0.0,0.035944438104400345,0.035944438104400345,0.035944438104400345,0.035944438104400345,0.035944438104400345
swiss_roll,missing_completely_at_random,25,constant_imputation,1,0.4928381702002557,0.0,0.4928381702002557,0.4928381702002557,0.4928381702002557,0.4928381702002557,0.4928381702002557,0.20775142705325655,0.0,0.20775142705325655,0.20775142705325655,0.20775142705325655,0.20775142705325655,0.20775142705325655
swiss_roll,missing_completely_at_random,25,mean_imputation,1,0.49356943813887255,0.0,0.49356943813887255,0.49356943813887255,0.49356943813887255,0.49356943813887255,0.49356943813887255,0.20825365256990488,0.0,0.20825365256990488,0.20825365256990488,0.20825365256990488,0.20825365256990488,0.20825365256990488
swiss_roll,missing_completely_at_random,25,median_imputation,1,0.4964360924775416,0.0,0.4964360924775416,0.4964360924775416,0.4964360924775416,0.4964360924775416,0.4964360924775416,0.20654603012725706,0.0,0.20654603012725706,0.20654603012725706,0.20654603012725706,0.20654603012725706,0.20654603012725706
swiss_roll,missing_completely_at_random,25,k_nearest_neighbors_imputation,1,0.07406552058380783,0.0,0.07406552058380783,0.07406552058380783,0.07406552058380783,0.07406552058380783,0.07406552058380783,0.025755742895495825,0.0,0.025755742895495825,0.025755742895495825,0.025755742895495825,0.025755742895495825,0.025755742895495825
swiss_roll,missing_completely_at_random,25,mice_imputation,9,0.03035572311088934,0.002411538781620636,0.030672422642446774,0.028662717688318486,0.031243071126822477,0.028502050310015205,0.03220939591176347,0.010564937638021786,0.0003794311166883497,0.010550830548698301,0.010322622907050088,0.010876474443639867,0.010273281063318963,0.01085659421272461
swiss_roll,missing_completely_at_random,25,random_forest_imputation,9,0.03065324550654554,0.0027648288043952015,0.031328067653591724,0.029892063575197834,0.03240897485773671,0.02852800995452323,0.03277848105856785,0.010072577945705763,0.0008786855097968764,0.010236630443946314,0.01006199917105078,0.010642787998770706,0.00939716047266057,0.010747995418750956
swiss_roll,missing_completely_at_random,25,gain_imputation,9,0.054137991146932976,0.002826391758374916,0.054428022299989894,0.053430518577700585,0.05526495000548969,0.05196543411942647,0.056310548174439486,0.020982721670406237,0.0014095535453885783,0.021013182583632644,0.020224763510906504,0.021981421326667073,0.01989924290225365,0.022066200438558822
swiss_roll,missing_completely_at_random,25,tabcsdi_imputation,9,0.46035308670126085,0.2942298082804891,0.6424794884872655,0.08751676025318812,0.669939753472307,0.23418803516954856,0.6865181382329731,0.17864255883978922,0.11528449671949759,0.24908134850029073,0.032096074982769826,0.26127690670539955,0.09002705011975838,0.26725806755982007
swiss_roll,missing_completely_at_random,25,otimpute_imputation,9,0.14561256812710516,0.008556194374330655,0.14460164012592397,0.13781838547537015,0.15521218138682696,0.13903569492416612,0.1521894413300442,0.057044178473735455,0.0031044636720969116,0.0573495067709875,0.05389180709900994,0.06039607949324294,0.054657876451919926,0.05943048049555098
swiss_roll,missing_completely_at_random,40,k_nearest_neighbors_imputation,1,0.16012985363221355,0.0,0.16012985363221355,0.16012985363221355,0.16012985363221355,0.16012985363221355,0.16012985363221355,0.07776548550403373,0.0,0.07776548550403373,0.07776548550403373,0.07776548550403373,0.07776548550403373,0.07776548550403373
swiss_roll,missing_at_random,1,k_nearest_neighbors_imputation,1,0.03868577710270702,0.0,0.03868577710270702,0.03868577710270702,0.03868577710270702,0.03868577710270702,0.03868577710270702,0.0033381223938706867,0.0,0.0033381223938706867,0.0033381223938706867,0.0033381223938706867,0.0033381223938706867,0.0033381223938706867
swiss_roll,missing_at_random,4,k_nearest_neighbors_imputation,1,0.10035851765218491,0.0,0.10035851765218491,0.10035851765218491,0.10035851765218491,0.10035851765218491,0.10035851765218491,0.017499549563188232,0.0,0.017499549563188232,0.017499549563188232,0.017499549563188232,0.017499549563188232,0.017499549563188232
swiss_roll,missing_at_random,3,k_nearest_neighbors_imputation,1,0.08210118271709482,0.0,0.08210118271709482,0.08210118271709482,0.08210118271709482,0.08210118271709482,0.08210118271709482,0.012264523681575264,0.0,0.012264523681575264,0.012264523681575264,0.012264523681575264,0.012264523681575264,0.012264523681575264
swiss_roll,missing_at_random,2,k_nearest_neighbors_imputation,1,0.061378074458804194,0.0,0.061378074458804194,0.061378074458804194,0.061378074458804194,0.061378074458804194,0.061378074458804194,0.007503431295170195,0.0,0.007503431295170195,0.007503431295170195,0.007503431295170195,0.007503431295170195,0.007503431295170195
swiss_roll,missing_at_random,5,constant_imputation,1,0.3517505257403139,0.0,0.3517505257403139,0.3517505257403139,0.3517505257403139,0.3517505257403139,0.3517505257403139,0.07603223520973368,0.0,0.07603223520973368,0.07603223520973368,0.07603223520973368,0.07603223520973368,0.07603223520973368
swiss_roll,missing_at_random,5,mean_imputation,1,0.38919757357916085,0.0,0.38919757357916085,0.38919757357916085,0.38919757357916085,0.38919757357916085,0.38919757357916085,0.08420502760173096,0.0,0.08420502760173096,0.08420502760173096,0.08420502760173096,0.08420502760173096,0.08420502760173096
swiss_roll,missing_at_random,5,median_imputation,1,0.39413877659912533,0.0,0.39413877659912533,0.39413877659912533,0.39413877659912533,0.39413877659912533,0.39413877659912533,0.08513830016186094,0.0,0.08513830016186094,0.08513830016186094,0.08513830016186094,0.08513830016186094,0.08513830016186094
swiss_roll,missing_at_random,5,k_nearest_neighbors_imputation,1,0.11918802246755593,0.0,0.11918802246755593,0.11918802246755593,0.11918802246755593,0.11918802246755593,0.11918802246755593,0.02360988020319672,0.0,0.02360988020319672,0.02360988020319672,0.02360988020319672,0.02360988020319672,0.02360988020319672
swiss_roll,missing_at_random,5,mice_imputation,1,0.060989093875710214,0.0,0.060989093875710214,0.060989093875710214,0.060989093875710214,0.060989093875710214,0.060989093875710214,0.009063950147427266,0.0,0.009063950147427266,0.009063950147427266,0.009063950147427266,0.009063950147427266,0.009063950147427266
swiss_roll,missing_at_random,5,random_forest_imputation,1,0.06428353243640912,0.0,0.06428353243640912,0.06428353243640912,0.06428353243640912,0.06428353243640912,0.06428353243640912,0.011037067382074623,0.0,0.011037067382074623,0.011037067382074623,0.011037067382074623,0.011037067382074623,0.011037067382074623
swiss_roll,missing_at_random,5,gain_imputation,1,0.07918633900963223,0.0,0.07918633900963223,0.07918633900963223,0.07918633900963223,0.07918633900963223,0.07918633900963223,0.0151403650896381,0.0,0.0151403650896381,0.0151403650896381,0.0151403650896381,0.0151403650896381,0.0151403650896381
swiss_roll,missing_at_random,5,tabcsdi_imputation,1,0.4434615757117725,0.0,0.4434615757117725,0.4434615757117725,0.4434615757117725,0.4434615757117725,0.4434615757117725,0.08505398330830649,0.0,0.08505398330830649,0.08505398330830649,0.08505398330830649,0.08505398330830649,0.08505398330830649
swiss_roll,missing_at_random,5,otimpute_imputation,1,0.1974655542905527,0.0,0.1974655542905527,0.1974655542905527,0.1974655542905527,0.1974655542905527,0.1974655542905527,0.04159379861541396,0.0,0.04159379861541396,0.04159379861541396,0.04159379861541396,0.04159379861541396,0.04159379861541396
swiss_roll,missing_at_random,6,k_nearest_neighbors_imputation,1,0.13939297681768242,0.0,0.13939297681768242,0.13939297681768242,0.13939297681768242,0.13939297681768242,0.13939297681768242,0.030544134545624293,0.0,0.030544134545624293,0.030544134545624293,0.030544134545624293,0.030544134545624293,0.030544134545624293
swiss_roll,missing_at_random,10,constant_imputation,1,0.4410501481478683,0.0,0.4410501481478683,0.4410501481478683,0.4410501481478683,0.4410501481478683,0.4410501481478683,0.1334984072174497,0.0,0.1334984072174497,0.1334984072174497,0.1334984072174497,0.1334984072174497,0.1334984072174497
swiss_roll,missing_at_random,10,mean_imputation,1,0.5432666295533944,0.0,0.5432666295533944,0.5432666295533944,0.5432666295533944,0.5432666295533944,0.5432666295533944,0.16561119933159002,0.0,0.16561119933159002,0.16561119933159002,0.16561119933159002,0.16561119933159002,0.16561119933159002
swiss_roll,missing_at_random,10,median_imputation,1,0.5421280267641603,0.0,0.5421280267641603,0.5421280267641603,0.5421280267641603,0.5421280267641603,0.5421280267641603,0.1650697301794354,0.0,0.1650697301794354,0.1650697301794354,0.1650697301794354,0.1650697301794354,0.1650697301794354
swiss_roll,missing_at_random,10,k_nearest_neighbors_imputation,1,0.2266869974421445,0.0,0.2266869974421445,0.2266869974421445,0.2266869974421445,0.2266869974421445,0.2266869974421445,0.06485719590569311,0.0,0.06485719590569311,0.06485719590569311,0.06485719590569311,0.06485719590569311,0.06485719590569311
swiss_roll,missing_at_random,10,mice_imputation,1,0.1353179045503863,0.0,0.1353179045503863,0.1353179045503863,0.1353179045503863,0.1353179045503863,0.1353179045503863,0.03157898914689001,0.0,0.03157898914689001,0.03157898914689001,0.03157898914689001,0.03157898914689001,0.03157898914689001
swiss_roll,missing_at_random,10,random_forest_imputation,1,0.16063581137131588,0.0,0.16063581137131588,0.16063581137131588,0.16063581137131588,0.16063581137131588,0.16063581137131588,0.04263783283685294,0.0,0.04263783283685294,0.04263783283685294,0.04263783283685294,0.04263783283685294,0.04263783283685294
swiss_roll,missing_at_random,10,gain_imputation,1,0.3410833972553397,0.0,0.3410833972553397,0.3410833972553397,0.3410833972553397,0.3410833972553397,0.3410833972553397,0.08246991758397364,0.0,0.08246991758397364,0.08246991758397364,0.08246991758397364,0.08246991758397364,0.08246991758397364
swiss_roll,missing_at_random,10,tabcsdi_imputation,1,0.08581117989339207,0.0,0.08581117989339207,0.08581117989339207,0.08581117989339207,0.08581117989339207,0.08581117989339207,0.022223841871046153,0.0,0.022223841871046153,0.022223841871046153,0.022223841871046153,0.022223841871046153,0.022223841871046153
swiss_roll,missing_at_random,10,otimpute_imputation,1,0.3493662524480252,0.0,0.3493662524480252,0.3493662524480252,0.3493662524480252,0.3493662524480252,0.3493662524480252,0.1030029795292822,0.0,0.1030029795292822,0.1030029795292822,0.1030029795292822,0.1030029795292822,0.1030029795292822
swiss_roll,missing_at_random,25,constant_imputation,1,0.509792757973997,0.0,0.509792757973997,0.509792757973997,0.509792757973997,0.509792757973997,0.509792757973997,0.21355908659259595,0.0,0.21355908659259595,0.21355908659259595,0.21355908659259595,0.21355908659259595,0.21355908659259595
swiss_roll,missing_at_random,25,mean_imputation,1,0.8491960485443791,0.0,0.8491960485443791,0.8491960485443791,0.8491960485443791,0.8491960485443791,0.8491960485443791,0.3934117526003066,0.0,0.3934117526003066,0.3934117526003066,0.3934117526003066,0.3934117526003066,0.3934117526003066
swiss_roll,missing_at_random,25,median_imputation,1,0.8199538580996776,0.0,0.8199538580996776,0.8199538580996776,0.8199538580996776,0.8199538580996776,0.8199538580996776,0.37807124857495866,0.0,0.37807124857495866,0.37807124857495866,0.37807124857495866,0.37807124857495866,0.37807124857495866
swiss_roll,missing_at_random,25,k_nearest_neighbors_imputation,1,0.5795024445043565,0.0,0.5795024445043565,0.5795024445043565,0.5795024445043565,0.5795024445043565,0.5795024445043565,0.25271288891408006,0.0,0.25271288891408006,0.25271288891408006,0.25271288891408006,0.25271288891408006,0.25271288891408006
swiss_roll,missing_at_random,25,mice_imputation,1,0.44272310069197013,0.0,0.44272310069197013,0.44272310069197013,0.44272310069197013,0.44272310069197013,0.44272310069197013,0.16907833299748368,0.0,0.16907833299748368,0.16907833299748368,0.16907833299748368,0.16907833299748368,0.16907833299748368
swiss_roll,missing_at_random,25,random_forest_imputation,1,0.4781545079234167,0.0,0.4781545079234167,0.4781545079234167,0.4781545079234167,0.4781545079234167,0.4781545079234167,0.19817843510167554,0.0,0.19817843510167554,0.19817843510167554,0.19817843510167554,0.19817843510167554,0.19817843510167554
swiss_roll,missing_at_random,25,gain_imputation,1,0.633026379638271,0.0,0.633026379638271,0.633026379638271,0.633026379638271,0.633026379638271,0.633026379638271,0.26912565522756277,0.0,0.26912565522756277,0.26912565522756277,0.26912565522756277,0.26912565522756277,0.26912565522756277
swiss_roll,missing_at_random,25,tabcsdi_imputation,1,0.8835818864066843,0.0,0.8835818864066843,0.8835818864066843,0.8835818864066843,0.8835818864066843,0.8835818864066843,0.39486436771875016,0.0,0.39486436771875016,0.39486436771875016,0.39486436771875016,0.39486436771875016,0.39486436771875016
swiss_roll,missing_at_random,25,otimpute_imputation,1,0.7272647536272844,0.0,0.7272647536272844,0.7272647536272844,0.7272647536272844,0.7272647536272844,0.7272647536272844,0.32580637418810654,0.0,0.32580637418810654,0.32580637418810654,0.32580637418810654,0.32580637418810654,0.32580637418810654
swiss_roll,missing_at_random,15,k_nearest_neighbors_imputation,1,0.33666812121050804,0.0,0.33666812121050804,0.33666812121050804,0.33666812121050804,0.33666812121050804,0.33666812121050804,0.11591540662839055,0.0,0.11591540662839055,0.11591540662839055,0.11591540662839055,0.11591540662839055,0.11591540662839055
swiss_roll,missing_at_random,20,k_nearest_neighbors_imputation,1,0.46073754012062906,0.0,0.46073754012062906,0.46073754012062906,0.46073754012062906,0.46073754012062906,0.46073754012062906,0.1812924578620346,0.0,0.1812924578620346,0.1812924578620346,0.1812924578620346,0.1812924578620346,0.1812924578620346
swiss_roll,missing_at_random,8,k_nearest_neighbors_imputation,1,0.1812305377755219,0.0,0.1812305377755219,0.1812305377755219,0.1812305377755219,0.1812305377755219,0.1812305377755219,0.04638104443087813,0.0,0.04638104443087813,0.04638104443087813,0.04638104443087813,0.04638104443087813,0.04638104443087813
swiss_roll,missing_at_random,30,k_nearest_neighbors_imputation,1,0.701005372117889,0.0,0.701005372117889,0.701005372117889,0.701005372117889,0.701005372117889,0.701005372117889,0.3319951900257977,0.0,0.3319951900257977,0.3319951900257977,0.3319951900257977,0.3319951900257977,0.3319951900257977
swiss_roll,missing_at_random,40,k_nearest_neighbors_imputation,1,0.9873888481134216,0.0,0.9873888481134216,0.9873888481134216,0.9873888481134216,0.9873888481134216,0.9873888481134216,0.5425910173728447,0.0,0.5425910173728447,0.5425910173728447,0.5425910173728447,0.5425910173728447,0.5425910173728447
swiss_roll,missing_not_at_random,1,k_nearest_neighbors_imputation,1,0.03606554037266534,0.0,0.03606554037266534,0.03606554037266534,0.03606554037266534,0.03606554037266534,0.03606554037266534,0.0030082331866042766,0.0,0.0030082331866042766,0.0030082331866042766,0.0030082331866042766,0.0030082331866042766,0.0030082331866042766
swiss_roll,missing_not_at_random,2,k_nearest_neighbors_imputation,1,0.06179362974554977,0.0,0.06179362974554977,0.06179362974554977,0.06179362974554977,0.06179362974554977,0.06179362974554977,0.007480819216578988,0.0,0.007480819216578988,0.007480819216578988,0.007480819216578988,0.007480819216578988,0.007480819216578988
swiss_roll,missing_not_at_random,3,k_nearest_neighbors_imputation,1,0.07151586863664723,0.0,0.07151586863664723,0.07151586863664723,0.07151586863664723,0.07151586863664723,0.07151586863664723,0.010386310669408946,0.0,0.010386310669408946,0.010386310669408946,0.010386310669408946,0.010386310669408946,0.010386310669408946
swiss_roll,missing_not_at_random,4,k_nearest_neighbors_imputation,1,0.10754879309305865,0.0,0.10754879309305865,0.10754879309305865,0.10754879309305865,0.10754879309305865,0.10754879309305865,0.019110643238920966,0.0,0.019110643238920966,0.019110643238920966,0.019110643238920966,0.019110643238920966,0.019110643238920966
swiss_roll,missing_not_at_random,5,constant_imputation,1,0.3702676682641252,0.0,0.3702676682641252,0.3702676682641252,0.3702676682641252,0.3702676682641252,0.3702676682641252,0.08239651698306906,0.0,0.08239651698306906,0.08239651698306906,0.08239651698306906,0.08239651698306906,0.08239651698306906
swiss_roll,missing_not_at_random,5,mean_imputation,1,0.4110717170046692,0.0,0.4110717170046692,0.4110717170046692,0.4110717170046692,0.4110717170046692,0.4110717170046692,0.0915516855367434,0.0,0.0915516855367434,0.0915516855367434,0.0915516855367434,0.0915516855367434,0.0915516855367434
swiss_roll,missing_not_at_random,5,median_imputation,1,0.4165570029592955,0.0,0.4165570029592955,0.4165570029592955,0.4165570029592955,0.4165570029592955,0.4165570029592955,0.09262235521757509,0.0,0.09262235521757509,0.09262235521757509,0.09262235521757509,0.09262235521757509,0.09262235521757509
swiss_roll,missing_not_at_random,5,k_nearest_neighbors_imputation,1,0.1146051309736015,0.0,0.1146051309736015,0.1146051309736015,0.1146051309736015,0.1146051309736015,0.1146051309736015,0.022776572161855177,0.0,0.022776572161855177,0.022776572161855177,0.022776572161855177,0.022776572161855177,0.022776572161855177
swiss_roll,missing_not_at_random,5,mice_imputation,1,0.06820636175508246,0.0,0.06820636175508246,0.06820636175508246,0.06820636175508246,0.06820636175508246,0.06820636175508246,0.012203065842040655,0.0,0.012203065842040655,0.012203065842040655,0.012203065842040655,0.012203065842040655,0.012203065842040655
swiss_roll,missing_not_at_random,5,random_forest_imputation,1,0.0698591777042948,0.0,0.0698591777042948,0.0698591777042948,0.0698591777042948,0.0698591777042948,0.0698591777042948,0.012339043543118728,0.0,0.012339043543118728,0.012339043543118728,0.012339043543118728,0.012339043543118728,0.012339043543118728
swiss_roll,missing_not_at_random,5,gain_imputation,1,0.10191037232518117,0.0,0.10191037232518117,0.10191037232518117,0.10191037232518117,0.10191037232518117,0.10191037232518117,0.021367909340487934,0.0,0.021367909340487934,0.021367909340487934,0.021367909340487934,0.021367909340487934,0.021367909340487934
swiss_roll,missing_not_at_random,5,tabcsdi_imputation,1,0.43699058548282044,0.0,0.43699058548282044,0.43699058548282044,0.43699058548282044,0.43699058548282044,0.43699058548282044,0.08609269321715313,0.0,0.08609269321715313,0.08609269321715313,0.08609269321715313,0.08609269321715313,0.08609269321715313
swiss_roll,missing_not_at_random,5,otimpute_imputation,1,0.2062129275961648,0.0,0.2062129275961648,0.2062129275961648,0.2062129275961648,0.2062129275961648,0.2062129275961648,0.04508607366627157,0.0,0.04508607366627157,0.04508607366627157,0.04508607366627157,0.04508607366627157,0.04508607366627157
swiss_roll,missing_not_at_random,6,k_nearest_neighbors_imputation,1,0.15110874330722016,0.0,0.15110874330722016,0.15110874330722016,0.15110874330722016,0.15110874330722016,0.15110874330722016,0.03384376159142337,0.0,0.03384376159142337,0.03384376159142337,0.03384376159142337,0.03384376159142337,0.03384376159142337
swiss_roll,missing_not_at_random,8,k_nearest_neighbors_imputation,1,0.19622039688881537,0.0,0.19622039688881537,0.19622039688881537,0.19622039688881537,0.19622039688881537,0.19622039688881537,0.051262129051475404,0.0,0.051262129051475404,0.051262129051475404,0.051262129051475404,0.051262129051475404,0.051262129051475404
swiss_roll,missing_not_at_random,10,constant_imputation,1,0.46306416414814294,0.0,0.46306416414814294,0.46306416414814294,0.46306416414814294,0.46306416414814294,0.46306416414814294,0.14404263298786937,0.0,0.14404263298786937,0.14404263298786937,0.14404263298786937,0.14404263298786937,0.14404263298786937
swiss_roll,missing_not_at_random,10,mean_imputation,1,0.5756137910781495,0.0,0.5756137910781495,0.5756137910781495,0.5756137910781495,0.5756137910781495,0.5756137910781495,0.1800532912348367,0.0,0.1800532912348367,0.1800532912348367,0.1800532912348367,0.1800532912348367,0.1800532912348367
swiss_roll,missing_not_at_random,10,median_imputation,1,0.5705662814637853,0.0,0.5705662814637853,0.5705662814637853,0.5705662814637853,0.5705662814637853,0.5705662814637853,0.17823791505279576,0.0,0.17823791505279576,0.17823791505279576,0.17823791505279576,0.17823791505279576,0.17823791505279576
swiss_roll,missing_not_at_random,10,k_nearest_neighbors_imputation,1,0.2438107329194506,0.0,0.2438107329194506,0.2438107329194506,0.2438107329194506,0.2438107329194506,0.2438107329194506,0.07253783994091549,0.0,0.07253783994091549,0.07253783994091549,0.07253783994091549,0.07253783994091549,0.07253783994091549
swiss_roll,missing_not_at_random,10,mice_imputation,1,0.1760299659928105,0.0,0.1760299659928105,0.1760299659928105,0.1760299659928105,0.1760299659928105,0.1760299659928105,0.04889201592192814,0.0,0.04889201592192814,0.04889201592192814,0.04889201592192814,0.04889201592192814,0.04889201592192814
swiss_roll,missing_not_at_random,10,random_forest_imputation,1,0.18391957932862601,0.0,0.18391957932862601,0.18391957932862601,0.18391957932862601,0.18391957932862601,0.18391957932862601,0.05109429219500205,0.0,0.05109429219500205,0.05109429219500205,0.05109429219500205,0.05109429219500205,0.05109429219500205
swiss_roll,missing_not_at_random,10,gain_imputation,1,0.42420103980346824,0.0,0.42420103980346824,0.42420103980346824,0.42420103980346824,0.42420103980346824,0.42420103980346824,0.10385081604574936,0.0,0.10385081604574936,0.10385081604574936,0.10385081604574936,0.10385081604574936,0.10385081604574936
swiss_roll,missing_not_at_random,10,tabcsdi_imputation,1,0.6217295222907406,0.0,0.6217295222907406,0.6217295222907406,0.6217295222907406,0.6217295222907406,0.6217295222907406,0.17868323904566152,0.0,0.17868323904566152,0.17868323904566152,0.17868323904566152,0.17868323904566152,0.17868323904566152
swiss_roll,missing_not_at_random,10,otimpute_imputation,1,0.37550136925148075,0.0,0.37550136925148075,0.37550136925148075,0.37550136925148075,0.37550136925148075,0.37550136925148075,0.1140559434879237,0.0,0.1140559434879237,0.1140559434879237,0.1140559434879237,0.1140559434879237,0.1140559434879237
swiss_roll,missing_not_at_random,20,k_nearest_neighbors_imputation,1,0.4828402176971772,0.0,0.4828402176971772,0.4828402176971772,0.4828402176971772,0.4828402176971772,0.4828402176971772,0.19431541175451278,0.0,0.19431541175451278,0.19431541175451278,0.19431541175451278,0.19431541175451278,0.19431541175451278
swiss_roll,missing_not_at_random,15,k_nearest_neighbors_imputation,1,0.3667297090608802,0.0,0.3667297090608802,0.3667297090608802,0.3667297090608802,0.3667297090608802,0.3667297090608802,0.13027539594522594,0.0,0.13027539594522594,0.13027539594522594,0.13027539594522594,0.13027539594522594,0.13027539594522594
swiss_roll,missing_not_at_random,25,constant_imputation,1,0.5069161025739125,0.0,0.5069161025739125,0.5069161025739125,0.5069161025739125,0.5069161025739125,0.5069161025739125,0.21092763095582368,0.0,0.21092763095582368,0.21092763095582368,0.21092763095582368,0.21092763095582368,0.21092763095582368
swiss_roll,missing_not_at_random,25,mean_imputation,1,0.8858617028936112,0.0,0.8858617028936112,0.8858617028936112,0.8858617028936112,0.8858617028936112,0.8858617028936112,0.4193806774505185,0.0,0.4193806774505185,0.4193806774505185,0.4193806774505185,0.4193806774505185,0.4193806774505185
swiss_roll,missing_not_at_random,25,median_imputation,1,0.8519318859037911,0.0,0.8519318859037911,0.8519318859037911,0.8519318859037911,0.8519318859037911,0.8519318859037911,0.401021470295535,0.0,0.401021470295535,0.401021470295535,0.401021470295535,0.401021470295535,0.401021470295535
swiss_roll,missing_not_at_random,25,k_nearest_neighbors_imputation,1,0.6130724713790429,0.0,0.6130724713790429,0.6130724713790429,0.6130724713790429,0.6130724713790429,0.6130724713790429,0.27445179508876233,0.0,0.27445179508876233,0.27445179508876233,0.27445179508876233,0.27445179508876233,0.27445179508876233
swiss_roll,missing_not_at_random,25,mice_imputation,1,0.5365591537817436,0.0,0.5365591537817436,0.5365591537817436,0.5365591537817436,0.5365591537817436,0.5365591537817436,0.22644723160365338,0.0,0.22644723160365338,0.22644723160365338,0.22644723160365338,0.22644723160365338,0.22644723160365338
swiss_roll,missing_not_at_random,25,random_forest_imputation,1,0.6496647170095791,0.0,0.6496647170095791,0.6496647170095791,0.6496647170095791,0.6496647170095791,0.6496647170095791,0.2777203227414246,0.0,0.2777203227414246,0.2777203227414246,0.2777203227414246,0.2777203227414246,0.2777203227414246
swiss_roll,missing_not_at_random,25,gain_imputation,1,0.8291500266359644,0.0,0.8291500266359644,0.8291500266359644,0.8291500266359644,0.8291500266359644,0.8291500266359644,0.33536309784302604,0.0,0.33536309784302604,0.33536309784302604,0.33536309784302604,0.33536309784302604,0.33536309784302604
swiss_roll,missing_not_at_random,25,tabcsdi_imputation,1,0.436130504326667,0.0,0.436130504326667,0.436130504326667,0.436130504326667,0.436130504326667,0.436130504326667,0.18229205788221112,0.0,0.18229205788221112,0.18229205788221112,0.18229205788221112,0.18229205788221112,0.18229205788221112
swiss_roll,missing_not_at_random,25,otimpute_imputation,1,0.7537439141922833,0.0,0.7537439141922833,0.7537439141922833,0.7537439141922833,0.7537439141922833,0.7537439141922833,0.3437828390899524,0.0,0.3437828390899524,0.3437828390899524,0.3437828390899524,0.3437828390899524,0.3437828390899524
swiss_roll,missing_not_at_random,30,k_nearest_neighbors_imputation,1,0.7509467659009504,0.0,0.7509467659009504,0.7509467659009504,0.7509467659009504,0.7509467659009504,0.7509467659009504,0.36699981702007345,0.0,0.36699981702007345,0.36699981702007345,0.36699981702007345,0.36699981702007345,0.36699981702007345
swiss_roll,missing_not_at_random,40,k_nearest_neighbors_imputation,1,1.0548903952317121,0.0,1.0548903952317121,1.0548903952317121,1.0548903952317121,1.0548903952317121,1.0548903952317121,0.5938688211688207,0.0,0.5938688211688207,0.5938688211688207,0.5938688211688207,0.5938688211688207,0.5938688211688207
